id,name,fclass,WKT,lon,lat,:LABEL
1,Sigurd Steniuksen hauta,memorial,Point (24.8752141 60.1889648),24.8752141,60.1889648,POI
2,Lapinlahden L?hde,attraction,Point (24.9131925 60.1675866),24.9131925,60.1675866,POI
3,Pikku Ranska,restaurant,Point (24.8668416 60.2089683),24.8668416,60.2089683,POI
4,Sibelius-monumentti,monument,Point (24.9134171 60.1820272),24.9134171,60.1820272,POI
5,Ravintola Seurasaari,restaurant,Point (24.8833694 60.181183),24.8833694,60.181183,POI
6,Munkkiniemen Apteekki,pharmacy,Point (24.8765878 60.2004403),24.8765878,60.2004403,POI
7,Venesataman kahvila,cafe,Point (24.9919404 60.1865123),24.9919404,60.1865123,POI
8,Hilton Helsinki Strand,hotel,Point (24.9515812 60.177157),24.9515812,60.177157,POI
9,Holiday Inn Helsinki City Centre,hotel,Point (24.9394894 60.1723842),24.9394894,60.1723842,POI
10,Ravintola Hima & Sali,restaurant,Point (24.902444 60.161828),24.902444,60.161828,POI
11,Amsterdam,pub,Point (24.9143167 60.1625836),24.9143167,60.1625836,POI
12,Maya Bar & Grill,restaurant,Point (24.9449953 60.1721106),24.9449953,60.1721106,POI
13,K-Citymarket,supermarket,Point (24.910898 60.1635872),24.910898,60.1635872,POI
14,Ruoholahden apteekki,pharmacy,Point (24.9099552 60.1635083),24.9099552,60.1635083,POI
15,,post_box,Point (24.9196696 60.1740168),24.9196696,60.1740168,POI
16,,post_box,Point (24.9197676 60.1752519),24.9197676,60.1752519,POI
17,Carelia apteekki,pharmacy,Point (24.9230866 60.1794724),24.9230866,60.1794724,POI
18,Omapohja,theatre,Point (24.9444776 60.1725117),24.9444776,60.1725117,POI
19,Scandic Park Helsinki,hotel,Point (24.9279086 60.1789344),24.9279086,60.1789344,POI
20,Helsingin taidehalli,arts_centre,Point (24.9312434 60.1720705),24.9312434,60.1720705,POI
21,Kabuki,restaurant,Point (24.9242236 60.167247),24.9242236,60.167247,POI
22,Punavuoren Ahven,pub,Point (24.9377224 60.1609681),24.9377224,60.1609681,POI
23,Ooster,pub,Point (24.9405697 60.1715498),24.9405697,60.1715498,POI
24,Cafe Java,cafe,Point (24.937518 60.169967),24.937518,60.169967,POI
25,St Urho's Pub,pub,Point (24.9315706 60.1740595),24.9315706,60.1740595,POI
26,Storyville,pub,Point (24.9321979 60.1738472),24.9321979,60.1738472,POI
27,Original Sokos Hotel Presidentti,hotel,Point (24.9326073 60.1705978),24.9326073,60.1705978,POI
28,Rautakautinen kauppakyl?,museum,Point (24.8811047 60.1878883),24.8811047,60.1878883,POI
29,Ravintola Lehtovaara,restaurant,Point (24.9159034 60.1835086),24.9159034,60.1835086,POI
30,Juttutupa,pub,Point (24.9472739 60.178912),24.9472739,60.178912,POI
31,Caf¨¦ Succ¨¨s,cafe,Point (24.9464208 60.1599267),24.9464208,60.1599267,POI
32,Meritalli,pub,Point (24.9121315 60.1776223),24.9121315,60.1776223,POI
33,Albert Edelfelt,artwork,Point (24.9441082 60.1702393),24.9441082,60.1702393,POI
34,Aleksis Kiven muistopatsas,memorial,Point (24.9439197 60.1716831),24.9439197,60.1716831,POI
35,Aleksis Kiven muistopatsas,artwork,Point (24.9439197 60.1716831),24.9439197,60.1716831,POI
36,Elias L?nnrot,memorial,Point (24.9387994 60.1667779),24.9387994,60.1667779,POI
37,Atelj¨¦ Finne,restaurant,Point (24.9285748 60.1710523),24.9285748,60.1710523,POI
38,Laiska Karhu,pub,Point (24.9192024 60.174356),24.9192024,60.174356,POI
39,Merenkulkijoiden ja mereen menehtyneiden muistomerkki,monument,Point (24.9384321 60.1540912),24.9384321,60.1540912,POI
40,McDonald's,fast_food,Point (24.8801151 60.2136891),24.8801151,60.2136891,POI
41,Ky?sti Kallio,memorial,Point (24.9332209 60.1736797),24.9332209,60.1736797,POI
42,Aa Han Thai,restaurant,Point (24.9201499 60.1725874),24.9201499,60.1725874,POI
43,Bar Favela,bar,Point (24.9204769 60.1719895),24.9204769,60.1719895,POI
44,Restaurant & Bar Fusion,restaurant,Point (24.9329201 60.1695291),24.9329201,60.1695291,POI
45,Ravintola P??posti,restaurant,Point (24.9376471 60.1713362),24.9376471,60.1713362,POI
46,Neste Express Helsinki Hermanni,convenience,Point (24.9774996 60.1927327),24.9774996,60.1927327,POI
47,Malja,bar,Point (24.9292836 60.1606889),24.9292836,60.1606889,POI
48,Holiday Inn Helsinki - Messukeskus,hotel,Point (24.9373402 60.201771),24.9373402,60.201771,POI
49,Ratakivi,restaurant,Point (24.9344691 60.2004352),24.9344691,60.2004352,POI
50,,post_box,Point (24.9333956 60.1980951),24.9333956,60.1980951,POI
51,Kotipizza,fast_food,Point (24.9206903 60.1633794),24.9206903,60.1633794,POI
52,Leni's Cafe,restaurant,Point (24.9360668 60.1998398),24.9360668,60.1998398,POI
53,,post_box,Point (24.9370593 60.1992119),24.9370593,60.1992119,POI
54,Nordea,bank,Point (24.9359116 60.1972948),24.9359116,60.1972948,POI
55,Graniittilinna,restaurant,Point (24.9476688 60.1790197),24.9476688,60.1790197,POI
56,Juttutuvan ruokasali,restaurant,Point (24.9474542 60.1789718),24.9474542,60.1789718,POI
57,Paasiravintola,restaurant,Point (24.9475741 60.1785669),24.9475741,60.1785669,POI
58,Roskapankki,pub,Point (24.9517696 60.1867726),24.9517696,60.1867726,POI
59,Pub Josafat,pub,Point (24.9475774 60.1866772),24.9475774,60.1866772,POI
60,Helsing Bar,bar,Point (24.9517632 60.1848357),24.9517632,60.1848357,POI
61,Helkan Baari,bar,Point (24.9271007 60.169785),24.9271007,60.169785,POI
62,Ravintola Sipuli,restaurant,Point (24.9591777 60.168829),24.9591777,60.168829,POI
63,Johan Ludvig,restaurant,Point (24.9291254 60.1678064),24.9291254,60.1678064,POI
64,Shinobi,restaurant,Point (24.9319375 60.165082),24.9319375,60.165082,POI
65,Milli Miglia,bar,Point (24.9316791 60.1650117),24.9316791,60.1650117,POI
66,Pueblo,restaurant,Point (24.9295242 60.1652785),24.9295242,60.1652785,POI
67,Southpark,restaurant,Point (24.9331385 60.1626526),24.9331385,60.1626526,POI
68,Memphis,restaurant,Point (24.948693 60.1800389),24.948693,60.1800389,POI
69,S-market,supermarket,Point (24.9491087 60.1802596),24.9491087,60.1802596,POI
70,Alko,beverages,Point (24.9491836 60.1805553),24.9491836,60.1805553,POI
71,SOL Pesulapalvelut,laundry,Point (24.9485642 60.1805527),24.9485642,60.1805527,POI
72,Otto,atm,Point (24.9494912 60.180184),24.9494912,60.180184,POI
73,Apteekki 360,pharmacy,Point (24.9494202 60.1801596),24.9494202,60.1801596,POI
74,D?ner Osman,restaurant,Point (24.949884 60.1808222),24.949884,60.1808222,POI
75,Otto. automaatti,atm,Point (24.9496468 60.1788226),24.9496468,60.1788226,POI
76,Otto. automaatti,atm,Point (24.9493339 60.1794166),24.9493339,60.1794166,POI
77,,post_box,Point (24.9491622 60.1793952),24.9491622,60.1793952,POI
78,Kart in Club Helsinki,sports_centre,Point (24.968104 60.2148574),24.968104,60.2148574,POI
79,K-Market,convenience,Point (24.958084 60.215984),24.958084,60.215984,POI
80,Bistro Vilho,restaurant,Point (24.9457455 60.172137),24.9457455,60.172137,POI
81,Merest? noussut,artwork,Point (24.9375377 60.1976918),24.9375377,60.1976918,POI
82,,kiosk,Point (24.9376204 60.1974229),24.9376204,60.1974229,POI
83,,post_box,Point (24.9378288 60.1976243),24.9378288,60.1976243,POI
84,Otto. automaatti (ATM),atm,Point (24.9582486 60.215939),24.9582486,60.215939,POI
85,,post_box,Point (24.957498 60.1945037),24.957498,60.1945037,POI
86,W¨¹rth,doityourself,Point (24.957074 60.1947995),24.957074,60.1947995,POI
87,King Kebab,fast_food,Point (24.9565826 60.1950072),24.9565826,60.1950072,POI
88,Subway,fast_food,Point (24.9567546 60.1951144),24.9567546,60.1951144,POI
89,Lebanese food,restaurant,Point (24.9511653 60.1972187),24.9511653,60.1972187,POI
90,Ravintola Old Sophie,pub,Point (24.9477937 60.2088171),24.9477937,60.2088171,POI
91,K?pygrilli,restaurant,Point (24.950218 60.2106492),24.950218,60.2106492,POI
92,Alepa,convenience,Point (24.9522462 60.2105474),24.9522462,60.2105474,POI
93,El Karim,restaurant,Point (24.9541838 60.2120349),24.9541838,60.2120349,POI
94,,post_box,Point (24.9541337 60.1796029),24.9541337,60.1796029,POI
95,,toilet,Point (24.9526551 60.1784922),24.9526551,60.1784922,POI
96,,camera_surveillance,Point (24.9698856 60.1962307),24.9698856,60.1962307,POI
97,,camera_surveillance,Point (24.9705857 60.1961631),24.9705857,60.1961631,POI
98,,camera_surveillance,Point (24.9709836 60.1959939),24.9709836,60.1959939,POI
99,,camera_surveillance,Point (24.9712463 60.1957683),24.9712463,60.1957683,POI
100,,camera_surveillance,Point (24.971342 60.1954892),24.971342,60.1954892,POI
101,,camera_surveillance,Point (24.9711594 60.195056),24.9711594,60.195056,POI
102,Pasilan py?r?huolto,bicycle_shop,Point (24.937588 60.1969783),24.937588,60.1969783,POI
103,Robert's Coffee,cafe,Point (24.9306796 60.1681411),24.9306796,60.1681411,POI
104,Factory - Vallila,restaurant,Point (24.9419914 60.1965161),24.9419914,60.1965161,POI
105,Ravintola 91.1,restaurant,Point (24.9442292 60.1966039),24.9442292,60.1966039,POI
106,Ravintola Musta H?rk?,restaurant,Point (24.9512148 60.1966274),24.9512148,60.1966274,POI
107,K-Market,convenience,Point (24.9494295 60.19731),24.9494295,60.19731,POI
108,,post_box,Point (24.951363 60.1966427),24.951363,60.1966427,POI
109,Cheng Long,restaurant,Point (24.9548625 60.1951566),24.9548625,60.1951566,POI
110,Sture Jazz Bar,pub,Point (24.9569826 60.1940976),24.9569826,60.1940976,POI
111,Ravintola Mashiro,restaurant,Point (24.9579215 60.1937384),24.9579215,60.1937384,POI
112,Pub Magneetti,pub,Point (24.9582287 60.1935688),24.9582287,60.1935688,POI
113,Backas Bar,pub,Point (24.9612206 60.19261),24.9612206,60.19261,POI
114,Alepa,convenience,Point (24.9620781 60.1917726),24.9620781,60.1917726,POI
115,,post_box,Point (24.963235 60.1899757),24.963235,60.1899757,POI
116,The Firm,bar,Point (24.965937 60.187442),24.965937,60.187442,POI
117,Vihre? Keidas ry,fast_food,Point (24.9655967 60.1869667),24.9655967,60.1869667,POI
118,Park Hotel K?pyl?,hotel,Point (24.953467 60.2168619),24.953467,60.2168619,POI
119,,recycling_glass,Point (24.9675501 60.2160457),24.9675501,60.2160457,POI
120,R-Kioski,atm,Point (24.9145001 60.1627954),24.9145001,60.1627954,POI
121,R-Kioski,kiosk,Point (24.9145001 60.1627954),24.9145001,60.1627954,POI
122,,toilet,Point (24.9146717 60.1629885),24.9146717,60.1629885,POI
123,,post_box,Point (24.914094 60.1630896),24.914094,60.1630896,POI
124,Otto,atm,Point (24.9142608 60.1628621),24.9142608,60.1628621,POI
125,Notre Dam Pub & Cafe,pub,Point (24.9142663 60.1627664),24.9142663,60.1627664,POI
126,Merit?hti,restaurant,Point (24.9143055 60.1626674),24.9143055,60.1626674,POI
127,Dacca,restaurant,Point (24.9138908 60.1625752),24.9138908,60.1625752,POI
128,Rumba,artwork,Point (24.9048847 60.1631867),24.9048847,60.1631867,POI
129,Caf¨¦ Cable,cafe,Point (24.9061594 60.162916),24.9061594,60.162916,POI
130,Picnic Ruoholahti,cafe,Point (24.9152812 60.1635455),24.9152812,60.1635455,POI
131,Sewa,restaurant,Point (24.9157111 60.1632382),24.9157111,60.1632382,POI
132,C. G. E. Mannerheim,memorial,Point (24.9054763 60.171904),24.9054763,60.171904,POI
133,Sankariristi,memorial,Point (24.9051067 60.1720688),24.9051067,60.1720688,POI
134,Red Apple,restaurant,Point (24.9376545 60.1723942),24.9376545,60.1723942,POI
135,Picnic,cafe,Point (24.9364905 60.1645227),24.9364905,60.1645227,POI
136,Ravintola China,restaurant,Point (24.9365563 60.1672949),24.9365563,60.1672949,POI
137,Anna.K,pub,Point (24.9366771 60.1672061),24.9366771,60.1672061,POI
138,,post_box,Point (24.9380768 60.1662944),24.9380768,60.1662944,POI
139,Sekel,restaurant,Point (24.9381002 60.164867),24.9381002,60.164867,POI
140,Cafe Ekberg,cafe,Point (24.9377736 60.1647366),24.9377736,60.1647366,POI
141,Kakkugalleria,cafe,Point (24.9360783 60.1651791),24.9360783,60.1651791,POI
142,Haru Sushi,restaurant,Point (24.9356242 60.1651499),24.9356242,60.1651499,POI
143,Matkamajoitus Traveller's Home,hostel,Point (24.9350977 60.1650012),24.9350977,60.1650012,POI
144,Koto,restaurant,Point (24.9338521 60.1646178),24.9338521,60.1646178,POI
145,,atm,Point (24.9332719 60.1644392),24.9332719,60.1644392,POI
146,Boothill Rock Club,pub,Point (24.9334065 60.1647048),24.9334065,60.1647048,POI
147,Gran Delicato,cafe,Point (24.9322832 60.1652197),24.9322832,60.1652197,POI
148,Arabianrannan Apteekki,pharmacy,Point (24.967831 60.2025587),24.967831,60.2025587,POI
149,K-Market,convenience,Point (24.9051911 60.2023251),24.9051911,60.2023251,POI
150,Alepa,convenience,Point (24.8987306 60.2034614),24.8987306,60.2034614,POI
151,Original Sokos Hotel Albert,hotel,Point (24.9351916 60.1627768),24.9351916,60.1627768,POI
152,Yliopiston Apteekki - Helsinki T??l?,pharmacy,Point (24.9181038 60.1879827),24.9181038,60.1879827,POI
153,R-Kioski,kiosk,Point (24.9068717 60.1914333),24.9068717,60.1914333,POI
154,,memorial,Point (24.9729701 60.2065703),24.9729701,60.2065703,POI
155,Kutosen p??tt?ri,artwork,Point (24.9727235 60.2063712),24.9727235,60.2063712,POI
156,,memorial,Point (24.9728466 60.2062476),24.9728466,60.2062476,POI
157,R-Kioski,kiosk,Point (24.9482193 60.1866842),24.9482193,60.1866842,POI
158,Otto,atm,Point (24.9681306 60.2028056),24.9681306,60.2028056,POI
159,,camera_surveillance,Point (24.9579789 60.1687375),24.9579789,60.1687375,POI
160,K-Market,convenience,Point (24.9198984 60.1730093),24.9198984,60.1730093,POI
161,Lounaskahvila Raiku,restaurant,Point (24.9518554 60.1803856),24.9518554,60.1803856,POI
162,Ravintola Lafal,restaurant,Point (24.9517548 60.1807291),24.9517548,60.1807291,POI
163,V?in? Tannerin kent?n yleis?vessa,toilet,Point (24.9568995 60.182009),24.9568995,60.182009,POI
164,K-Market,convenience,Point (24.9607687 60.1856417),24.9607687,60.1856417,POI
165,JAB Just Another Bar,pub,Point (24.9616258 60.1865653),24.9616258,60.1865653,POI
166,Alepa,convenience,Point (24.9617547 60.187065),24.9617547,60.187065,POI
167,Picnic S?rn?inen,fast_food,Point (24.9623511 60.1874674),24.9623511,60.1874674,POI
168,Kolme Kaisaa,pub,Point (24.9620591 60.1874043),24.9620591,60.1874043,POI
169,K-Market,convenience,Point (24.9634139 60.187732),24.9634139,60.187732,POI
170,Oopperan grilli,fast_food,Point (24.9636182 60.1878449),24.9636182,60.1878449,POI
171,Pumpui,restaurant,Point (24.9647677 60.1873382),24.9647677,60.1873382,POI
172,,post_box,Point (24.9681504 60.2027218),24.9681504,60.2027218,POI
173,,post_box,Point (24.9643298 60.2095662),24.9643298,60.2095662,POI
174,Pizzeria Parmesan,restaurant,Point (24.965547 60.2086062),24.965547,60.2086062,POI
175,Frangipani bakery & caf¨¦,cafe,Point (24.9664618 60.2084991),24.9664618,60.2084991,POI
176,,waste_basket,Point (24.9400611 60.1725841),24.9400611,60.1725841,POI
177,Vain,clothes,Point (24.9252845 60.1705523),24.9252845,60.1705523,POI
178,Chaplin,pub,Point (24.9419614 60.1671516),24.9419614,60.1671516,POI
179,Pikku Huopalahden sivuapteekki,pharmacy,Point (24.8973829 60.2032695),24.8973829,60.2032695,POI
180,Alko,beverages,Point (24.8767098 60.2060603),24.8767098,60.2060603,POI
181,K-Supermarket,supermarket,Point (24.8771099 60.2058344),24.8771099,60.2058344,POI
182,K-Market,convenience,Point (24.9261944 60.16422),24.9261944,60.16422,POI
183,,vending_parking,Point (24.9566362 60.1724221),24.9566362,60.1724221,POI
184,Felt Bay,pub,Point (24.9000614 60.1975597),24.9000614,60.1975597,POI
185,Ravintola Tilkanranta,pub,Point (24.8943867 60.2031033),24.8943867,60.2031033,POI
186,East-West Pub,pub,Point (24.9404431 60.1992062),24.9404431,60.1992062,POI
187,Studio Pasila,theatre,Point (24.9403143 60.1992888),24.9403143,60.1992888,POI
188,Alcatraz Club,nightclub,Point (24.9363589 60.1677068),24.9363589,60.1677068,POI
189,Pub Per?kammari,pub,Point (24.9372757 60.1677885),24.9372757,60.1677885,POI
190,Lilla Teatern,theatre,Point (24.9377756 60.1676913),24.9377756,60.1676913,POI
191,,post_box,Point (24.9607123 60.1785409),24.9607123,60.1785409,POI
192,Helsingin pystygrilli,fast_food,Point (24.9444687 60.1710001),24.9444687,60.1710001,POI
193,K-Market,convenience,Point (24.8684967 60.1570348),24.8684967,60.1570348,POI
194,S-market,supermarket,Point (24.8805383 60.1536767),24.8805383,60.1536767,POI
195,K-Supermarket,supermarket,Point (24.8833373 60.1537539),24.8833373,60.1537539,POI
196,Limone,restaurant,Point (24.8855999 60.1510912),24.8855999,60.1510912,POI
197,Mamma Rosa,restaurant,Point (24.9238507 60.1794287),24.9238507,60.1794287,POI
198,K-Market,convenience,Point (24.9253451 60.1793389),24.9253451,60.1793389,POI
199,Alepa,convenience,Point (24.9246978 60.1786171),24.9246978,60.1786171,POI
200,Alepa,convenience,Point (24.9276191 60.1777972),24.9276191,60.1777972,POI
201,,post_box,Point (24.922602 60.1765181),24.922602,60.1765181,POI
202,Otto,atm,Point (24.9214353 60.1752285),24.9214353,60.1752285,POI
203,R-Kioski,kiosk,Point (24.9223511 60.1756639),24.9223511,60.1756639,POI
204,,post_box,Point (24.9282334 60.1747054),24.9282334,60.1747054,POI
205,Eduskunnan kirjasto,library,Point (24.9315669 60.1725576),24.9315669,60.1725576,POI
206,Mei Lin,restaurant,Point (24.935711 60.1678963),24.935711,60.1678963,POI
207,Radisson Blu Seaside,hotel,Point (24.9244835 60.1619785),24.9244835,60.1619785,POI
208,T??l?n Posti 00250,post_office,Point (24.9155921 60.184869),24.9155921,60.184869,POI
209,Alepa,convenience,Point (24.9169815 60.1890333),24.9169815,60.1890333,POI
210,Gandi (Indian restaurant),restaurant,Point (24.9244059 60.1843259),24.9244059,60.1843259,POI
211,,toilet,Point (24.9229409 60.1723766),24.9229409,60.1723766,POI
212,Royal Nepal,restaurant,Point (24.9586197 60.1955285),24.9586197,60.1955285,POI
213,Alepa,convenience,Point (24.9532757 60.2163774),24.9532757,60.2163774,POI
214,Otto,atm,Point (24.9601076 60.1877983),24.9601076,60.1877983,POI
215,S-market,supermarket,Point (24.9601747 60.1878943),24.9601747,60.1878943,POI
216,Iltakoulu,pub,Point (24.9604248 60.1883563),24.9604248,60.1883563,POI
217,Hilpe? Hauki,pub,Point (24.9596851 60.1884028),24.9596851,60.1884028,POI
218,Bar Palmu,pub,Point (24.9588731 60.188209),24.9588731,60.188209,POI
219,Kustaa Vaasa,pub,Point (24.9571399 60.1882459),24.9571399,60.1882459,POI
220,Kalliohovi,pub,Point (24.9569633 60.1884758),24.9569633,60.1884758,POI
221,Otto.,atm,Point (24.9534093 60.1873007),24.9534093,60.1873007,POI
222,Hesarin grilli,fast_food,Point (24.9537629 60.1871911),24.9537629,60.1871911,POI
223,Alepa,convenience,Point (24.9528341 60.1868222),24.9528341,60.1868222,POI
224,Lepakkomies,bar,Point (24.959656 60.1877247),24.959656,60.1877247,POI
225,R-Kioski,kiosk,Point (24.9383393 60.1721939),24.9383393,60.1721939,POI
226,Milliklubi Bar & Disco,bar,Point (24.9393383 60.1699967),24.9393383,60.1699967,POI
227,Otto,atm,Point (24.9002228 60.1975206),24.9002228,60.1975206,POI
228,White Lady,restaurant,Point (24.9035341 60.195393),24.9035341,60.195393,POI
229,,atm,Point (24.9231742 60.1787473),24.9231742,60.1787473,POI
230,L??k?rikeskus Mehil?inen,doctors,Point (24.922806 60.1772904),24.922806,60.1772904,POI
231,Manala,restaurant,Point (24.9313004 60.1740932),24.9313004,60.1740932,POI
232,Kaunis Kampela,pub,Point (24.8888878 60.160895),24.8888878,60.160895,POI
233,,post_box,Point (24.8790073 60.1575166),24.8790073,60.1575166,POI
234,Rautatientorin yleis?vessa,toilet,Point (24.9446332 60.1716826),24.9446332,60.1716826,POI
235,Alko,beverages,Point (24.869624 60.2177798),24.869624,60.2177798,POI
236,Bar 36,pub,Point (24.8999173 60.1952162),24.8999173,60.1952162,POI
237,Pub Huopis,pub,Point (24.8957805 60.1963665),24.8957805,60.1963665,POI
238,Lotura I,artwork,Point (24.9485375 60.1700152),24.9485375,60.1700152,POI
239,Munkkivuoren posti 00350,post_office,Point (24.8764395 60.2059785),24.8764395,60.2059785,POI
240,Zara,clothes,Point (24.9420771 60.1689173),24.9420771,60.1689173,POI
241,UniCafe,restaurant,Point (24.9407688 60.1693569),24.9407688,60.1693569,POI
242,,camera_surveillance,Point (24.9387946 60.1693678),24.9387946,60.1693678,POI
243,,camera_surveillance,Point (24.9368697 60.1686224),24.9368697,60.1686224,POI
244,Costo Concept Store,outdoor_shop,Point (24.9366147 60.1682197),24.9366147,60.1682197,POI
245,Sievi Shop,shoe_shop,Point (24.9354605 60.1686407),24.9354605,60.1686407,POI
246,Footlight,shoe_shop,Point (24.9379584 60.1679499),24.9379584,60.1679499,POI
247,Vero Moda,clothes,Point (24.9379041 60.1691342),24.9379041,60.1691342,POI
248,Kultajousi,jeweller,Point (24.9378281 60.1693833),24.9378281,60.1693833,POI
249,,camera_surveillance,Point (24.9335659 60.1694582),24.9335659,60.1694582,POI
250,,camera_surveillance,Point (24.9332687 60.1695836),24.9332687,60.1695836,POI
251,Alepa,convenience,Point (24.9749938 60.1680199),24.9749938,60.1680199,POI
252,Red Ox,pub,Point (24.9746229 60.1679295),24.9746229,60.1679295,POI
253,,post_box,Point (24.9757247 60.1676223),24.9757247,60.1676223,POI
254,,recycling_glass,Point (24.9746657 60.1676365),24.9746657,60.1676365,POI
255,Alepa,convenience,Point (24.9558688 60.1937284),24.9558688,60.1937284,POI
256,,post_box,Point (24.9482632 60.1866825),24.9482632,60.1866825,POI
257,Ryhm?teatteri,theatre,Point (24.9479328 60.186688),24.9479328,60.186688,POI
258,,post_box,Point (24.9310042 60.1552326),24.9310042,60.1552326,POI
259,K-Supermarket,supermarket,Point (24.9328813 60.1695115),24.9328813,60.1695115,POI
260,,post_box,Point (24.9291258 60.1622033),24.9291258,60.1622033,POI
261,,post_box,Point (24.9271171 60.1758374),24.9271171,60.1758374,POI
262,K?pyl?n apteekki,pharmacy,Point (24.9585223 60.2161443),24.9585223,60.2161443,POI
263,VallilaVet,veterinary,Point (24.9642158 60.1906374),24.9642158,60.1906374,POI
264,,camera_surveillance,Point (24.9614485 60.1877963),24.9614485,60.1877963,POI
265,,post_box,Point (24.9464898 60.2107293),24.9464898,60.2107293,POI
266,Nyyrikki,restaurant,Point (24.9439604 60.2142242),24.9439604,60.2142242,POI
267,,post_box,Point (24.8735801 60.161058),24.8735801,60.161058,POI
268,Kaow Thip,restaurant,Point (24.9361875 60.1629737),24.9361875,60.1629737,POI
269,Sinebrychoffinpuiston yleis?vessa,toilet,Point (24.9339188 60.1621083),24.9339188,60.1621083,POI
270,Herkku-Haarukka,restaurant,Point (24.9763854 60.2103751),24.9763854,60.2103751,POI
271,Swagatam,restaurant,Point (24.9780825 60.2085089),24.9780825,60.2085089,POI
272,S?rn?inen (M),shelter,Point (24.9630952 60.1878895),24.9630952,60.1878895,POI
273,?ss?rykmentin muistomerkki / Jalkav?kirykmentti 11,memorial,Point (24.9557644 60.1831081),24.9557644,60.1831081,POI
274,Fazer Cafe,cafe,Point (24.9218369 60.176238),24.9218369,60.176238,POI
275,Hesburger,fast_food,Point (24.8998283 60.204505),24.8998283,60.204505,POI
276,,post_box,Point (24.9026231 60.1989336),24.9026231,60.1989336,POI
277,,post_box,Point (24.9057737 60.2021289),24.9057737,60.2021289,POI
278,Taidekoulu Maa,school,Point (24.9814961 60.144437),24.9814961,60.144437,POI
279,,atm,Point (24.9533394 60.216436),24.9533394,60.216436,POI
280,Ravintola Sylvi,restaurant,Point (24.9569068 60.214883),24.9569068,60.214883,POI
281,Sturen Express Pizzeria,fast_food,Point (24.958495 60.1950172),24.958495,60.1950172,POI
282,,cafe,Point (24.9299875 60.1887782),24.9299875,60.1887782,POI
283,Larin Paraske,memorial,Point (24.9308412 60.1768556),24.9308412,60.1768556,POI
284,,shelter,Point (24.9306065 60.163025),24.9306065,60.163025,POI
285,,post_box,Point (24.9867653 60.1445512),24.9867653,60.1445512,POI
286,Kotipizza,fast_food,Point (24.8879283 60.211518),24.8879283,60.211518,POI
287,Kahvila-l?hikauppa Airo,convenience,Point (24.914023 60.1771889),24.914023,60.1771889,POI
288,It?meren tyt?r / Maila Talvion muistomerkki,memorial,Point (24.8949105 60.1869927),24.8949105,60.1869927,POI
289,It?meren tyt?r / Maila Talvion muistomerkki,artwork,Point (24.8949105 60.1869927),24.8949105,60.1869927,POI
290,,shelter,Point (24.9283793 60.1686704),24.9283793,60.1686704,POI
291,Food House,restaurant,Point (24.9282438 60.1971341),24.9282438,60.1971341,POI
292,,post_box,Point (24.9200717 60.1713635),24.9200717,60.1713635,POI
293,Kaisaniemen kes?kioski,kiosk,Point (24.9499431 60.1756658),24.9499431,60.1756658,POI
294,K?pyl?n Pizza & Kebab Palvelu,fast_food,Point (24.9586512 60.2162709),24.9586512,60.2162709,POI
295,Napule,restaurant,Point (24.9417929 60.1701475),24.9417929,60.1701475,POI
296,K-Market,convenience,Point (24.9185844 60.1839217),24.9185844,60.1839217,POI
297,,bench,Point (24.9280549 60.1913383),24.9280549,60.1913383,POI
298,,bench,Point (24.9260735 60.1974015),24.9260735,60.1974015,POI
299,Alepa,convenience,Point (24.92712 60.1976459),24.92712,60.1976459,POI
300,Ravintola Belmanni,restaurant,Point (24.9255666 60.1988686),24.9255666,60.1988686,POI
301,,post_box,Point (24.9275013 60.1961211),24.9275013,60.1961211,POI
302,Aava Helsinki Pasila,clinic,Point (24.9285329 60.1963487),24.9285329,60.1963487,POI
303,Handelsbanken,bank,Point (24.9279772 60.1974527),24.9279772,60.1974527,POI
304,,recycling_clothes,Point (24.9273737 60.1974131),24.9273737,60.1974131,POI
305,,bench,Point (24.922698 60.1970384),24.922698,60.1970384,POI
306,,playground,Point (24.9230737 60.1962276),24.9230737,60.1962276,POI
307,,bench,Point (24.9218247 60.1959888),24.9218247,60.1959888,POI
308,Bambu Sushi,restaurant,Point (24.9591034 60.1873527),24.9591034,60.1873527,POI
309,Tricella,clothes,Point (24.9596245 60.1874067),24.9596245,60.1874067,POI
310,,post_box,Point (24.9609028 60.1857575),24.9609028,60.1857575,POI
311,OmaPosti-kioski,post_office,Point (24.9614684 60.1855506),24.9614684,60.1855506,POI
312,Hiusstudio Naava,hairdresser,Point (24.9605128 60.185223),24.9605128,60.185223,POI
313,Salon Capelli,hairdresser,Point (24.9602001 60.1849206),24.9602001,60.1849206,POI
314,Femma IV,pub,Point (24.9545637 60.1826029),24.9545637,60.1826029,POI
315,Saba,fast_food,Point (24.9555196 60.1816981),24.9555196,60.1816981,POI
316,Mascot Bar & Live Stage,bar,Point (24.9539999 60.1816369),24.9539999,60.1816369,POI
317,,bench,Point (24.8731741 60.1645094),24.8731741,60.1645094,POI
318,,bench,Point (24.8738086 60.1643369),24.8738086,60.1643369,POI
319,,bench,Point (24.8728631 60.1642102),24.8728631,60.1642102,POI
320,,waste_basket,Point (24.8696773 60.1618929),24.8696773,60.1618929,POI
321,,bench,Point (24.8736028 60.1625932),24.8736028,60.1625932,POI
322,P?iv?koti Bertha-Maria Hemmet,kindergarten,Point (24.9212211 60.1832481),24.9212211,60.1832481,POI
323,Ilmatar ja sotka,artwork,Point (24.9162602 60.182391),24.9162602,60.182391,POI
324,,bench,Point (24.9092771 60.1845899),24.9092771,60.1845899,POI
325,M?ntyniemi,bench,Point (24.8991268 60.1863869),24.8991268,60.1863869,POI
326,,waste_basket,Point (24.8648131 60.1867817),24.8648131,60.1867817,POI
327,,bench,Point (24.8943423 60.1870175),24.8943423,60.1870175,POI
328,,bench,Point (24.9142345 60.1810244),24.9142345,60.1810244,POI
329,,bench,Point (24.9139108 60.1826903),24.9139108,60.1826903,POI
330,,waste_basket,Point (24.8758548 60.1618207),24.8758548,60.1618207,POI
331,,waste_basket,Point (24.8759377 60.1613449),24.8759377,60.1613449,POI
332,Magia,attraction,Point (24.9405327 60.1871776),24.9405327,60.1871776,POI
333,Hepparata,attraction,Point (24.9411881 60.1875101),24.9411881,60.1875101,POI
334,Hiphop,attraction,Point (24.940831 60.1871813),24.940831,60.1871813,POI
335,Rinkeli,attraction,Point (24.9392212 60.187916),24.9392212,60.187916,POI
336,Salama,attraction,Point (24.9394823 60.1872363),24.9394823,60.1872363,POI
337,Hurjakuru,attraction,Point (24.9388889 60.187455),24.9388889,60.187455,POI
338,Pikajuna,attraction,Point (24.9384129 60.1875531),24.9384129,60.1875531,POI
339,Tulireki,attraction,Point (24.9384192 60.1877569),24.9384192,60.1877569,POI
340,Kirnu,attraction,Point (24.9399865 60.1882571),24.9399865,60.1882571,POI
341,Peacock,theatre,Point (24.9387421 60.1888378),24.9387421,60.1888378,POI
342,Swingi,attraction,Point (24.9411398 60.1881178),24.9411398,60.1881178,POI
343,S-market,supermarket,Point (24.9386883 60.1706546),24.9386883,60.1706546,POI
344,,atm,Point (24.9389467 60.1707589),24.9389467,60.1707589,POI
345,Konstruktio 2000 / Himmeli,artwork,Point (24.935401 60.1993028),24.935401,60.1993028,POI
346,Iso strutsi,monument,Point (24.9395681 60.1804077),24.9395681,60.1804077,POI
347,Vesileikki,artwork,Point (24.9365091 60.1995144),24.9365091,60.1995144,POI
348,,post_box,Point (24.9386682 60.1978587),24.9386682,60.1978587,POI
349,Yritt?j?veistos,memorial,Point (24.9349346 60.1698712),24.9349346,60.1698712,POI
350,West Corner,restaurant,Point (24.927976 60.1976764),24.927976,60.1976764,POI
351,Scandic Pasila,hotel,Point (24.9255663 60.1990604),24.9255663,60.1990604,POI
352,,bench,Point (24.8926189 60.1625567),24.8926189,60.1625567,POI
353,,bench,Point (24.8899306 60.1640465),24.8899306,60.1640465,POI
354,Hesburger,fast_food,Point (24.9304147 60.169286),24.9304147,60.169286,POI
355,Hesburger,fast_food,Point (24.9482923 60.1653073),24.9482923,60.1653073,POI
356,Hesburger,fast_food,Point (24.940473 60.1705155),24.940473,60.1705155,POI
357,Punavuori,post_office,Point (24.940954 60.163824),24.940954,60.163824,POI
358,Hesburger,fast_food,Point (24.9479755 60.1863364),24.9479755,60.1863364,POI
359,Hesburger,fast_food,Point (24.9240183 60.1841971),24.9240183,60.1841971,POI
360,Hesburger,fast_food,Point (24.9500072 60.1801406),24.9500072,60.1801406,POI
361,Hesburger,fast_food,Point (24.9350139 60.2030468),24.9350139,60.2030468,POI
362,,camera_surveillance,Point (24.9344132 60.1612713),24.9344132,60.1612713,POI
363,,bench,Point (24.9309195 60.1824768),24.9309195,60.1824768,POI
364,,bench,Point (24.9165769 60.1734608),24.9165769,60.1734608,POI
365,,fountain,Point (24.9112492 60.1863147),24.9112492,60.1863147,POI
366,,bench,Point (24.9111219 60.1857958),24.9111219,60.1857958,POI
367,,bench,Point (24.9135909 60.1817337),24.9135909,60.1817337,POI
368,,recycling,Point (24.9123345 60.1836454),24.9123345,60.1836454,POI
369,,waste_basket,Point (24.9113335 60.1858711),24.9113335,60.1858711,POI
370,Menneet ritarit,memorial,Point (24.9352549 60.1716222),24.9352549,60.1716222,POI
371,,bench,Point (24.9151334 60.1869978),24.9151334,60.1869978,POI
372,,bench,Point (24.9154221 60.1867572),24.9154221,60.1867572,POI
373,,cafe,Point (24.9305928 60.163708),24.9305928,60.163708,POI
374,,post_box,Point (24.9309627 60.1638142),24.9309627,60.1638142,POI
375,,post_box,Point (24.9210392 60.185676),24.9210392,60.185676,POI
376,Meilahti talvisodassa,memorial,Point (24.8953106 60.1875524),24.8953106,60.1875524,POI
377,,picnic_site,Point (24.887161 60.1939589),24.887161,60.1939589,POI
378,Otto,atm,Point (24.921768 60.1850844),24.921768,60.1850844,POI
379,Alepa,convenience,Point (24.9218182 60.185057),24.9218182,60.185057,POI
380,,bench,Point (24.9798461 60.1733539),24.9798461,60.1733539,POI
381,,bench,Point (24.9794343 60.1735798),24.9794343,60.1735798,POI
382,Tokyo55 Sushi Academy,restaurant,Point (24.9239896 60.1796809),24.9239896,60.1796809,POI
383,Taru ja totuus,memorial,Point (24.9447989 60.1674697),24.9447989,60.1674697,POI
384,Oluthuone Angleterre,pub,Point (24.9346027 60.1662718),24.9346027,60.1662718,POI
385,,playground,Point (24.9112253 60.1600047),24.9112253,60.1600047,POI
386,,bench,Point (24.9133136 60.1723011),24.9133136,60.1723011,POI
387,,bench,Point (24.9138613 60.1725488),24.9138613,60.1725488,POI
388,,bench,Point (24.9213292 60.1800625),24.9213292,60.1800625,POI
389,,bench,Point (24.9200954 60.1803379),24.9200954,60.1803379,POI
390,,bench,Point (24.9209572 60.1804769),24.9209572,60.1804769,POI
391,,bench,Point (24.9202391 60.1802041),24.9202391,60.1802041,POI
392,,bench,Point (24.9210309 60.1803355),24.9210309,60.1803355,POI
393,,bench,Point (24.9204953 60.180129),24.9204953,60.180129,POI
394,,bench,Point (24.9208871 60.1805469),24.9208871,60.1805469,POI
395,,bench,Point (24.9203973 60.1805737),24.9203973,60.1805737,POI
396,,bench,Point (24.9206016 60.1806241),24.9206016,60.1806241,POI
397,,bench,Point (24.9201792 60.180521),24.9201792,60.180521,POI
398,,waste_basket,Point (24.9185294 60.1819699),24.9185294,60.1819699,POI
399,Inkeril?isten ja karjalaisten heimoveteraanien muistomerkki,memorial,Point (24.9183192 60.1813239),24.9183192,60.1813239,POI
400,K-Market,convenience,Point (24.9600835 60.1962572),24.9600835,60.1962572,POI
401,Leikkipuisto Sanna,playground,Point (24.9216948 60.1986582),24.9216948,60.1986582,POI
402,Tanjan hiuspiste,hairdresser,Point (24.9240235 60.1992294),24.9240235,60.1992294,POI
403,,post_box,Point (24.8924814 60.1604497),24.8924814,60.1604497,POI
404,,bench,Point (24.9071832 60.1876706),24.9071832,60.1876706,POI
405,Korean suurl?hettil??n residenssi,embassy,Point (24.8679308 60.1890118),24.8679308,60.1890118,POI
406,Kohottava voima,artwork,Point (24.9327082 60.1593599),24.9327082,60.1593599,POI
407,Posti,post_office,Point (24.948451 60.1649966),24.948451,60.1649966,POI
408,S-market,supermarket,Point (24.9481858 60.1649677),24.9481858,60.1649677,POI
409,,bench,Point (24.9259441 60.1723825),24.9259441,60.1723825,POI
410,,bench,Point (24.9259138 60.1723291),24.9259138,60.1723291,POI
411,,fountain,Point (24.9235446 60.1717997),24.9235446,60.1717997,POI
412,OP,bank,Point (24.9245947 60.171514),24.9245947,60.171514,POI
413,T??l?n Pizzapalvelu,fast_food,Point (24.9189046 60.1735294),24.9189046,60.1735294,POI
414,Budget,car_rental,Point (24.9292314 60.1675268),24.9292314,60.1675268,POI
415,Autopesu 24h,car_wash,Point (24.9112157 60.1916042),24.9112157,60.1916042,POI
416,Otto,atm,Point (24.877853 60.2016793),24.877853,60.2016793,POI
417,,bench,Point (24.9387379 60.1723539),24.9387379,60.1723539,POI
418,It? ja L?nsi / J. K. Paasikiven muistomerkki,memorial,Point (24.93585 60.1708847),24.93585,60.1708847,POI
419,Kraken,pub,Point (24.9260801 60.1696539),24.9260801,60.1696539,POI
420,Janoinen Lohi,pub,Point (24.9169713 60.1850728),24.9169713,60.1850728,POI
421,,waste_basket,Point (24.8715843 60.1605849),24.8715843,60.1605849,POI
422,Otto. automaatti (ATM),atm,Point (24.8770543 60.2060107),24.8770543,60.2060107,POI
423,,bench,Point (24.8750728 60.1598982),24.8750728,60.1598982,POI
424,,waste_basket,Point (24.8750638 60.1598698),24.8750638,60.1598698,POI
425,,waste_basket,Point (24.8751765 60.1601486),24.8751765,60.1601486,POI
426,,bench,Point (24.8751678 60.1601232),24.8751678,60.1601232,POI
427,,bench,Point (24.8752298 60.1602683),24.8752298,60.1602683,POI
428,,waste_basket,Point (24.8752424 60.1603015),24.8752424,60.1603015,POI
429,,playground,Point (24.8957499 60.1953039),24.8957499,60.1953039,POI
430,Otto,atm,Point (24.9069498 60.1914075),24.9069498,60.1914075,POI
431,Momochi,cafe,Point (24.9378326 60.1694785),24.9378326,60.1694785,POI
432,,tourist_info,Point (24.9199776 60.2037831),24.9199776,60.2037831,POI
433,Alepa,convenience,Point (24.9344426 60.158769),24.9344426,60.158769,POI
434,,post_box,Point (24.8936603 60.2121763),24.8936603,60.2121763,POI
435,Humallahti,archaeological,Point (24.9041471 60.1872456),24.9041471,60.1872456,POI
436,Lahjamaa,gift_shop,Point (24.9382903 60.1693328),24.9382903,60.1693328,POI
437,Siddhartha,restaurant,Point (24.9231214 60.1848009),24.9231214,60.1848009,POI
438,,atm,Point (24.9503801 60.1689413),24.9503801,60.1689413,POI
439,Cafe Engel,cafe,Point (24.951745 60.168913),24.951745,60.168913,POI
440,Shell Helsinki Alppila,convenience,Point (24.9489384 60.1894367),24.9489384,60.1894367,POI
441,Pizza Hut,restaurant,Point (24.8787415 60.2061692),24.8787415,60.2061692,POI
442,Fazer Caf¨¦,cafe,Point (24.878253 60.2056755),24.878253,60.2056755,POI
443,Hemingway's Munkkivuori,pub,Point (24.8779276 60.2057143),24.8779276,60.2057143,POI
444,,post_box,Point (24.9236101 60.1814555),24.9236101,60.1814555,POI
445,,post_box,Point (24.9295414 60.1762579),24.9295414,60.1762579,POI
446,Nosto,atm,Point (24.8786765 60.2060619),24.8786765,60.2060619,POI
447,R-Kioski,kiosk,Point (24.8775857 60.205688),24.8775857,60.205688,POI
448,Burger Company,restaurant,Point (24.9304253 60.1564436),24.9304253,60.1564436,POI
449,,camera_surveillance,Point (24.9392467 60.1564776),24.9392467,60.1564776,POI
450,,camera_surveillance,Point (24.912132 60.1868241),24.912132,60.1868241,POI
451,Block by Dylan,restaurant,Point (24.9522041 60.166804),24.9522041,60.166804,POI
452,,camera_surveillance,Point (24.9552538 60.1680787),24.9552538,60.1680787,POI
453,Otto. automaatti (ATM),atm,Point (24.9611466 60.187913),24.9611466,60.187913,POI
454,Alepa,convenience,Point (24.9455415 60.1593999),24.9455415,60.1593999,POI
455,,camera_surveillance,Point (24.9153948 60.1625841),24.9153948,60.1625841,POI
456,K-Market,convenience,Point (24.9374052 60.1615746),24.9374052,60.1615746,POI
457,Viiskulman terveysasema,clinic,Point (24.9407423 60.1603211),24.9407423,60.1603211,POI
458,El Rey,restaurant,Point (24.9373841 60.1663657),24.9373841,60.1663657,POI
459,,recycling_glass,Point (24.9339817 60.1594325),24.9339817,60.1594325,POI
460,Beauty Lounge,beauty_shop,Point (24.9390492 60.1605345),24.9390492,60.1605345,POI
461,,bench,Point (24.9458746 60.1633313),24.9458746,60.1633313,POI
462,,post_box,Point (24.9485376 60.165018),24.9485376,60.165018,POI
463,Alepa,convenience,Point (24.9587773 60.1708829),24.9587773,60.1708829,POI
464,Pellingin retken muistomerkki,memorial,Point (24.9603145 60.1737995),24.9603145,60.1737995,POI
465,,camera_surveillance,Point (24.9601927 60.1733328),24.9601927,60.1733328,POI
466,K-Market,convenience,Point (24.9568963 60.1717578),24.9568963,60.1717578,POI
467,,camera_surveillance,Point (24.9584594 60.1712001),24.9584594,60.1712001,POI
468,,camera_surveillance,Point (24.9568886 60.1700833),24.9568886,60.1700833,POI
469,Pata?ss?,pub,Point (24.9535599 60.1718429),24.9535599,60.1718429,POI
470,,camera_surveillance,Point (24.9559197 60.169091),24.9559197,60.169091,POI
471,,bench,Point (24.956395 60.1694306),24.956395,60.1694306,POI
472,,bench,Point (24.9562084 60.1693894),24.9562084,60.1693894,POI
473,,bench,Point (24.9563949 60.1693978),24.9563949,60.1693978,POI
474,,waste_basket,Point (24.9562079 60.1694409),24.9562079,60.1694409,POI
475,,waste_basket,Point (24.956389 60.1694529),24.956389,60.1694529,POI
476,,camera_surveillance,Point (24.9530362 60.167979),24.9530362,60.167979,POI
477,,camera_surveillance,Point (24.9527633 60.1679704),24.9527633,60.1679704,POI
478,Restroom,pub,Point (24.9368349 60.1579674),24.9368349,60.1579674,POI
479,,post_box,Point (24.948415 60.1618202),24.948415,60.1618202,POI
480,,camera_surveillance,Point (24.9482613 60.163032),24.9482613,60.163032,POI
481,,camera_surveillance,Point (24.949836 60.165739),24.949836,60.165739,POI
482,,camera_surveillance,Point (24.9511886 60.1656251),24.9511886,60.1656251,POI
483,,camera_surveillance,Point (24.9514598 60.1657862),24.9514598,60.1657862,POI
484,,camera_surveillance,Point (24.9515096 60.165769),24.9515096,60.165769,POI
485,,camera_surveillance,Point (24.952347 60.1656466),24.952347,60.1656466,POI
486,Dragon Phoenix,restaurant,Point (24.9518837 60.165898),24.9518837,60.165898,POI
487,,camera_surveillance,Point (24.9522225 60.1670087),24.9522225,60.1670087,POI
488,,camera_surveillance,Point (24.9522318 60.1669124),24.9522318,60.1669124,POI
489,,camera_surveillance,Point (24.9552247 60.168095),24.9552247,60.168095,POI
490,,camera_surveillance,Point (24.9519238 60.1679851),24.9519238,60.1679851,POI
491,,camera_surveillance,Point (24.9506598 60.1671633),24.9506598,60.1671633,POI
492,It?vallan l?hetyst?,embassy,Point (24.9509965 60.1663716),24.9509965,60.1663716,POI
493,Ravintola Bank,restaurant,Point (24.950987 60.1661896),24.950987,60.1661896,POI
494,Alko,beverages,Point (24.9501287 60.1642818),24.9501287,60.1642818,POI
495,,camera_surveillance,Point (24.9493373 60.1645532),24.9493373,60.1645532,POI
496,,camera_surveillance,Point (24.9495276 60.1644717),24.9495276,60.1644717,POI
497,,camera_surveillance,Point (24.9496647 60.1644757),24.9496647,60.1644757,POI
498,,camera_surveillance,Point (24.9470237 60.1670816),24.9470237,60.1670816,POI
499,Velosport,bicycle_shop,Point (24.9462344 60.2090246),24.9462344,60.2090246,POI
500,,camera_surveillance,Point (24.9317187 60.1655836),24.9317187,60.1655836,POI
501,,camera_surveillance,Point (24.9316825 60.1652695),24.9316825,60.1652695,POI
502,,camera_surveillance,Point (24.9316873 60.1652618),24.9316873,60.1652618,POI
503,,camera_surveillance,Point (24.9360022 60.1665524),24.9360022,60.1665524,POI
504,,camera_surveillance,Point (24.9237768 60.1691902),24.9237768,60.1691902,POI
505,,camera_surveillance,Point (24.9238626 60.1694983),24.9238626,60.1694983,POI
506,,camera_surveillance,Point (24.9238835 60.1694862),24.9238835,60.1694862,POI
507,,camera_surveillance,Point (24.9234861 60.1690108),24.9234861,60.1690108,POI
508,,camera_surveillance,Point (24.9241751 60.1691592),24.9241751,60.1691592,POI
509,,camera_surveillance,Point (24.924939 60.1693252),24.924939,60.1693252,POI
510,,camera_surveillance,Point (24.9255481 60.1694409),24.9255481,60.1694409,POI
511,,camera_surveillance,Point (24.9244978 60.1692175),24.9244978,60.1692175,POI
512,,camera_surveillance,Point (24.9237981 60.1692012),24.9237981,60.1692012,POI
513,,camera_surveillance,Point (24.924252 60.1690412),24.924252,60.1690412,POI
514,,camera_surveillance,Point (24.9247867 60.1691249),24.9247867,60.1691249,POI
515,,camera_surveillance,Point (24.9260349 60.1695104),24.9260349,60.1695104,POI
516,,camera_surveillance,Point (24.9282199 60.16878),24.9282199,60.16878,POI
517,,camera_surveillance,Point (24.9299957 60.1681636),24.9299957,60.1681636,POI
518,,camera_surveillance,Point (24.9331573 60.169274),24.9331573,60.169274,POI
519,,camera_surveillance,Point (24.9327606 60.1694595),24.9327606,60.1694595,POI
520,,camera_surveillance,Point (24.9332457 60.1697401),24.9332457,60.1697401,POI
521,,camera_surveillance,Point (24.933703 60.1697953),24.933703,60.1697953,POI
522,,camera_surveillance,Point (24.9323445 60.1692136),24.9323445,60.1692136,POI
523,,camera_surveillance,Point (24.9295257 60.1698129),24.9295257,60.1698129,POI
524,,camera_surveillance,Point (24.9330898 60.1703052),24.9330898,60.1703052,POI
525,,camera_surveillance,Point (24.9231374 60.169554),24.9231374,60.169554,POI
526,,camera_surveillance,Point (24.9267896 60.1670645),24.9267896,60.1670645,POI
527,,camera_surveillance,Point (24.9270322 60.1670305),24.9270322,60.1670305,POI
528,,camera_surveillance,Point (24.9318292 60.1659163),24.9318292,60.1659163,POI
529,,camera_surveillance,Point (24.9320732 60.1656367),24.9320732,60.1656367,POI
530,Noodle Story,restaurant,Point (24.934114 60.1662313),24.934114,60.1662313,POI
531,,camera_surveillance,Point (24.9315546 60.166435),24.9315546,60.166435,POI
532,,camera_surveillance,Point (24.9318659 60.1663952),24.9318659,60.1663952,POI
533,,camera_surveillance,Point (24.9333283 60.1656246),24.9333283,60.1656246,POI
534,,camera_surveillance,Point (24.9329552 60.1654942),24.9329552,60.1654942,POI
535,,camera_surveillance,Point (24.9326871 60.1646306),24.9326871,60.1646306,POI
536,,camera_surveillance,Point (24.9328651 60.1644892),24.9328651,60.1644892,POI
537,,camera_surveillance,Point (24.9327459 60.164252),24.9327459,60.164252,POI
538,Teemaa,cafe,Point (24.9378131 60.1664027),24.9378131,60.1664027,POI
539,,camera_surveillance,Point (24.9342904 60.1678475),24.9342904,60.1678475,POI
540,,camera_surveillance,Point (24.9340061 60.1674499),24.9340061,60.1674499,POI
541,,camera_surveillance,Point (24.9339196 60.1675096),24.9339196,60.1675096,POI
542,,camera_surveillance,Point (24.9341762 60.1675076),24.9341762,60.1675076,POI
543,,camera_surveillance,Point (24.933034 60.1672766),24.933034,60.1672766,POI
544,,camera_surveillance,Point (24.9323619 60.1671603),24.9323619,60.1671603,POI
545,,camera_surveillance,Point (24.9309977 60.1677056),24.9309977,60.1677056,POI
546,,camera_surveillance,Point (24.9312415 60.1681712),24.9312415,60.1681712,POI
547,,camera_surveillance,Point (24.931282 60.1681917),24.931282,60.1681917,POI
548,,camera_surveillance,Point (24.9316378 60.1683013),24.9316378,60.1683013,POI
549,,camera_surveillance,Point (24.9323537 60.1685486),24.9323537,60.1685486,POI
550,,camera_surveillance,Point (24.9338114 60.1690574),24.9338114,60.1690574,POI
551,,camera_surveillance,Point (24.9334051 60.1689202),24.9334051,60.1689202,POI
552,,camera_surveillance,Point (24.9331361 60.1688115),24.9331361,60.1688115,POI
553,,camera_surveillance,Point (24.9351103 60.1686909),24.9351103,60.1686909,POI
554,,camera_surveillance,Point (24.9364366 60.1689363),24.9364366,60.1689363,POI
555,,camera_surveillance,Point (24.9370801 60.169245),24.9370801,60.169245,POI
556,,camera_surveillance,Point (24.9351117 60.169084),24.9351117,60.169084,POI
557,,camera_surveillance,Point (24.9353667 60.1689285),24.9353667,60.1689285,POI
558,,camera_surveillance,Point (24.934746 60.1688624),24.934746,60.1688624,POI
559,,camera_surveillance,Point (24.9349765 60.1688943),24.9349765,60.1688943,POI
560,,camera_surveillance,Point (24.9340892 60.1690738),24.9340892,60.1690738,POI
561,,camera_surveillance,Point (24.9344835 60.1690802),24.9344835,60.1690802,POI
562,,camera_surveillance,Point (24.9345053 60.1690883),24.9345053,60.1690883,POI
563,,camera_surveillance,Point (24.934681 60.1691411),24.934681,60.1691411,POI
564,,camera_surveillance,Point (24.9344326 60.1692495),24.9344326,60.1692495,POI
565,,camera_surveillance,Point (24.9342981 60.169068),24.9342981,60.169068,POI
566,,camera_surveillance,Point (24.9342049 60.1691748),24.9342049,60.1691748,POI
567,,camera_surveillance,Point (24.9355103 60.1693347),24.9355103,60.1693347,POI
568,,camera_surveillance,Point (24.9355045 60.1693384),24.9355045,60.1693384,POI
569,,camera_surveillance,Point (24.9351017 60.1701663),24.9351017,60.1701663,POI
570,,camera_surveillance,Point (24.9355651 60.1705433),24.9355651,60.1705433,POI
571,,camera_surveillance,Point (24.9355658 60.1705316),24.9355658,60.1705316,POI
572,,camera_surveillance,Point (24.9353606 60.170769),24.9353606,60.170769,POI
573,,camera_surveillance,Point (24.9350807 60.1709987),24.9350807,60.1709987,POI
574,,camera_surveillance,Point (24.9346632 60.1712321),24.9346632,60.1712321,POI
575,,camera_surveillance,Point (24.9337816 60.1712227),24.9337816,60.1712227,POI
576,,camera_surveillance,Point (24.9341139 60.171045),24.9341139,60.171045,POI
577,,camera_surveillance,Point (24.9341436 60.171045),24.9341436,60.171045,POI
578,,camera_surveillance,Point (24.9344392 60.1710309),24.9344392,60.1710309,POI
579,,camera_surveillance,Point (24.9332119 60.1709173),24.9332119,60.1709173,POI
580,,camera_surveillance,Point (24.9323571 60.1707772),24.9323571,60.1707772,POI
581,,camera_surveillance,Point (24.9339712 60.1703467),24.9339712,60.1703467,POI
582,,camera_surveillance,Point (24.9340625 60.1702774),24.9340625,60.1702774,POI
583,,camera_surveillance,Point (24.9344865 60.1699136),24.9344865,60.1699136,POI
584,,camera_surveillance,Point (24.9340195 60.1697229),24.9340195,60.1697229,POI
585,,camera_surveillance,Point (24.9341929 60.1694926),24.9341929,60.1694926,POI
586,,camera_surveillance,Point (24.9314713 60.1684212),24.9314713,60.1684212,POI
587,,camera_surveillance,Point (24.9308842 60.1684823),24.9308842,60.1684823,POI
588,,camera_surveillance,Point (24.9312479 60.1685819),24.9312479,60.1685819,POI
589,,camera_surveillance,Point (24.9312533 60.1687345),24.9312533,60.1687345,POI
590,,camera_surveillance,Point (24.9301359 60.170062),24.9301359,60.170062,POI
591,,camera_surveillance,Point (24.9303779 60.1701154),24.9303779,60.1701154,POI
592,,camera_surveillance,Point (24.9304505 60.1701049),24.9304505,60.1701049,POI
593,,camera_surveillance,Point (24.9321017 60.169012),24.9321017,60.169012,POI
594,,camera_surveillance,Point (24.9327859 60.1695867),24.9327859,60.1695867,POI
595,,camera_surveillance,Point (24.9323277 60.1703711),24.9323277,60.1703711,POI
596,,camera_surveillance,Point (24.9326085 60.1697998),24.9326085,60.1697998,POI
597,Tursas ja vedenneito,artwork,Point (24.9393227 60.1674617),24.9393227,60.1674617,POI
598,,camera_surveillance,Point (24.9213582 60.173523),24.9213582,60.173523,POI
599,,camera_surveillance,Point (24.9309783 60.1737725),24.9309783,60.1737725,POI
600,,camera_surveillance,Point (24.9318847 60.1730602),24.9318847,60.1730602,POI
601,,camera_surveillance,Point (24.9314406 60.1724961),24.9314406,60.1724961,POI
602,,camera_surveillance,Point (24.9307061 60.1720739),24.9307061,60.1720739,POI
603,,camera_surveillance,Point (24.9306282 60.1720802),24.9306282,60.1720802,POI
604,,camera_surveillance,Point (24.9301519 60.1719345),24.9301519,60.1719345,POI
605,,camera_surveillance,Point (24.9293536 60.1713618),24.9293536,60.1713618,POI
606,,camera_surveillance,Point (24.9212884 60.1704476),24.9212884,60.1704476,POI
607,,camera_surveillance,Point (24.9236908 60.1690449),24.9236908,60.1690449,POI
608,,camera_surveillance,Point (24.9237195 60.16904),24.9237195,60.16904,POI
609,O. W. Louhivuori,memorial,Point (24.9232535 60.1720315),24.9232535,60.1720315,POI
610,Ravello,fast_food,Point (24.9439246 60.2130639),24.9439246,60.2130639,POI
611,,camera_surveillance,Point (24.9655488 60.1657282),24.9655488,60.1657282,POI
612,,camera_surveillance,Point (24.9568112 60.1681214),24.9568112,60.1681214,POI
613,,camera_surveillance,Point (24.9567885 60.168109),24.9567885,60.168109,POI
614,,camera_surveillance,Point (24.9308782 60.1713656),24.9308782,60.1713656,POI
615,,camera_surveillance,Point (24.9310384 60.1712475),24.9310384,60.1712475,POI
616,,camera_surveillance,Point (24.9315896 60.1714086),24.9315896,60.1714086,POI
617,,camera_surveillance,Point (24.9315078 60.1713748),24.9315078,60.1713748,POI
618,,camera_surveillance,Point (24.9337246 60.1733305),24.9337246,60.1733305,POI
619,,camera_surveillance,Point (24.9295292 60.169825),24.9295292,60.169825,POI
620,,camera_surveillance,Point (24.9300303 60.16816),24.9300303,60.16816,POI
621,,camera_surveillance,Point (24.9302919 60.1679593),24.9302919,60.1679593,POI
622,,camera_surveillance,Point (24.9307078 60.1677466),24.9307078,60.1677466,POI
623,,camera_surveillance,Point (24.9325856 60.1671239),24.9325856,60.1671239,POI
624,,camera_surveillance,Point (24.9331176 60.166967),24.9331176,60.166967,POI
625,,camera_surveillance,Point (24.9368835 60.1691674),24.9368835,60.1691674,POI
626,,camera_surveillance,Point (24.9369674 60.1696821),24.9369674,60.1696821,POI
627,K-Market,convenience,Point (24.9416121 60.1991582),24.9416121,60.1991582,POI
628,,camera_surveillance,Point (24.9232767 60.1644108),24.9232767,60.1644108,POI
629,,shelter,Point (24.8855413 60.1958668),24.8855413,60.1958668,POI
630,,camera_surveillance,Point (24.8787701 60.2086916),24.8787701,60.2086916,POI
631,,camera_surveillance,Point (24.8790064 60.2086449),24.8790064,60.2086449,POI
632,,camera_surveillance,Point (24.8988246 60.202571),24.8988246,60.202571,POI
633,,camera_surveillance,Point (24.9245132 60.1714957),24.9245132,60.1714957,POI
634,,camera_surveillance,Point (24.9257292 60.1715113),24.9257292,60.1715113,POI
635,,camera_surveillance,Point (24.870326 60.2154207),24.870326,60.2154207,POI
636,Otto,atm,Point (24.8999634 60.2168245),24.8999634,60.2168245,POI
637,,camera_surveillance,Point (24.9227761 60.169749),24.9227761,60.169749,POI
638,,camera_surveillance,Point (24.9325231 60.1715078),24.9325231,60.1715078,POI
639,,camera_surveillance,Point (24.9326859 60.1715798),24.9326859,60.1715798,POI
640,,camera_surveillance,Point (24.9337692 60.1720085),24.9337692,60.1720085,POI
641,,camera_surveillance,Point (24.9327113 60.17214),24.9327113,60.17214,POI
642,,camera_surveillance,Point (24.933637 60.1722707),24.933637,60.1722707,POI
643,,camera_surveillance,Point (24.9347566 60.1715971),24.9347566,60.1715971,POI
644,,camera_surveillance,Point (24.934341 60.1717035),24.934341,60.1717035,POI
645,,camera_surveillance,Point (24.9343389 60.1717097),24.9343389,60.1717097,POI
646,,camera_surveillance,Point (24.9343084 60.1714479),24.9343084,60.1714479,POI
647,,camera_surveillance,Point (24.9353665 60.1707889),24.9353665,60.1707889,POI
648,Maisemajuna,attraction,Point (24.9413818 60.1885406),24.9413818,60.1885406,POI
649,,camera_surveillance,Point (24.9409948 60.1887081),24.9409948,60.1887081,POI
650,,tourist_info,Point (24.9409948 60.1887081),24.9409948,60.1887081,POI
651,,camera_surveillance,Point (24.9406438 60.1887185),24.9406438,60.1887185,POI
652,,camera_surveillance,Point (24.9410524 60.1887044),24.9410524,60.1887044,POI
653,,camera_surveillance,Point (24.9493763 60.1857238),24.9493763,60.1857238,POI
654,,camera_surveillance,Point (24.9494031 60.1854215),24.9494031,60.1854215,POI
655,Ravintola Salpimienta,restaurant,Point (24.9532716 60.184836),24.9532716,60.184836,POI
656,Alepa,convenience,Point (24.9470977 60.1850968),24.9470977,60.1850968,POI
657,Neste K,convenience,Point (24.8859975 60.1967467),24.8859975,60.1967467,POI
658,Quick Wash,car_wash,Point (24.8861051 60.1966957),24.8861051,60.1966957,POI
659,,camera_surveillance,Point (24.8868692 60.1530049),24.8868692,60.1530049,POI
660,,camera_surveillance,Point (24.953401 60.183557),24.953401,60.183557,POI
661,Oiva,pub,Point (24.9512706 60.1818092),24.9512706,60.1818092,POI
662,Lie Mi,restaurant,Point (24.9252673 60.181093),24.9252673,60.181093,POI
663,,camera_surveillance,Point (24.9433403 60.1702163),24.9433403,60.1702163,POI
664,,camera_surveillance,Point (24.9387958 60.1681252),24.9387958,60.1681252,POI
665,Vironk?vij?in muistomerkki,memorial,Point (24.9407277 60.1663052),24.9407277,60.1663052,POI
666,,waste_basket,Point (24.9403295 60.1665811),24.9403295,60.1665811,POI
667,,camera_surveillance,Point (24.9426301 60.1702675),24.9426301,60.1702675,POI
668,,camera_surveillance,Point (24.9404805 60.170185),24.9404805,60.170185,POI
669,,camera_surveillance,Point (24.9409512 60.1701975),24.9409512,60.1701975,POI
670,Kultajousi,jeweller,Point (24.941043 60.1701695),24.941043,60.1701695,POI
671,,camera_surveillance,Point (24.9402335 60.1701798),24.9402335,60.1701798,POI
672,,camera_surveillance,Point (24.9399381 60.1701799),24.9399381,60.1701799,POI
673,,camera_surveillance,Point (24.939308 60.1700048),24.939308,60.1700048,POI
674,,camera_surveillance,Point (24.9377575 60.1698695),24.9377575,60.1698695,POI
675,,camera_surveillance,Point (24.9364172 60.170071),24.9364172,60.170071,POI
676,,camera_surveillance,Point (24.9376888 60.1694844),24.9376888,60.1694844,POI
677,,camera_surveillance,Point (24.9378769 60.1695548),24.9378769,60.1695548,POI
678,,camera_surveillance,Point (24.9380295 60.1696082),24.9380295,60.1696082,POI
679,,camera_surveillance,Point (24.9382468 60.169687),24.9382468,60.169687,POI
680,,camera_surveillance,Point (24.9392751 60.169005),24.9392751,60.169005,POI
681,,camera_surveillance,Point (24.9393164 60.1689807),24.9393164,60.1689807,POI
682,Burger King,fast_food,Point (24.9423457 60.1701983),24.9423457,60.1701983,POI
683,,camera_surveillance,Point (24.9424718 60.1669216),24.9424718,60.1669216,POI
684,,camera_surveillance,Point (24.9426328 60.1664079),24.9426328,60.1664079,POI
685,,camera_surveillance,Point (24.9426133 60.1661573),24.9426133,60.1661573,POI
686,,camera_surveillance,Point (24.9415034 60.1661869),24.9415034,60.1661869,POI
687,,bench,Point (24.9409233 60.1662882),24.9409233,60.1662882,POI
688,,bench,Point (24.9410025 60.1662317),24.9410025,60.1662317,POI
689,,waste_basket,Point (24.9409142 60.1663322),24.9409142,60.1663322,POI
690,,bench,Point (24.9410857 60.1661612),24.9410857,60.1661612,POI
691,,bench,Point (24.9411142 60.1661177),24.9411142,60.1661177,POI
692,,camera_surveillance,Point (24.9396178 60.1668244),24.9396178,60.1668244,POI
693,,camera_surveillance,Point (24.9395626 60.1673023),24.9395626,60.1673023,POI
694,,camera_surveillance,Point (24.9397115 60.1672408),24.9397115,60.1672408,POI
695,Ducky Bubble Tea & More,cafe,Point (24.9506357 60.175274),24.9506357,60.175274,POI
696,,camera_surveillance,Point (24.9173432 60.1744442),24.9173432,60.1744442,POI
697,,waste_basket,Point (24.9191579 60.1739342),24.9191579,60.1739342,POI
698,Huili tila,hairdresser,Point (24.9257459 60.1751527),24.9257459,60.1751527,POI
699,Villetta,restaurant,Point (24.9239451 60.1822047),24.9239451,60.1822047,POI
700,Alepa,convenience,Point (24.9428653 60.1917384),24.9428653,60.1917384,POI
701,Paavali,pub,Point (24.9619756 60.1967368),24.9619756,60.1967368,POI
702,,recycling_glass,Point (24.9246716 60.1633799),24.9246716,60.1633799,POI
703,,camera_surveillance,Point (24.9311939 60.1656068),24.9311939,60.1656068,POI
704,,camera_surveillance,Point (24.9499323 60.1908607),24.9499323,60.1908607,POI
705,,camera_surveillance,Point (24.9507972 60.1910096),24.9507972,60.1910096,POI
706,,camera_surveillance,Point (24.9378563 60.2003033),24.9378563,60.2003033,POI
707,,camera_surveillance,Point (24.9376653 60.2006749),24.9376653,60.2006749,POI
708,,camera_surveillance,Point (24.9377002 60.2011639),24.9377002,60.2011639,POI
709,,camera_surveillance,Point (24.9382564 60.201225),24.9382564,60.201225,POI
710,,camera_surveillance,Point (24.9384677 60.2008956),24.9384677,60.2008956,POI
711,,camera_surveillance,Point (24.9378936 60.2004767),24.9378936,60.2004767,POI
712,,camera_surveillance,Point (24.9378237 60.2006231),24.9378237,60.2006231,POI
713,,recycling_glass,Point (24.9497183 60.2025847),24.9497183,60.2025847,POI
714,Ugari,pub,Point (24.8775408 60.1995265),24.8775408,60.1995265,POI
715,,post_box,Point (24.9508276 60.1586848),24.9508276,60.1586848,POI
716,,camera_surveillance,Point (24.9428424 60.1707526),24.9428424,60.1707526,POI
717,,camera_surveillance,Point (24.9433754 60.1702417),24.9433754,60.1702417,POI
718,,camera_surveillance,Point (24.9392364 60.1697262),24.9392364,60.1697262,POI
719,,camera_surveillance,Point (24.9392125 60.1697404),24.9392125,60.1697404,POI
720,,camera_surveillance,Point (24.9492333 60.1729697),24.9492333,60.1729697,POI
721,,camera_surveillance,Point (24.9441353 60.1727483),24.9441353,60.1727483,POI
722,,camera_surveillance,Point (24.9440645 60.1726309),24.9440645,60.1726309,POI
723,,camera_surveillance,Point (24.9440544 60.1727268),24.9440544,60.1727268,POI
724,,camera_surveillance,Point (24.9453694 60.1719149),24.9453694,60.1719149,POI
725,,camera_surveillance,Point (24.9453733 60.1715997),24.9453733,60.1715997,POI
726,,camera_surveillance,Point (24.94537 60.171631),24.94537,60.171631,POI
727,,camera_surveillance,Point (24.9454024 60.171311),24.9454024,60.171311,POI
728,,camera_surveillance,Point (24.946116 60.1719957),24.946116,60.1719957,POI
729,R-Kioski,kiosk,Point (24.9418713 60.1710973),24.9418713,60.1710973,POI
730,,vending_any,Point (24.9414227 60.1711199),24.9414227,60.1711199,POI
731,R-Kioski,kiosk,Point (24.9407468 60.1712619),24.9407468,60.1712619,POI
732,,camera_surveillance,Point (24.9481595 60.1725281),24.9481595,60.1725281,POI
733,,camera_surveillance,Point (24.9385973 60.2003444),24.9385973,60.2003444,POI
734,,waste_basket,Point (24.9372491 60.2001084),24.9372491,60.2001084,POI
735,,waste_basket,Point (24.9372256 60.2000798),24.9372256,60.2000798,POI
736,,camera_surveillance,Point (24.9454486 60.1709246),24.9454486,60.1709246,POI
737,,camera_surveillance,Point (24.9453817 60.1715205),24.9453817,60.1715205,POI
738,,camera_surveillance,Point (24.9454576 60.1721051),24.9454576,60.1721051,POI
739,,camera_surveillance,Point (24.9454192 60.1724367),24.9454192,60.1724367,POI
740,,waste_basket,Point (24.9461513 60.1731489),24.9461513,60.1731489,POI
741,,camera_surveillance,Point (24.9474925 60.1729919),24.9474925,60.1729919,POI
742,,camera_surveillance,Point (24.9474995 60.1727357),24.9474995,60.1727357,POI
743,,camera_surveillance,Point (24.947271 60.172421),24.947271,60.172421,POI
744,,camera_surveillance,Point (24.947249 60.1726148),24.947249,60.1726148,POI
745,,camera_surveillance,Point (24.9475283 60.1724749),24.9475283,60.1724749,POI
746,,camera_surveillance,Point (24.9475771 60.1722342),24.9475771,60.1722342,POI
747,,camera_surveillance,Point (24.9464939 60.1720042),24.9464939,60.1720042,POI
748,,camera_surveillance,Point (24.9441869 60.1723663),24.9441869,60.1723663,POI
749,,camera_surveillance,Point (24.9441707 60.1723593),24.9441707,60.1723593,POI
750,,camera_surveillance,Point (24.9441582 60.1721855),24.9441582,60.1721855,POI
751,,camera_surveillance,Point (24.9440493 60.172916),24.9440493,60.172916,POI
752,,camera_surveillance,Point (24.9440654 60.1729187),24.9440654,60.1729187,POI
753,,camera_surveillance,Point (24.9434765 60.1727323),24.9434765,60.1727323,POI
754,,camera_surveillance,Point (24.9435469 60.1726197),24.9435469,60.1726197,POI
755,,camera_surveillance,Point (24.9434691 60.1726013),24.9434691,60.1726013,POI
756,,camera_surveillance,Point (24.9434995 60.1723533),24.9434995,60.1723533,POI
757,,camera_surveillance,Point (24.943551 60.1723412),24.943551,60.1723412,POI
758,,camera_surveillance,Point (24.9435894 60.1722093),24.9435894,60.1722093,POI
759,,camera_surveillance,Point (24.9433197 60.17214),24.9433197,60.17214,POI
760,,camera_surveillance,Point (24.9433764 60.1697879),24.9433764,60.1697879,POI
761,,camera_surveillance,Point (24.9361898 60.1706388),24.9361898,60.1706388,POI
762,,camera_surveillance,Point (24.9421821 60.1713081),24.9421821,60.1713081,POI
763,Robert's Coffee,cafe,Point (24.9413415 60.1711892),24.9413415,60.1711892,POI
764,Minuuttibaari,pub,Point (24.9415836 60.1711849),24.9415836,60.1711849,POI
765,,post_box,Point (24.9637333 60.1880799),24.9637333,60.1880799,POI
766,,camera_surveillance,Point (24.9482773 60.1631168),24.9482773,60.1631168,POI
767,,camera_surveillance,Point (24.9416271 60.1686792),24.9416271,60.1686792,POI
768,,camera_surveillance,Point (24.9418351 60.168704),24.9418351,60.168704,POI
769,,camera_surveillance,Point (24.9492155 60.1688984),24.9492155,60.1688984,POI
770,Pho Viet,restaurant,Point (24.945158 60.1695581),24.945158,60.1695581,POI
771,Roudaribaari IHME,pub,Point (24.9468593 60.1710739),24.9468593,60.1710739,POI
772,,camera_surveillance,Point (24.9474052 60.1716526),24.9474052,60.1716526,POI
773,,camera_surveillance,Point (24.9444249 60.169664),24.9444249,60.169664,POI
774,,camera_surveillance,Point (24.9448491 60.1697692),24.9448491,60.1697692,POI
775,,camera_surveillance,Point (24.9428129 60.1678452),24.9428129,60.1678452,POI
776,,camera_surveillance,Point (24.9425465 60.1693838),24.9425465,60.1693838,POI
777,,camera_surveillance,Point (24.9455536 60.1698868),24.9455536,60.1698868,POI
778,,camera_surveillance,Point (24.945633 60.1698514),24.945633,60.1698514,POI
779,,camera_surveillance,Point (24.9424776 60.1718511),24.9424776,60.1718511,POI
780,,camera_surveillance,Point (24.941843 60.1707949),24.941843,60.1707949,POI
781,,camera_surveillance,Point (24.9401637 60.1706953),24.9401637,60.1706953,POI
782,,camera_surveillance,Point (24.9416632 60.1702025),24.9416632,60.1702025,POI
783,,camera_surveillance,Point (24.9391227 60.1705658),24.9391227,60.1705658,POI
784,,camera_surveillance,Point (24.9391154 60.1705974),24.9391154,60.1705974,POI
785,,camera_surveillance,Point (24.9391605 60.1705091),24.9391605,60.1705091,POI
786,,shelter,Point (24.936927 60.1953976),24.936927,60.1953976,POI
787,,post_box,Point (24.9589923 60.171063),24.9589923,60.171063,POI
788,Namina,beauty_shop,Point (24.929777 60.1770204),24.929777,60.1770204,POI
789,,camera_surveillance,Point (24.9385226 60.1727358),24.9385226,60.1727358,POI
790,,camera_surveillance,Point (24.9384686 60.1721795),24.9384686,60.1721795,POI
791,,camera_surveillance,Point (24.9403638 60.1722296),24.9403638,60.1722296,POI
792,,camera_surveillance,Point (24.9393734 60.1715237),24.9393734,60.1715237,POI
793,,camera_surveillance,Point (24.9390279 60.1712657),24.9390279,60.1712657,POI
794,,camera_surveillance,Point (24.9395131 60.1727852),24.9395131,60.1727852,POI
795,,camera_surveillance,Point (24.9334939 60.1767141),24.9334939,60.1767141,POI
796,,camera_surveillance,Point (24.9324625 60.1762373),24.9324625,60.1762373,POI
797,,camera_surveillance,Point (24.9339754 60.1748585),24.9339754,60.1748585,POI
798,,camera_surveillance,Point (24.934307 60.1747949),24.934307,60.1747949,POI
799,,camera_surveillance,Point (24.9618852 60.202726),24.9618852,60.202726,POI
800,,camera_surveillance,Point (24.9617982 60.2027651),24.9617982,60.2027651,POI
801,Uruguayn suurl?hetyst?,embassy,Point (24.9421703 60.1654046),24.9421703,60.1654046,POI
802,Zio,shoe_shop,Point (24.9453202 60.1690033),24.9453202,60.1690033,POI
803,,camera_surveillance,Point (24.9452471 60.1693515),24.9452471,60.1693515,POI
804,,camera_surveillance,Point (24.9454155 60.1691749),24.9454155,60.1691749,POI
805,,camera_surveillance,Point (24.9453999 60.1693399),24.9453999,60.1693399,POI
806,Aseman Kello,jeweller,Point (24.9437168 60.168734),24.9437168,60.168734,POI
807,Synsam Erottaja,optician,Point (24.9427476 60.1666318),24.9427476,60.1666318,POI
808,,camera_surveillance,Point (24.9294574 60.1680303),24.9294574,60.1680303,POI
809,Moomin Shop Esplanadi,gift_shop,Point (24.9434978 60.1675678),24.9434978,60.1675678,POI
810,Marimekko,clothes,Point (24.9337059 60.1691642),24.9337059,60.1691642,POI
811,Mango,clothes,Point (24.9338468 60.1692113),24.9338468,60.1692113,POI
812,Vero Moda,clothes,Point (24.9337354 60.1694705),24.9337354,60.1694705,POI
813,Instrumentarium,optician,Point (24.9337127 60.1695045),24.9337127,60.1695045,POI
814,,camera_surveillance,Point (24.9432008 60.1677474),24.9432008,60.1677474,POI
815,,camera_surveillance,Point (24.9430879 60.1689211),24.9430879,60.1689211,POI
816,XXL Kluuvi,sports_shop,Point (24.9482089 60.1692964),24.9482089,60.1692964,POI
817,Jack & Jill,clothes,Point (24.9440292 60.1685087),24.9440292,60.1685087,POI
818,Joe & The Juice,cafe,Point (24.9482888 60.1690808),24.9482888,60.1690808,POI
819,,camera_surveillance,Point (24.9456619 60.1689821),24.9456619,60.1689821,POI
820,,camera_surveillance,Point (24.9456723 60.1689785),24.9456723,60.1689785,POI
821,,camera_surveillance,Point (24.9456199 60.1693355),24.9456199,60.1693355,POI
822,,camera_surveillance,Point (24.9463511 60.169734),24.9463511,60.169734,POI
823,,camera_surveillance,Point (24.9419689 60.1672177),24.9419689,60.1672177,POI
824,,camera_surveillance,Point (24.9421635 60.1670893),24.9421635,60.1670893,POI
825,,camera_surveillance,Point (24.9415438 60.1674941),24.9415438,60.1674941,POI
826,,camera_surveillance,Point (24.9411585 60.1672123),24.9411585,60.1672123,POI
827,,camera_surveillance,Point (24.9246467 60.1691223),24.9246467,60.1691223,POI
828,,camera_surveillance,Point (24.9247581 60.1690923),24.9247581,60.1690923,POI
829,,camera_surveillance,Point (24.924573 60.1660186),24.924573,60.1660186,POI
830,,camera_surveillance,Point (24.9325311 60.1643707),24.9325311,60.1643707,POI
831,,camera_surveillance,Point (24.9325936 60.1643914),24.9325936,60.1643914,POI
832,,camera_surveillance,Point (24.926099 60.1689132),24.926099,60.1689132,POI
833,,camera_surveillance,Point (24.9237983 60.1687097),24.9237983,60.1687097,POI
834,,camera_surveillance,Point (24.9238204 60.168706),24.9238204,60.168706,POI
835,,camera_surveillance,Point (24.9248226 60.1690217),24.9248226,60.1690217,POI
836,,camera_surveillance,Point (24.9384956 60.1656464),24.9384956,60.1656464,POI
837,,camera_surveillance,Point (24.9403952 60.1642582),24.9403952,60.1642582,POI
838,,camera_surveillance,Point (24.9404092 60.1642566),24.9404092,60.1642566,POI
839,,post_box,Point (24.928301 60.1707155),24.928301,60.1707155,POI
840,K. J. St?hlberg,memorial,Point (24.9338088 60.1731223),24.9338088,60.1731223,POI
841,P. E. Svinhufvud,memorial,Point (24.9342941 60.1723468),24.9342941,60.1723468,POI
842,,camera_surveillance,Point (24.9455148 60.1682308),24.9455148,60.1682308,POI
843,,camera_surveillance,Point (24.9455239 60.168139),24.9455239,60.168139,POI
844,Fiilinki,clothes,Point (24.9372731 60.1698897),24.9372731,60.1698897,POI
845,,camera_surveillance,Point (24.9454917 60.1681985),24.9454917,60.1681985,POI
846,Handelsbanken,bank,Point (24.9451524 60.1687808),24.9451524,60.1687808,POI
847,,camera_surveillance,Point (24.9452157 60.1688059),24.9452157,60.1688059,POI
848,,camera_surveillance,Point (24.9450077 60.168805),24.9450077,60.168805,POI
849,,camera_surveillance,Point (24.9439629 60.1686281),24.9439629,60.1686281,POI
850,,camera_surveillance,Point (24.9440514 60.1686437),24.9440514,60.1686437,POI
851,,camera_surveillance,Point (24.9406699 60.1723334),24.9406699,60.1723334,POI
852,,camera_surveillance,Point (24.9399725 60.1724187),24.9399725,60.1724187,POI
853,,camera_surveillance,Point (24.9288767 60.1676292),24.9288767,60.1676292,POI
854,,camera_surveillance,Point (24.9300715 60.1676176),24.9300715,60.1676176,POI
855,,camera_surveillance,Point (24.9382974 60.1635115),24.9382974,60.1635115,POI
856,,camera_surveillance,Point (24.9387232 60.1636767),24.9387232,60.1636767,POI
857,,camera_surveillance,Point (24.9387511 60.1631808),24.9387511,60.1631808,POI
858,,camera_surveillance,Point (24.9392582 60.1628877),24.9392582,60.1628877,POI
859,,camera_surveillance,Point (24.9399101 60.162796),24.9399101,60.162796,POI
860,,camera_surveillance,Point (24.9401056 60.162865),24.9401056,60.162865,POI
861,,camera_surveillance,Point (24.9406473 60.1630547),24.9406473,60.1630547,POI
862,,kiosk,Point (24.9240292 60.1672788),24.9240292,60.1672788,POI
863,Singapore,restaurant,Point (24.9244236 60.1674531),24.9244236,60.1674531,POI
864,Zio Pepe,restaurant,Point (24.9255287 60.167309),24.9255287,60.167309,POI
865,Kampin Kukka,florist,Point (24.9237368 60.1675385),24.9237368,60.1675385,POI
866,Bar Teos,bar,Point (24.924872 60.1805235),24.924872,60.1805235,POI
867,Ravintola Carelia,restaurant,Point (24.9270102 60.1814092),24.9270102,60.1814092,POI
868,Glory for you,beauty_shop,Point (24.9277267 60.1689708),24.9277267,60.1689708,POI
869,Saksalaisten sotilaiden hauta,memorial,Point (24.9397571 60.1656091),24.9397571,60.1656091,POI
870,,bench,Point (24.9399633 60.1659337),24.9399633,60.1659337,POI
871,,bench,Point (24.9400449 60.1658818),24.9400449,60.1658818,POI
872,,bench,Point (24.9402411 60.1658666),24.9402411,60.1658666,POI
873,,bench,Point (24.9403073 60.1658196),24.9403073,60.1658196,POI
874,,bench,Point (24.9397289 60.1660948),24.9397289,60.1660948,POI
875,,bench,Point (24.9396193 60.1661645),24.9396193,60.1661645,POI
876,,camera_surveillance,Point (24.9368747 60.1657183),24.9368747,60.1657183,POI
877,,camera_surveillance,Point (24.9311615 60.1634521),24.9311615,60.1634521,POI
878,,post_box,Point (24.9277307 60.1680483),24.9277307,60.1680483,POI
879,,camera_surveillance,Point (24.9275941 60.1672573),24.9275941,60.1672573,POI
880,,camera_surveillance,Point (24.9272817 60.1674235),24.9272817,60.1674235,POI
881,,camera_surveillance,Point (24.9331944 60.1642577),24.9331944,60.1642577,POI
882,,camera_surveillance,Point (24.9339304 60.1639751),24.9339304,60.1639751,POI
883,,camera_surveillance,Point (24.934508 60.1635957),24.934508,60.1635957,POI
884,,camera_surveillance,Point (24.9213195 60.1694754),24.9213195,60.1694754,POI
885,,camera_surveillance,Point (24.922148 60.1693982),24.922148,60.1693982,POI
886,,camera_surveillance,Point (24.924471 60.1618354),24.924471,60.1618354,POI
887,,camera_surveillance,Point (24.9244869 60.1618231),24.9244869,60.1618231,POI
888,,camera_surveillance,Point (24.9306028 60.17375),24.9306028,60.17375,POI
889,,camera_surveillance,Point (24.9378487 60.1647347),24.9378487,60.1647347,POI
890,,camera_surveillance,Point (24.9382698 60.164879),24.9382698,60.164879,POI
891,,camera_surveillance,Point (24.9404116 60.1696443),24.9404116,60.1696443,POI
892,,camera_surveillance,Point (24.9404145 60.1694805),24.9404145,60.1694805,POI
893,,camera_surveillance,Point (24.9407637 60.1694604),24.9407637,60.1694604,POI
894,,camera_surveillance,Point (24.9403822 60.1697193),24.9403822,60.1697193,POI
895,,camera_surveillance,Point (24.9404229 60.1700388),24.9404229,60.1700388,POI
896,,atm,Point (24.9411909 60.1689344),24.9411909,60.1689344,POI
897,,camera_surveillance,Point (24.9212753 60.1704546),24.9212753,60.1704546,POI
898,,camera_surveillance,Point (24.942136 60.1617807),24.942136,60.1617807,POI
899,,camera_surveillance,Point (24.9421324 60.1617701),24.9421324,60.1617701,POI
900,,camera_surveillance,Point (24.9415034 60.1615553),24.9415034,60.1615553,POI
901,,camera_surveillance,Point (24.9502677 60.190421),24.9502677,60.190421,POI
902,,camera_surveillance,Point (24.918431 60.1635935),24.918431,60.1635935,POI
903,,camera_surveillance,Point (24.9162562 60.1635411),24.9162562,60.1635411,POI
904,,camera_surveillance,Point (24.9159107 60.1635307),24.9159107,60.1635307,POI
905,,camera_surveillance,Point (24.9157287 60.1635248),24.9157287,60.1635248,POI
906,Gad Leinson,jeweller,Point (24.9378525 60.1673915),24.9378525,60.1673915,POI
907,,camera_surveillance,Point (24.9356033 60.166416),24.9356033,60.166416,POI
908,,camera_surveillance,Point (24.9352585 60.16647),24.9352585,60.16647,POI
909,,camera_surveillance,Point (24.935728 60.1666313),24.935728,60.1666313,POI
910,,camera_surveillance,Point (24.93581 60.1666584),24.93581,60.1666584,POI
911,,camera_surveillance,Point (24.9322832 60.1625608),24.9322832,60.1625608,POI
912,,camera_surveillance,Point (24.9352135 60.1626111),24.9352135,60.1626111,POI
913,,camera_surveillance,Point (24.9354666 60.1626796),24.9354666,60.1626796,POI
914,,camera_surveillance,Point (24.9323526 60.1623429),24.9323526,60.1623429,POI
915,,camera_surveillance,Point (24.9329335 60.1625513),24.9329335,60.1625513,POI
916,,fountain,Point (24.9321982 60.1603634),24.9321982,60.1603634,POI
917,,camera_surveillance,Point (24.9468935 60.1890542),24.9468935,60.1890542,POI
918,,camera_surveillance,Point (24.9470679 60.1891556),24.9470679,60.1891556,POI
919,,camera_surveillance,Point (24.9400382 60.1857093),24.9400382,60.1857093,POI
920,,camera_surveillance,Point (24.9400458 60.1857105),24.9400458,60.1857105,POI
921,,bench,Point (24.9258027 60.1763173),24.9258027,60.1763173,POI
922,,bench,Point (24.9256798 60.1763403),24.9256798,60.1763403,POI
923,,bench,Point (24.925855 60.1762064),24.925855,60.1762064,POI
924,,bench,Point (24.8850678 60.185513),24.8850678,60.185513,POI
925,Seurasaaren hiidenkirnu,attraction,Point (24.8856422 60.1789162),24.8856422,60.1789162,POI
926,,playground,Point (24.8819496 60.1802156),24.8819496,60.1802156,POI
927,,bench,Point (24.9105189 60.1708275),24.9105189,60.1708275,POI
928,,picnic_site,Point (24.9043856 60.1730072),24.9043856,60.1730072,POI
929,Alepa,convenience,Point (24.939996 60.1628557),24.939996,60.1628557,POI
930,,camera_surveillance,Point (24.9442004 60.1648301),24.9442004,60.1648301,POI
931,,camera_surveillance,Point (24.9554878 60.1708464),24.9554878,60.1708464,POI
932,,camera_surveillance,Point (24.9519261 60.1714512),24.9519261,60.1714512,POI
933,,camera_surveillance,Point (24.9624509 60.1688588),24.9624509,60.1688588,POI
934,Swad Indian Bistro & Bar,restaurant,Point (24.9622162 60.1683307),24.9622162,60.1683307,POI
935,,camera_surveillance,Point (24.9698112 60.1657554),24.9698112,60.1657554,POI
936,,bench,Point (24.97666 60.1662766),24.97666,60.1662766,POI
937,,bench,Point (24.9762745 60.1661474),24.9762745,60.1661474,POI
938,,bench,Point (24.9762705 60.1655893),24.9762705,60.1655893,POI
939,,bench,Point (24.9768499 60.1659551),24.9768499,60.1659551,POI
940,,bench,Point (24.9766514 60.165803),24.9766514,60.165803,POI
941,,bench,Point (24.9770616 60.1664099),24.9770616,60.1664099,POI
942,,camera_surveillance,Point (24.9663708 60.1661996),24.9663708,60.1661996,POI
943,Eurohostel,hostel,Point (24.9697727 60.1658016),24.9697727,60.1658016,POI
944,,camera_surveillance,Point (24.9658664 60.1658203),24.9658664,60.1658203,POI
945,Israelin suurl?hetyst?,embassy,Point (24.9364026 60.1686236),24.9364026,60.1686236,POI
946,,post_box,Point (24.9658538 60.1678852),24.9658538,60.1678852,POI
947,Cafe Red,cafe,Point (24.9265315 60.1714292),24.9265315,60.1714292,POI
948,Alko,beverages,Point (24.9303656 60.1611945),24.9303656,60.1611945,POI
949,Kanniston leipomo,bakery,Point (24.9368855 60.1592681),24.9368855,60.1592681,POI
950,Nerone,restaurant,Point (24.934894 60.1587015),24.934894,60.1587015,POI
951,Himalaya,restaurant,Point (24.9454495 60.1636579),24.9454495,60.1636579,POI
952,Ryan Thai,restaurant,Point (24.9472155 60.1723443),24.9472155,60.1723443,POI
953,,camera_surveillance,Point (24.9398611 60.1856839),24.9398611,60.1856839,POI
954,,camera_surveillance,Point (24.9403816 60.18576),24.9403816,60.18576,POI
955,,camera_surveillance,Point (24.9404103 60.1857585),24.9404103,60.1857585,POI
956,,waste_basket,Point (24.9545437 60.1979839),24.9545437,60.1979839,POI
957,,camera_surveillance,Point (24.9635314 60.168498),24.9635314,60.168498,POI
958,,camera_surveillance,Point (24.9622999 60.1675584),24.9622999,60.1675584,POI
959,,camera_surveillance,Point (24.9577486 60.1710349),24.9577486,60.1710349,POI
960,Karhulinnan ev?stila,picnic_site,Point (24.988771 60.1747669),24.988771,60.1747669,POI
961,,toilet,Point (24.9803111 60.175111),24.9803111,60.175111,POI
962,,picnic_site,Point (24.9826709 60.1725002),24.9826709,60.1725002,POI
963,,bench,Point (24.8745969 60.1601188),24.8745969,60.1601188,POI
964,Salon AMG,hairdresser,Point (24.8785109 60.1567797),24.8785109,60.1567797,POI
965,Persilja,restaurant,Point (24.8806749 60.1578965),24.8806749,60.1578965,POI
966,Ka-Shing,restaurant,Point (24.8868653 60.1606678),24.8868653,60.1606678,POI
967,,camera_surveillance,Point (24.9408373 60.1712731),24.9408373,60.1712731,POI
968,Apollo Live Club,nightclub,Point (24.938909 60.1687396),24.938909,60.1687396,POI
969,,waste_basket,Point (24.8746375 60.1585088),24.8746375,60.1585088,POI
970,,waste_basket,Point (24.8720815 60.159312),24.8720815,60.159312,POI
971,,bench,Point (24.8660495 60.1607409),24.8660495,60.1607409,POI
972,,waste_basket,Point (24.8659006 60.1607999),24.8659006,60.1607999,POI
973,,bench,Point (24.8892549 60.1582232),24.8892549,60.1582232,POI
974,,bench,Point (24.8890081 60.1582451),24.8890081,60.1582451,POI
975,,bench,Point (24.8887581 60.1582668),24.8887581,60.1582668,POI
976,,bench,Point (24.8797437 60.1555477),24.8797437,60.1555477,POI
977,,bench,Point (24.8783105 60.1554153),24.8783105,60.1554153,POI
978,,bench,Point (24.8909427 60.1924745),24.8909427,60.1924745,POI
979,,bench,Point (24.891114 60.1920656),24.891114,60.1920656,POI
980,,bench,Point (24.8914594 60.191844),24.8914594,60.191844,POI
981,,playground,Point (24.9013783 60.1895858),24.9013783,60.1895858,POI
982,Thai & China,restaurant,Point (24.88138 60.1534065),24.88138,60.1534065,POI
983,,post_box,Point (24.8852373 60.1493158),24.8852373,60.1493158,POI
984,,post_box,Point (24.8764438 60.1539339),24.8764438,60.1539339,POI
985,,waste_basket,Point (24.8833952 60.1500919),24.8833952,60.1500919,POI
986,,waste_basket,Point (24.8860964 60.1526362),24.8860964,60.1526362,POI
987,,bench,Point (24.8861133 60.1526295),24.8861133,60.1526295,POI
988,Viesti tele,computer_shop,Point (24.8872217 60.1594865),24.8872217,60.1594865,POI
989,,bench,Point (24.8910841 60.1580499),24.8910841,60.1580499,POI
990,,camera_surveillance,Point (24.9142257 60.1765869),24.9142257,60.1765869,POI
991,,camera_surveillance,Point (24.9142215 60.176582),24.9142215,60.176582,POI
992,,waste_basket,Point (24.9174426 60.1858239),24.9174426,60.1858239,POI
993,,bench,Point (24.9176862 60.1858182),24.9176862,60.1858182,POI
994,,waste_basket,Point (24.9172383 60.1858119),24.9172383,60.1858119,POI
995,,bench,Point (24.9179336 60.1856413),24.9179336,60.1856413,POI
996,,waste_basket,Point (24.9179223 60.1856646),24.9179223,60.1856646,POI
997,,post_box,Point (24.9113324 60.1634072),24.9113324,60.1634072,POI
998,,post_box,Point (24.8799867 60.1530307),24.8799867,60.1530307,POI
999,,camera_surveillance,Point (24.9305955 60.1619591),24.9305955,60.1619591,POI
1000,,waste_basket,Point (24.9324972 60.1618241),24.9324972,60.1618241,POI
1001,,bench,Point (24.9329497 60.1617315),24.9329497,60.1617315,POI
1002,,waste_basket,Point (24.9337261 60.1617125),24.9337261,60.1617125,POI
1003,,camera_surveillance,Point (24.9489277 60.167127),24.9489277,60.167127,POI
1004,,post_box,Point (24.9483688 60.167116),24.9483688,60.167116,POI
1005,,camera_surveillance,Point (24.9507455 60.1679255),24.9507455,60.1679255,POI
1006,,waste_basket,Point (24.8914829 60.191829),24.8914829,60.191829,POI
1007,,bench,Point (24.9474731 60.2019909),24.9474731,60.2019909,POI
1008,,waste_basket,Point (24.9417619 60.2021308),24.9417619,60.2021308,POI
1009,,camera_surveillance,Point (24.9489345 60.1986637),24.9489345,60.1986637,POI
1010,,camera_surveillance,Point (24.9532539 60.1740234),24.9532539,60.1740234,POI
1011,,camera_surveillance,Point (24.9514525 60.171574),24.9514525,60.171574,POI
1012,,post_box,Point (24.9533937 60.1700869),24.9533937,60.1700869,POI
1013,Sake Bar & Izakaya,bar,Point (24.9538626 60.1723893),24.9538626,60.1723893,POI
1014,,camera_surveillance,Point (24.9587319 60.1703921),24.9587319,60.1703921,POI
1015,,camera_surveillance,Point (24.9587319 60.1703699),24.9587319,60.1703699,POI
1016,,camera_surveillance,Point (24.9587352 60.1703383),24.9587352,60.1703383,POI
1017,,camera_surveillance,Point (24.956911 60.1741072),24.956911,60.1741072,POI
1018,,camera_surveillance,Point (24.9568893 60.1740964),24.9568893,60.1740964,POI
1019,,camera_surveillance,Point (24.9579415 60.1716195),24.9579415,60.1716195,POI
1020,,camera_surveillance,Point (24.9581681 60.1716291),24.9581681,60.1716291,POI
1021,Dong Bei Hu,restaurant,Point (24.9541231 60.17169),24.9541231,60.17169,POI
1022,Qulma,cafe,Point (24.9567948 60.1715619),24.9567948,60.1715619,POI
1023,,post_box,Point (24.9418105 60.1991479),24.9418105,60.1991479,POI
1024,,camera_surveillance,Point (24.9466191 60.1962412),24.9466191,60.1962412,POI
1025,,camera_surveillance,Point (24.9474544 60.1965464),24.9474544,60.1965464,POI
1026,,bench,Point (24.9487977 60.2069023),24.9487977,60.2069023,POI
1027,,bench,Point (24.9487917 60.2068034),24.9487917,60.2068034,POI
1028,,bench,Point (24.9486477 60.2070246),24.9486477,60.2070246,POI
1029,,waste_basket,Point (24.9488112 60.2068935),24.9488112,60.2068935,POI
1030,,waste_basket,Point (24.9486659 60.2070061),24.9486659,60.2070061,POI
1031,,camera_surveillance,Point (24.9532692 60.1735827),24.9532692,60.1735827,POI
1032,,camera_surveillance,Point (24.956222 60.1708645),24.956222,60.1708645,POI
1033,,camera_surveillance,Point (24.955846 60.170439),24.955846,60.170439,POI
1034,,camera_surveillance,Point (24.9559079 60.1690911),24.9559079,60.1690911,POI
1035,,camera_surveillance,Point (24.954534 60.1700885),24.954534,60.1700885,POI
1036,Hani Cafe'Chi,restaurant,Point (24.9590926 60.1743731),24.9590926,60.1743731,POI
1037,Sunday knitting club,doityourself,Point (24.9534009 60.1742038),24.9534009,60.1742038,POI
1038,Mulperipuu,furniture_shop,Point (24.9532942 60.1741999),24.9532942,60.1741999,POI
1039,Zen Sushi,restaurant,Point (24.9528392 60.1742447),24.9528392,60.1742447,POI
1040,Kruunu Optiikka,optician,Point (24.950622 60.1752328),24.950622,60.1752328,POI
1041,Helsingin Kellariteatteri,theatre,Point (24.951923 60.1741764),24.951923,60.1741764,POI
1042,,post_box,Point (24.9505395 60.1751532),24.9505395,60.1751532,POI
1043,Otto. automaatti (ATM),atm,Point (24.9534171 60.1740328),24.9534171,60.1740328,POI
1044,,viewpoint,Point (24.9873235 60.2120477),24.9873235,60.2120477,POI
1045,DFH Asian Market,convenience,Point (24.9532409 60.1799549),24.9532409,60.1799549,POI
1046,,camera_surveillance,Point (24.9556013 60.1789187),24.9556013,60.1789187,POI
1047,Mono sushi,restaurant,Point (24.9631039 60.1882355),24.9631039,60.1882355,POI
1048,,camera_surveillance,Point (24.9465536 60.2073849),24.9465536,60.2073849,POI
1049,,computer_shop,Point (24.9634889 60.1673531),24.9634889,60.1673531,POI
1050,,camera_surveillance,Point (24.9490776 60.1942079),24.9490776,60.1942079,POI
1051,,waste_basket,Point (24.9134988 60.1610458),24.9134988,60.1610458,POI
1052,,waste_basket,Point (24.9140522 60.1610097),24.9140522,60.1610097,POI
1053,,post_box,Point (24.88509 60.1535634),24.88509,60.1535634,POI
1054,,waste_basket,Point (24.8874743 60.1592846),24.8874743,60.1592846,POI
1055,,camera_surveillance,Point (24.9024815 60.1630638),24.9024815,60.1630638,POI
1056,,camera_surveillance,Point (24.9025218 60.1626135),24.9025218,60.1626135,POI
1057,,waste_basket,Point (24.9479011 60.2015696),24.9479011,60.2015696,POI
1058,,post_box,Point (24.9487228 60.2057913),24.9487228,60.2057913,POI
1059,,waste_basket,Point (24.9490034 60.2054267),24.9490034,60.2054267,POI
1060,StayAt,motel,Point (24.9654834 60.1673655),24.9654834,60.1673655,POI
1061,,camera_surveillance,Point (24.9626315 60.1674604),24.9626315,60.1674604,POI
1062,,waste_basket,Point (24.9253864 60.1763104),24.9253864,60.1763104,POI
1063,,waste_basket,Point (24.9258023 60.1763288),24.9258023,60.1763288,POI
1064,,waste_basket,Point (24.9566984 60.2042414),24.9566984,60.2042414,POI
1065,,waste_basket,Point (24.9483121 60.2062331),24.9483121,60.2062331,POI
1066,,camera_surveillance,Point (24.9457769 60.2089399),24.9457769,60.2089399,POI
1067,,camera_surveillance,Point (24.9463219 60.2089974),24.9463219,60.2089974,POI
1068,,camera_surveillance,Point (24.9469292 60.2091954),24.9469292,60.2091954,POI
1069,,camera_surveillance,Point (24.9469085 60.2091954),24.9469085,60.2091954,POI
1070,,camera_surveillance,Point (24.947427 60.2094115),24.947427,60.2094115,POI
1071,,recycling_clothes,Point (24.9522432 60.2107753),24.9522432,60.2107753,POI
1072,,waste_basket,Point (24.9478916 60.2068263),24.9478916,60.2068263,POI
1073,,bench,Point (24.9478774 60.206854),24.9478774,60.206854,POI
1074,,waste_basket,Point (24.9480499 60.2070785),24.9480499,60.2070785,POI
1075,,bench,Point (24.9480102 60.2070754),24.9480102,60.2070754,POI
1076,,camera_surveillance,Point (24.9472983 60.207597),24.9472983,60.207597,POI
1077,,camera_surveillance,Point (24.9457719 60.2089416),24.9457719,60.2089416,POI
1078,,camera_surveillance,Point (24.9475678 60.20945),24.9475678,60.20945,POI
1079,,waste_basket,Point (24.9518299 60.2108191),24.9518299,60.2108191,POI
1080,,waste_basket,Point (24.9130968 60.1609075),24.9130968,60.1609075,POI
1081,,waste_basket,Point (24.9417833 60.1991476),24.9417833,60.1991476,POI
1082,,waste_basket,Point (24.9437961 60.1990057),24.9437961,60.1990057,POI
1083,,camera_surveillance,Point (24.9477548 60.1973516),24.9477548,60.1973516,POI
1084,,bench,Point (24.9447184 60.1673636),24.9447184,60.1673636,POI
1085,Lapland hotels bulevardi,hotel,Point (24.935607 60.1636985),24.935607,60.1636985,POI
1086,,post_box,Point (24.9352768 60.1636221),24.9352768,60.1636221,POI
1087,Le Coucou Vert,restaurant,Point (24.9344398 60.1632799),24.9344398,60.1632799,POI
1088,Ruoholahdentorin yleis?vessa,toilet,Point (24.9128423 60.1623545),24.9128423,60.1623545,POI
1089,Argentiinan l?hetyst?,embassy,Point (24.9388484 60.1651262),24.9388484,60.1651262,POI
1090,,waste_basket,Point (24.943635 60.1866915),24.943635,60.1866915,POI
1091,R-Kioski,kiosk,Point (24.9661281 60.2083455),24.9661281,60.2083455,POI
1092,,camera_surveillance,Point (24.9463522 60.2076186),24.9463522,60.2076186,POI
1093,,camera_surveillance,Point (24.9462633 60.2077287),24.9462633,60.2077287,POI
1094,,recycling_glass,Point (24.9605845 60.2094924),24.9605845,60.2094924,POI
1095,,recycling_glass,Point (24.9395006 60.1929611),24.9395006,60.1929611,POI
1096,,bench,Point (24.9482005 60.205752),24.9482005,60.205752,POI
1097,,camera_surveillance,Point (24.9462675 60.207552),24.9462675,60.207552,POI
1098,,camera_surveillance,Point (24.9463456 60.2076114),24.9463456,60.2076114,POI
1099,,camera_surveillance,Point (24.9465599 60.2083121),24.9465599,60.2083121,POI
1100,,camera_surveillance,Point (24.947116 60.2085311),24.947116,60.2085311,POI
1101,Kisakyl?n kampaamo,hairdresser,Point (24.9479158 60.2088625),24.9479158,60.2088625,POI
1102,,waste_basket,Point (24.9468102 60.2088322),24.9468102,60.2088322,POI
1103,,camera_surveillance,Point (24.9478655 60.2095766),24.9478655,60.2095766,POI
1104,,camera_surveillance,Point (24.9475818 60.209757),24.9475818,60.209757,POI
1105,,waste_basket,Point (24.9564928 60.2126466),24.9564928,60.2126466,POI
1106,,bench,Point (24.9488239 60.210653),24.9488239,60.210653,POI
1107,,waste_basket,Point (24.9488842 60.2106528),24.9488842,60.2106528,POI
1108,ABC! Wash,car_wash,Point (24.9466118 60.2074166),24.9466118,60.2074166,POI
1109,,camera_surveillance,Point (24.9610754 60.1828342),24.9610754,60.1828342,POI
1110,,camera_surveillance,Point (24.9613466 60.1831205),24.9613466,60.1831205,POI
1111,,camera_surveillance,Point (24.9566255 60.1682799),24.9566255,60.1682799,POI
1112,,camera_surveillance,Point (24.9560553 60.1682743),24.9560553,60.1682743,POI
1113,,camera_surveillance,Point (24.9566224 60.1682995),24.9566224,60.1682995,POI
1114,,camera_surveillance,Point (24.8986042 60.1659176),24.8986042,60.1659176,POI
1115,,camera_surveillance,Point (24.8986188 60.1659173),24.8986188,60.1659173,POI
1116,Salon Eija Inkeri,hairdresser,Point (24.9589738 60.1960823),24.9589738,60.1960823,POI
1117,Sediqi Skor & Nyckelservice,shoe_shop,Point (24.9590874 60.1960314),24.9590874,60.1960314,POI
1118,,bench,Point (24.9558594 60.1957726),24.9558594,60.1957726,POI
1119,Ristorante Da Vinci,restaurant,Point (24.9499593 60.1802614),24.9499593,60.1802614,POI
1120,,camera_surveillance,Point (24.9621249 60.1837874),24.9621249,60.1837874,POI
1121,,camera_surveillance,Point (24.9470829 60.2096345),24.9470829,60.2096345,POI
1122,,waste_basket,Point (24.9466751 60.2097786),24.9466751,60.2097786,POI
1123,,camera_surveillance,Point (24.9466026 60.2093351),24.9466026,60.2093351,POI
1124,,bench,Point (24.935981 60.1935963),24.935981,60.1935963,POI
1125,,camera_surveillance,Point (24.9251726 60.1841927),24.9251726,60.1841927,POI
1126,,waste_basket,Point (24.9291109 60.1919619),24.9291109,60.1919619,POI
1127,,waste_basket,Point (24.9283638 60.1917614),24.9283638,60.1917614,POI
1128,,camera_surveillance,Point (24.9588905 60.1832306),24.9588905,60.1832306,POI
1129,Winberg Optiikka,optician,Point (24.9582732 60.1834665),24.9582732,60.1834665,POI
1130,Boneless,fast_food,Point (24.9532893 60.1880949),24.9532893,60.1880949,POI
1131,,camera_surveillance,Point (24.9529924 60.1899225),24.9529924,60.1899225,POI
1132,,camera_surveillance,Point (24.952926 60.190574),24.952926,60.190574,POI
1133,,camera_surveillance,Point (24.9529162 60.1906865),24.9529162,60.1906865,POI
1134,,camera_surveillance,Point (24.952891 60.1910208),24.952891,60.1910208,POI
1135,K-Market,convenience,Point (24.9540393 60.1742073),24.9540393,60.1742073,POI
1136,,camera_surveillance,Point (24.9226475 60.1772298),24.9226475,60.1772298,POI
1137,,post_box,Point (24.9447754 60.2088121),24.9447754,60.2088121,POI
1138,,recycling_clothes,Point (24.9446517 60.2088012),24.9446517,60.2088012,POI
1139,,camera_surveillance,Point (24.945728 60.209057),24.945728,60.209057,POI
1140,,camera_surveillance,Point (24.9456312 60.2093891),24.9456312,60.2093891,POI
1141,,camera_surveillance,Point (24.9456353 60.2093956),24.9456353,60.2093956,POI
1142,Yarsa,restaurant,Point (24.945149 60.1913636),24.945149,60.1913636,POI
1143,,camera_surveillance,Point (24.8992818 60.1660614),24.8992818,60.1660614,POI
1144,Saksan suurl?hetyst?,embassy,Point (24.8670433 60.1859981),24.8670433,60.1859981,POI
1145,,camera_surveillance,Point (24.9471624 60.210493),24.9471624,60.210493,POI
1146,,waste_basket,Point (24.9519167 60.2105966),24.9519167,60.2105966,POI
1147,,waste_basket,Point (24.9421889 60.210368),24.9421889,60.210368,POI
1148,,recycling_glass,Point (24.9428441 60.2103838),24.9428441,60.2103838,POI
1149,,waste_basket,Point (24.9430751 60.2097075),24.9430751,60.2097075,POI
1150,,waste_basket,Point (24.9443138 60.2094206),24.9443138,60.2094206,POI
1151,,waste_basket,Point (24.9440802 60.2093622),24.9440802,60.2093622,POI
1152,,waste_basket,Point (24.944428 60.2091772),24.944428,60.2091772,POI
1153,,camera_surveillance,Point (24.9456526 60.209757),24.9456526,60.209757,POI
1154,Viaporin Deli & Caf¨¦,cafe,Point (24.9854076 60.148816),24.9854076,60.148816,POI
1155,,waste_basket,Point (24.8756634 60.1571548),24.8756634,60.1571548,POI
1156,,camera_surveillance,Point (24.8991804 60.1661269),24.8991804,60.1661269,POI
1157,,camera_surveillance,Point (24.9017526 60.1652655),24.9017526,60.1652655,POI
1158,,camera_surveillance,Point (24.9012799 60.1655694),24.9012799,60.1655694,POI
1159,,camera_surveillance,Point (24.9009678 60.166018),24.9009678,60.166018,POI
1160,,artwork,Point (24.902163 60.1641905),24.902163,60.1641905,POI
1161,,camera_surveillance,Point (24.9021469 60.1639149),24.9021469,60.1639149,POI
1162,,camera_surveillance,Point (24.9028342 60.1634499),24.9028342,60.1634499,POI
1163,,bench,Point (24.9741452 60.2146092),24.9741452,60.2146092,POI
1164,,waste_basket,Point (24.9759778 60.21276),24.9759778,60.21276,POI
1165,,camera_surveillance,Point (24.97835 60.2119846),24.97835,60.2119846,POI
1166,,camera_surveillance,Point (24.9787296 60.2123827),24.9787296,60.2123827,POI
1167,S-market,supermarket,Point (24.9676947 60.2029061),24.9676947,60.2029061,POI
1168,K-Supermarket,supermarket,Point (24.9688995 60.2029607),24.9688995,60.2029607,POI
1169,Alko,beverages,Point (24.9679399 60.2025173),24.9679399,60.2025173,POI
1170,,waste_basket,Point (24.9708336 60.2125115),24.9708336,60.2125115,POI
1171,,waste_basket,Point (24.9744284 60.2139806),24.9744284,60.2139806,POI
1172,,waste_basket,Point (24.9735775 60.2128859),24.9735775,60.2128859,POI
1173,,waste_basket,Point (24.976344 60.2124545),24.976344,60.2124545,POI
1174,,bench,Point (24.9618594 60.2062268),24.9618594,60.2062268,POI
1175,,waste_basket,Point (24.9608503 60.2062242),24.9608503,60.2062242,POI
1176,,waste_basket,Point (24.9371932 60.2095996),24.9371932,60.2095996,POI
1177,T?htililja,florist,Point (24.9400069 60.2118647),24.9400069,60.2118647,POI
1178,,laundry,Point (24.9534962 60.2106797),24.9534962,60.2106797,POI
1179,,waste_basket,Point (24.9421583 60.2132967),24.9421583,60.2132967,POI
1180,,bench,Point (24.9426744 60.2119703),24.9426744,60.2119703,POI
1181,,waste_basket,Point (24.942161 60.2101626),24.942161,60.2101626,POI
1182,,waste_basket,Point (24.9416554 60.2096373),24.9416554,60.2096373,POI
1183,,camera_surveillance,Point (24.9398117 60.2079987),24.9398117,60.2079987,POI
1184,,camera_surveillance,Point (24.9398144 60.2079969),24.9398144,60.2079969,POI
1185,,bench,Point (24.9825918 60.2069435),24.9825918,60.2069435,POI
1186,,bench,Point (24.9825459 60.2062449),24.9825459,60.2062449,POI
1187,,camera_surveillance,Point (24.8869276 60.1633792),24.8869276,60.1633792,POI
1188,,waste_basket,Point (24.8876541 60.1637649),24.8876541,60.1637649,POI
1189,Kauneushoitola Saimaa,beauty_shop,Point (24.9375768 60.1945084),24.9375768,60.1945084,POI
1190,,waste_basket,Point (24.9520644 60.2014099),24.9520644,60.2014099,POI
1191,,camera_surveillance,Point (24.9662273 60.2014757),24.9662273,60.2014757,POI
1192,,post_box,Point (24.9509485 60.2039393),24.9509485,60.2039393,POI
1193,,camera_surveillance,Point (24.9508587 60.2040386),24.9508587,60.2040386,POI
1194,,bench,Point (24.9503375 60.2049031),24.9503375,60.2049031,POI
1195,,waste_basket,Point (24.9571423 60.2158834),24.9571423,60.2158834,POI
1196,,bench,Point (24.9560202 60.2160477),24.9560202,60.2160477,POI
1197,Auri Coffee,cafe,Point (24.9355791 60.1579505),24.9355791,60.1579505,POI
1198,,recycling_clothes,Point (24.9447365 60.1828846),24.9447365,60.1828846,POI
1199,Alppilan Kenk?,shoe_shop,Point (24.9470608 60.1901485),24.9470608,60.1901485,POI
1200,,camera_surveillance,Point (24.9471805 60.189834),24.9471805,60.189834,POI
1201,,camera_surveillance,Point (24.9462294 60.1902221),24.9462294,60.1902221,POI
1202,Alppilan Kultainen Kulaus,pub,Point (24.9483755 60.1907465),24.9483755,60.1907465,POI
1203,,post_box,Point (24.936994 60.1927785),24.936994,60.1927785,POI
1204,,bench,Point (24.9357958 60.192831),24.9357958,60.192831,POI
1205,,bench,Point (24.9356638 60.1930179),24.9356638,60.1930179,POI
1206,,waste_basket,Point (24.9356232 60.1930281),24.9356232,60.1930281,POI
1207,,waste_basket,Point (24.9357786 60.1928472),24.9357786,60.1928472,POI
1208,Boulderkeskus Pasila,sports_centre,Point (24.9324656 60.1959847),24.9324656,60.1959847,POI
1209,,bench,Point (24.9543838 60.2003752),24.9543838,60.2003752,POI
1210,,bench,Point (24.9542146 60.200447),24.9542146,60.200447,POI
1211,,bench,Point (24.9540319 60.2005053),24.9540319,60.2005053,POI
1212,,waste_basket,Point (24.9553057 60.1991227),24.9553057,60.1991227,POI
1213,,bench,Point (24.9553386 60.1991201),24.9553386,60.1991201,POI
1214,,waste_basket,Point (24.9543887 60.1992022),24.9543887,60.1992022,POI
1215,,waste_basket,Point (24.9502231 60.2034318),24.9502231,60.2034318,POI
1216,,waste_basket,Point (24.949756 60.2038844),24.949756,60.2038844,POI
1217,,waste_basket,Point (24.9497989 60.2040715),24.9497989,60.2040715,POI
1218,,camera_surveillance,Point (24.9609298 60.1672762),24.9609298,60.1672762,POI
1219,,waste_basket,Point (24.9613105 60.167574),24.9613105,60.167574,POI
1220,,waste_basket,Point (24.9616884 60.1678129),24.9616884,60.1678129,POI
1221,,waste_basket,Point (24.9672406 60.168956),24.9672406,60.168956,POI
1222,,camera_surveillance,Point (24.9690969 60.168305),24.9690969,60.168305,POI
1223,,camera_surveillance,Point (24.9698214 60.1682702),24.9698214,60.1682702,POI
1224,,bench,Point (24.9717255 60.1686403),24.9717255,60.1686403,POI
1225,,camera_surveillance,Point (24.9727022 60.1684466),24.9727022,60.1684466,POI
1226,,waste_basket,Point (24.9731814 60.1690322),24.9731814,60.1690322,POI
1227,,waste_basket,Point (24.9744924 60.1690785),24.9744924,60.1690785,POI
1228,,bench,Point (24.9471075 60.1675134),24.9471075,60.1675134,POI
1229,,bench,Point (24.9467248 60.1675066),24.9467248,60.1675066,POI
1230,,bench,Point (24.9466349 60.1674129),24.9466349,60.1674129,POI
1231,,bench,Point (24.9470909 60.1674246),24.9470909,60.1674246,POI
1232,,bench,Point (24.9481359 60.1675424),24.9481359,60.1675424,POI
1233,,bench,Point (24.9485522 60.167553),24.9485522,60.167553,POI
1234,,bench,Point (24.948098 60.16745),24.948098,60.16745,POI
1235,,bench,Point (24.9485478 60.1674608),24.9485478,60.1674608,POI
1236,,bench,Point (24.946447 60.1674974),24.946447,60.1674974,POI
1237,,bench,Point (24.9464656 60.1674086),24.9464656,60.1674086,POI
1238,,bench,Point (24.9469034 60.1675084),24.9469034,60.1675084,POI
1239,,bench,Point (24.9469066 60.1674198),24.9469066,60.1674198,POI
1240,,bench,Point (24.9486758 60.1675572),24.9486758,60.1675572,POI
1241,,bench,Point (24.9483289 60.1674556),24.9483289,60.1674556,POI
1242,,bench,Point (24.9483271 60.1675476),24.9483271,60.1675476,POI
1243,,bench,Point (24.9487352 60.1674654),24.9487352,60.1674654,POI
1244,,waste_basket,Point (24.945496 60.214016),24.945496,60.214016,POI
1245,,waste_basket,Point (24.946988 60.2144731),24.946988,60.2144731,POI
1246,,waste_basket,Point (24.949091 60.2151324),24.949091,60.2151324,POI
1247,,waste_basket,Point (24.9498561 60.2076687),24.9498561,60.2076687,POI
1248,Puukioski Munkkiniemi,cafe,Point (24.8764194 60.1982256),24.8764194,60.1982256,POI
1249,Puukioski Munkkiniemi,kiosk,Point (24.8764194 60.1982256),24.8764194,60.1982256,POI
1250,Ukko Munkki,restaurant,Point (24.8776374 60.199617),24.8776374,60.199617,POI
1251,Weeruska,restaurant,Point (24.9462775 60.1908082),24.9462775,60.1908082,POI
1252,,viewpoint,Point (24.9369352 60.191173),24.9369352,60.191173,POI
1253,,bench,Point (24.9411284 60.1922864),24.9411284,60.1922864,POI
1254,,bench,Point (24.9408841 60.192363),24.9408841,60.192363,POI
1255,,bench,Point (24.9412334 60.192307),24.9412334,60.192307,POI
1256,Suomen Hypoteekkiyhdistys,bank,Point (24.9418558 60.1661533),24.9418558,60.1661533,POI
1257,,viewpoint,Point (24.9370808 60.188953),24.9370808,60.188953,POI
1258,,camera_surveillance,Point (24.9536549 60.2168068),24.9536549,60.2168068,POI
1259,,waste_basket,Point (24.953184 60.2172577),24.953184,60.2172577,POI
1260,,camera_surveillance,Point (24.961291 60.1741044),24.961291,60.1741044,POI
1261,Pyorahuolto.com,bicycle_shop,Point (24.888781 60.1602179),24.888781,60.1602179,POI
1262,Larunpy?r?,bicycle_shop,Point (24.867946 60.1612702),24.867946,60.1612702,POI
1263,Hotel Anna,hotel,Point (24.9427302 60.1628713),24.9427302,60.1628713,POI
1264,,waste_basket,Point (24.9242727 60.185097),24.9242727,60.185097,POI
1265,Mo'De,bar,Point (24.9416568 60.1910369),24.9416568,60.1910369,POI
1266,,camera_surveillance,Point (24.9482399 60.1974151),24.9482399,60.1974151,POI
1267,,camera_surveillance,Point (24.9484289 60.197588),24.9484289,60.197588,POI
1268,,waste_basket,Point (24.9638748 60.2158253),24.9638748,60.2158253,POI
1269,Classic Pizza,restaurant,Point (24.9390899 60.1690533),24.9390899,60.1690533,POI
1270,Risto Rytin muistomerkki,memorial,Point (24.9288829 60.1776068),24.9288829,60.1776068,POI
1271,,post_box,Point (24.9249241 60.2026033),24.9249241,60.2026033,POI
1272,Oma maa mansikka,artwork,Point (24.9343987 60.1715476),24.9343987,60.1715476,POI
1273,,recycling_paper,Point (24.9411231 60.2102182),24.9411231,60.2102182,POI
1274,,bench,Point (24.877194 60.1651838),24.877194,60.1651838,POI
1275,,bench,Point (24.8764518 60.1649446),24.8764518,60.1649446,POI
1276,,waste_basket,Point (24.9475282 60.2074297),24.9475282,60.2074297,POI
1277,,waste_basket,Point (24.9477978 60.2075353),24.9477978,60.2075353,POI
1278,,waste_basket,Point (24.9461682 60.2071949),24.9461682,60.2071949,POI
1279,,picnic_site,Point (24.946357 60.2071496),24.946357,60.2071496,POI
1280,,shelter,Point (24.9520834 60.1790911),24.9520834,60.1790911,POI
1281,Chill & Grill,restaurant,Point (24.9448683 60.191201),24.9448683,60.191201,POI
1282,K-Market,convenience,Point (24.9460869 60.1908661),24.9460869,60.1908661,POI
1283,Alppilan Huone,bar,Point (24.9458154 60.1909739),24.9458154,60.1909739,POI
1284,,atm,Point (24.9426727 60.1916608),24.9426727,60.1916608,POI
1285,,recycling_clothes,Point (24.9438297 60.2138552),24.9438297,60.2138552,POI
1286,,bench,Point (24.9487588 60.1739487),24.9487588,60.1739487,POI
1287,,bench,Point (24.9481829 60.1739857),24.9481829,60.1739857,POI
1288,,bench,Point (24.9475915 60.1739161),24.9475915,60.1739161,POI
1289,,bench,Point (24.9470142 60.1739601),24.9470142,60.1739601,POI
1290,,bench,Point (24.9463574 60.17388),24.9463574,60.17388,POI
1291,,bench,Point (24.9455301 60.1739187),24.9455301,60.1739187,POI
1292,,bench,Point (24.9448319 60.1738433),24.9448319,60.1738433,POI
1293,,bench,Point (24.9401726 60.2035086),24.9401726,60.2035086,POI
1294,,waste_basket,Point (24.9429366 60.2071368),24.9429366,60.2071368,POI
1295,,waste_basket,Point (24.9429867 60.2056993),24.9429867,60.2056993,POI
1296,,waste_basket,Point (24.9414458 60.2046536),24.9414458,60.2046536,POI
1297,,waste_basket,Point (24.9404747 60.2020824),24.9404747,60.2020824,POI
1298,,camera_surveillance,Point (24.9484094 60.2047133),24.9484094,60.2047133,POI
1299,,bench,Point (24.9476168 60.2041459),24.9476168,60.2041459,POI
1300,,bench,Point (24.9479463 60.204423),24.9479463,60.204423,POI
1301,,camera_surveillance,Point (24.9486302 60.2044537),24.9486302,60.2044537,POI
1302,,post_box,Point (24.9305179 60.1722488),24.9305179,60.1722488,POI
1303,,waste_basket,Point (24.9430509 60.2069141),24.9430509,60.2069141,POI
1304,,camera_surveillance,Point (24.9374396 60.2060495),24.9374396,60.2060495,POI
1305,,waste_basket,Point (24.9438407 60.2088928),24.9438407,60.2088928,POI
1306,,waste_basket,Point (24.9397442 60.2080444),24.9397442,60.2080444,POI
1307,,post_box,Point (24.9255292 60.1723943),24.9255292,60.1723943,POI
1308,,bench,Point (24.868025 60.1870202),24.868025,60.1870202,POI
1309,Vapaamuurarin hauta,memorial,Point (24.9438466 60.1760079),24.9438466,60.1760079,POI
1310,,bench,Point (24.9439235 60.1739508),24.9439235,60.1739508,POI
1311,,bench,Point (24.9439247 60.173912),24.9439247,60.173912,POI
1312,,bench,Point (24.9314902 60.1661881),24.9314902,60.1661881,POI
1313,,bench,Point (24.9312326 60.1662512),24.9312326,60.1662512,POI
1314,,bench,Point (24.9316282 60.1661587),24.9316282,60.1661587,POI
1315,,bench,Point (24.8909361 60.1638616),24.8909361,60.1638616,POI
1316,,bench,Point (24.8922398 60.1630933),24.8922398,60.1630933,POI
1317,,bench,Point (24.8929356 60.1623239),24.8929356,60.1623239,POI
1318,,shelter,Point (24.8957489 60.2096143),24.8957489,60.2096143,POI
1319,,bench,Point (24.8787382 60.206918),24.8787382,60.206918,POI
1320,,camera_surveillance,Point (24.9481629 60.1973508),24.9481629,60.1973508,POI
1321,,camera_surveillance,Point (24.9486519 60.1977409),24.9486519,60.1977409,POI
1322,T??l?n py?r?,bicycle_shop,Point (24.9205559 60.1853774),24.9205559,60.1853774,POI
1323,Aktia,bank,Point (24.9504865 60.1778891),24.9504865,60.1778891,POI
1324,Elli Forssell & Janis Rozentals,memorial,Point (24.9928635 60.18542),24.9928635,60.18542,POI
1325,,kiosk,Point (24.9444215 60.173935),24.9444215,60.173935,POI
1326,,bench,Point (24.9509628 60.1766959),24.9509628,60.1766959,POI
1327,Heijastuksia,artwork,Point (24.9625622 60.1779758),24.9625622,60.1779758,POI
1328,,bench,Point (24.9633543 60.1785872),24.9633543,60.1785872,POI
1329,,bench,Point (24.9633839 60.1791409),24.9633839,60.1791409,POI
1330,,bench,Point (24.9395461 60.1969045),24.9395461,60.1969045,POI
1331,Ravintola Vire,restaurant,Point (24.9358236 60.1988665),24.9358236,60.1988665,POI
1332,,bench,Point (24.9358108 60.1999176),24.9358108,60.1999176,POI
1333,Helsingin Leikkiluola,playground,Point (24.9526092 60.179495),24.9526092,60.179495,POI
1334,Fredan murkina,restaurant,Point (24.9408081 60.1614688),24.9408081,60.1614688,POI
1335,Fuku,restaurant,Point (24.9340908 60.1662457),24.9340908,60.1662457,POI
1336,The Old Skiffer,restaurant,Point (24.9416739 60.1606229),24.9416739,60.1606229,POI
1337,Ryss?nk?rjen ilmatorjuntatykki -muistomerkki,attraction,Point (24.8897393 60.146317),24.8897393,60.146317,POI
1338,,waste_basket,Point (24.88318 60.1468202),24.88318,60.1468202,POI
1339,S?rkiniemen m?kkil?iset ry,tourist_info,Point (24.8825693 60.1471907),24.8825693,60.1471907,POI
1340,,tourist_info,Point (24.9470819 60.1517757),24.9470819,60.1517757,POI
1341,,bookshop,Point (24.9506082 60.1751343),24.9506082,60.1751343,POI
1342,R-Kioski,kiosk,Point (24.9528464 60.1741839),24.9528464,60.1741839,POI
1343,Family,restaurant,Point (24.9507776 60.1742542),24.9507776,60.1742542,POI
1344,,camera_surveillance,Point (24.9505974 60.1750974),24.9505974,60.1750974,POI
1345,,camera_surveillance,Point (24.9507519 60.174461),24.9507519,60.174461,POI
1346,,camera_surveillance,Point (24.9507793 60.1747131),24.9507793,60.1747131,POI
1347,,camera_surveillance,Point (24.9506503 60.1747579),24.9506503,60.1747579,POI
1348,,camera_surveillance,Point (24.9707417 60.1985078),24.9707417,60.1985078,POI
1349,El?m?n nektaria,artwork,Point (24.9003077 60.1631623),24.9003077,60.1631623,POI
1350,Ravintola Savoy,restaurant,Point (24.9472796 60.1669578),24.9472796,60.1669578,POI
1351,,bench,Point (24.9492773 60.2045313),24.9492773,60.2045313,POI
1352,,waste_basket,Point (24.9492585 60.2047709),24.9492585,60.2047709,POI
1353,,bench,Point (24.9495389 60.2051552),24.9495389,60.2051552,POI
1354,,bench,Point (24.949547 60.205058),24.949547,60.205058,POI
1355,Paavo Nurmi,memorial,Point (24.9268815 60.1843244),24.9268815,60.1843244,POI
1356,,post_box,Point (24.9445035 60.1720489),24.9445035,60.1720489,POI
1357,,recycling_glass,Point (24.9393811 60.1836965),24.9393811,60.1836965,POI
1358,,post_box,Point (24.9395977 60.1992198),24.9395977,60.1992198,POI
1359,,recycling_clothes,Point (24.9382619 60.1997739),24.9382619,60.1997739,POI
1360,,memorial,Point (24.9499721 60.2009867),24.9499721,60.2009867,POI
1361,,post_box,Point (24.9629524 60.1991824),24.9629524,60.1991824,POI
1362,,camera_surveillance,Point (24.9246585 60.2024872),24.9246585,60.2024872,POI
1363,,camera_surveillance,Point (24.9247171 60.202367),24.9247171,60.202367,POI
1364,,camera_surveillance,Point (24.9244069 60.2024509),24.9244069,60.2024509,POI
1365,,camera_surveillance,Point (24.9248235 60.2020772),24.9248235,60.2020772,POI
1366,,camera_surveillance,Point (24.9268606 60.1999961),24.9268606,60.1999961,POI
1367,,camera_surveillance,Point (24.9522879 60.175565),24.9522879,60.175565,POI
1368,,camera_surveillance,Point (24.9524858 60.1756817),24.9524858,60.1756817,POI
1369,,camera_surveillance,Point (24.9518179 60.1750801),24.9518179,60.1750801,POI
1370,,camera_surveillance,Point (24.9544291 60.1759477),24.9544291,60.1759477,POI
1371,,camera_surveillance,Point (24.9544415 60.1759447),24.9544415,60.1759447,POI
1372,,camera_surveillance,Point (24.9545567 60.175884),24.9545567,60.175884,POI
1373,,waste_basket,Point (24.9536021 60.1757659),24.9536021,60.1757659,POI
1374,,waste_basket,Point (24.9404835 60.1995437),24.9404835,60.1995437,POI
1375,,waste_basket,Point (24.9409225 60.199595),24.9409225,60.199595,POI
1376,,waste_basket,Point (24.9422195 60.1997527),24.9422195,60.1997527,POI
1377,,waste_basket,Point (24.9419716 60.2005986),24.9419716,60.2005986,POI
1378,,bench,Point (24.9441188 60.2012786),24.9441188,60.2012786,POI
1379,,bench,Point (24.9441523 60.2012811),24.9441523,60.2012811,POI
1380,,bench,Point (24.944192 60.201238),24.944192,60.201238,POI
1381,,bench,Point (24.9441384 60.2012329),24.9441384,60.2012329,POI
1382,,waste_basket,Point (24.9441002 60.2012719),24.9441002,60.2012719,POI
1383,,waste_basket,Point (24.9441648 60.2012264),24.9441648,60.2012264,POI
1384,,waste_basket,Point (24.9172825 60.2007517),24.9172825,60.2007517,POI
1385,,bench,Point (24.917342 60.201118),24.917342,60.201118,POI
1386,,waste_basket,Point (24.9177413 60.2010698),24.9177413,60.2010698,POI
1387,,bench,Point (24.9176496 60.2013426),24.9176496,60.2013426,POI
1388,,bench,Point (24.9175516 60.2013602),24.9175516,60.2013602,POI
1389,,bench,Point (24.9174318 60.2011126),24.9174318,60.2011126,POI
1390,,waste_basket,Point (24.9179626 60.2015251),24.9179626,60.2015251,POI
1391,,florist,Point (24.9227005 60.2022809),24.9227005,60.2022809,POI
1392,Gift & Flower Shop Agave Co.,gift_shop,Point (24.9229929 60.20231),24.9229929,60.20231,POI
1393,,camera_surveillance,Point (24.9270954 60.1995711),24.9270954,60.1995711,POI
1394,HUS,doctors,Point (24.927368 60.1984474),24.927368,60.1984474,POI
1395,,camera_surveillance,Point (24.9350031 60.1989363),24.9350031,60.1989363,POI
1396,,camera_surveillance,Point (24.937083 60.1992168),24.937083,60.1992168,POI
1397,,camera_surveillance,Point (24.9393706 60.1992805),24.9393706,60.1992805,POI
1398,,camera_surveillance,Point (24.9394831 60.1990448),24.9394831,60.1990448,POI
1399,,camera_surveillance,Point (24.9409163 60.1995317),24.9409163,60.1995317,POI
1400,,camera_surveillance,Point (24.9410714 60.1996593),24.9410714,60.1996593,POI
1401,,camera_surveillance,Point (24.94141 60.1993429),24.94141,60.1993429,POI
1402,,waste_basket,Point (24.9420862 60.2010498),24.9420862,60.2010498,POI
1403,,waste_basket,Point (24.9415402 60.2012595),24.9415402,60.2012595,POI
1404,,recycling_glass,Point (24.9417767 60.2012955),24.9417767,60.2012955,POI
1405,,bench,Point (24.9418512 60.2016291),24.9418512,60.2016291,POI
1406,,bench,Point (24.9418774 60.2015971),24.9418774,60.2015971,POI
1407,,waste_basket,Point (24.941869 60.2016141),24.941869,60.2016141,POI
1408,,bench,Point (24.9417235 60.2017676),24.9417235,60.2017676,POI
1409,,waste_basket,Point (24.9416979 60.2017927),24.9416979,60.2017927,POI
1410,,bench,Point (24.94167 60.2018115),24.94167,60.2018115,POI
1411,,waste_basket,Point (24.942373 60.2014463),24.942373,60.2014463,POI
1412,,bench,Point (24.9423425 60.2014491),24.9423425,60.2014491,POI
1413,,bench,Point (24.9423857 60.2014357),24.9423857,60.2014357,POI
1414,,waste_basket,Point (24.9443943 60.200962),24.9443943,60.200962,POI
1415,Shubha Kamana,restaurant,Point (24.929707 60.1736064),24.929707,60.1736064,POI
1416,,waste_basket,Point (24.9474529 60.2047997),24.9474529,60.2047997,POI
1417,,bench,Point (24.885622 60.1953549),24.885622,60.1953549,POI
1418,,bench,Point (24.8850013 60.1945257),24.8850013,60.1945257,POI
1419,,bench,Point (24.8834735 60.1932372),24.8834735,60.1932372,POI
1420,,bench,Point (24.880375 60.1923413),24.880375,60.1923413,POI
1421,,post_box,Point (24.926483 60.1812484),24.926483,60.1812484,POI
1422,,post_box,Point (24.9350672 60.1578617),24.9350672,60.1578617,POI
1423,Otto,atm,Point (24.9344634 60.1587456),24.9344634,60.1587456,POI
1424,Eco Beauty Wellness,beauty_shop,Point (24.9363921 60.1613728),24.9363921,60.1613728,POI
1425,OSUVA Kamppi,sports_centre,Point (24.9327511 60.1645366),24.9327511,60.1645366,POI
1426,B5 Black,cafe,Point (24.9234786 60.1788957),24.9234786,60.1788957,POI
1427,Picnic,cafe,Point (24.9233551 60.1797009),24.9233551,60.1797009,POI
1428,Kotipizza,fast_food,Point (24.9249583 60.1803689),24.9249583,60.1803689,POI
1429,Falafel ky,restaurant,Point (24.9196649 60.1740712),24.9196649,60.1740712,POI
1430,,shelter,Point (24.8834985 60.196493),24.8834985,60.196493,POI
1431,Bike company,bicycle_shop,Point (24.8664628 60.2036515),24.8664628,60.2036515,POI
1432,Cyclecenter,bicycle_shop,Point (24.9570501 60.1874906),24.9570501,60.1874906,POI
1433,Fillarikellari,bicycle_shop,Point (24.9380037 60.166709),24.9380037,60.166709,POI
1434,,waste_basket,Point (24.9553815 60.2144186),24.9553815,60.2144186,POI
1435,Kampaamo Olympia,hairdresser,Point (24.9561681 60.2127922),24.9561681,60.2127922,POI
1436,,waste_basket,Point (24.9031872 60.2036774),24.9031872,60.2036774,POI
1437,,bench,Point (24.903079 60.2037535),24.903079,60.2037535,POI
1438,,waste_basket,Point (24.9033504 60.1989643),24.9033504,60.1989643,POI
1439,,waste_basket,Point (24.9343254 60.1857975),24.9343254,60.1857975,POI
1440,,waste_basket,Point (24.9596319 60.206881),24.9596319,60.206881,POI
1441,,playground,Point (24.9492125 60.2108603),24.9492125,60.2108603,POI
1442,,waste_basket,Point (24.9495747 60.2051064),24.9495747,60.2051064,POI
1443,,waste_basket,Point (24.9505629 60.2041236),24.9505629,60.2041236,POI
1444,,recycling_paper,Point (24.9818961 60.1442612),24.9818961,60.1442612,POI
1445,,toilet,Point (24.984362 60.1445922),24.984362,60.1445922,POI
1446,,bench,Point (24.9849093 60.1444742),24.9849093,60.1444742,POI
1447,,bench,Point (24.9867262 60.1444623),24.9867262,60.1444623,POI
1448,,bench,Point (24.9876877 60.1454367),24.9876877,60.1454367,POI
1449,Caf¨¦ Vanille,cafe,Point (24.9851232 60.1479554),24.9851232,60.1479554,POI
1450,,bench,Point (24.9853973 60.1480808),24.9853973,60.1480808,POI
1451,,bench,Point (24.9852183 60.1482782),24.9852183,60.1482782,POI
1452,Adlerfelt,restaurant,Point (24.9863759 60.1445013),24.9863759,60.1445013,POI
1453,,camera_surveillance,Point (24.9489691 60.2044969),24.9489691,60.2044969,POI
1454,,camera_surveillance,Point (24.9489614 60.2044897),24.9489614,60.2044897,POI
1455,Syntym?,artwork,Point (24.9505367 60.2040047),24.9505367,60.2040047,POI
1456,,bench,Point (24.9855342 60.148381),24.9855342,60.148381,POI
1457,,bench,Point (24.9858986 60.1483388),24.9858986,60.1483388,POI
1458,,bench,Point (24.9848858 60.1485244),24.9848858,60.1485244,POI
1459,,bench,Point (24.9843773 60.1486151),24.9843773,60.1486151,POI
1460,Suomenlinnakeskus,tourist_info,Point (24.9876894 60.1452484),24.9876894,60.1452484,POI
1461,Suomenlinnan kuivatelakan katseluterassi,viewpoint,Point (24.9843436 60.1447135),24.9843436,60.1447135,POI
1462,,toilet,Point (24.9576702 60.2085997),24.9576702,60.2085997,POI
1463,Kumpulan maauimalan kahvio,cafe,Point (24.9576788 60.2084035),24.9576788,60.2084035,POI
1464,Punavuoren apteekki,pharmacy,Point (24.9403448 60.1620945),24.9403448,60.1620945,POI
1465,Ravintola Annapurna,restaurant,Point (24.9405138 60.1620091),24.9405138,60.1620091,POI
1466,,post_box,Point (24.9561452 60.1715742),24.9561452,60.1715742,POI
1467,,post_box,Point (24.9580417 60.1744391),24.9580417,60.1744391,POI
1468,Kotipizza,fast_food,Point (24.9564459 60.1708393),24.9564459,60.1708393,POI
1469,,toilet,Point (24.9827717 60.179699),24.9827717,60.179699,POI
1470,R-Kioski,kiosk,Point (24.9180564 60.1881357),24.9180564,60.1881357,POI
1471,T??l? Sports Bar,bar,Point (24.9179587 60.1882703),24.9179587,60.1882703,POI
1472,,post_box,Point (24.9181084 60.1878523),24.9181084,60.1878523,POI
1473,,post_box,Point (24.9158231 60.1849646),24.9158231,60.1849646,POI
1474,,recycling,Point (24.9681935 60.2024956),24.9681935,60.2024956,POI
1475,,post_box,Point (24.9472297 60.1852769),24.9472297,60.1852769,POI
1476,,post_box,Point (24.9451013 60.1567834),24.9451013,60.1567834,POI
1477,,recycling_clothes,Point (24.9490974 60.1902357),24.9490974,60.1902357,POI
1478,,tourist_info,Point (24.9853218 60.2146958),24.9853218,60.2146958,POI
1479,,picnic_site,Point (24.9851786 60.2135902),24.9851786,60.2135902,POI
1480,,bench,Point (24.983298 60.2112945),24.983298,60.2112945,POI
1481,Bar Oljenkorsi,pub,Point (24.9686854 60.2073198),24.9686854,60.2073198,POI
1482,,vending_parking,Point (24.917681 60.187847),24.917681,60.187847,POI
1483,,vending_parking,Point (24.930408 60.172308),24.930408,60.172308,POI
1484,,vending_parking,Point (24.929596 60.170504),24.929596,60.170504,POI
1485,,vending_parking,Point (24.9311629 60.1708147),24.9311629,60.1708147,POI
1486,,vending_parking,Point (24.9484131 60.1596696),24.9484131,60.1596696,POI
1487,,vending_parking,Point (24.9463945 60.1592677),24.9463945,60.1592677,POI
1488,,vending_parking,Point (24.942565 60.15924),24.942565,60.15924,POI
1489,,vending_parking,Point (24.9464294 60.1601582),24.9464294,60.1601582,POI
1490,,vending_parking,Point (24.94634 60.1610659),24.94634,60.1610659,POI
1491,,vending_parking,Point (24.946716 60.164152),24.946716,60.164152,POI
1492,,vending_parking,Point (24.94809 60.164234),24.94809,60.164234,POI
1493,,vending_parking,Point (24.948052 60.16246),24.948052,60.16246,POI
1494,,vending_parking,Point (24.948244 60.16093),24.948244,60.16093,POI
1495,,vending_parking,Point (24.9525332 60.1580481),24.9525332,60.1580481,POI
1496,,vending_parking,Point (24.949331 60.157676),24.949331,60.157676,POI
1497,,post_box,Point (24.9500962 60.1561271),24.9500962,60.1561271,POI
1498,,vending_parking,Point (24.953681 60.158169),24.953681,60.158169,POI
1499,,vending_parking,Point (24.953499 60.159195),24.953499,60.159195,POI
1500,,vending_parking,Point (24.950853 60.1586677),24.950853,60.1586677,POI
1501,,vending_parking,Point (24.9454076 60.1577745),24.9454076,60.1577745,POI
1502,,vending_parking,Point (24.946007 60.158605),24.946007,60.158605,POI
1503,KOM-teatteri,theatre,Point (24.9459757 60.1587825),24.9459757,60.1587825,POI
1504,,recycling_clothes,Point (24.9465184 60.1588555),24.9465184,60.1588555,POI
1505,,post_box,Point (24.9465321 60.159533),24.9465321,60.159533,POI
1506,,vending_parking,Point (24.9423477 60.1607675),24.9423477,60.1607675,POI
1507,,vending_parking,Point (24.940062 60.159375),24.940062,60.159375,POI
1508,,vending_parking,Point (24.937911 60.15846),24.937911,60.15846,POI
1509,,vending_parking,Point (24.937004 60.159231),24.937004,60.159231,POI
1510,,vending_parking,Point (24.9346887 60.1584341),24.9346887,60.1584341,POI
1511,,vending_parking,Point (24.93935 60.159849),24.93935,60.159849,POI
1512,,vending_parking,Point (24.941106 60.158525),24.941106,60.158525,POI
1513,,vending_parking,Point (24.9419252 60.1593719),24.9419252,60.1593719,POI
1514,,vending_parking,Point (24.943791 60.155361),24.943791,60.155361,POI
1515,,vending_parking,Point (24.9457398 60.1561097),24.9457398,60.1561097,POI
1516,,vending_parking,Point (24.950065 60.156099),24.950065,60.156099,POI
1517,K-Market,convenience,Point (24.9497538 60.1576697),24.9497538,60.1576697,POI
1518,,vending_parking,Point (24.9491996 60.1585511),24.9491996,60.1585511,POI
1519,,post_box,Point (24.9439165 60.158087),24.9439165,60.158087,POI
1520,,vending_parking,Point (24.943797 60.158234),24.943797,60.158234,POI
1521,,vending_parking,Point (24.943158 60.156866),24.943158,60.156866,POI
1522,,vending_parking,Point (24.941325 60.156413),24.941325,60.156413,POI
1523,,vending_parking,Point (24.947188 60.16278),24.947188,60.16278,POI
1524,,vending_parking,Point (24.944729 60.162661),24.944729,60.162661,POI
1525,,vending_parking,Point (24.9425504 60.1626521),24.9425504,60.1626521,POI
1526,,vending_parking,Point (24.941036 60.161262),24.941036,60.161262,POI
1527,,vending_parking,Point (24.937973 60.161095),24.937973,60.161095,POI
1528,,vending_parking,Point (24.937011 60.161777),24.937011,60.161777,POI
1529,,vending_parking,Point (24.937671 60.163956),24.937671,60.163956,POI
1530,,vending_parking,Point (24.9484932 60.1672569),24.9484932,60.1672569,POI
1531,,vending_parking,Point (24.945966 60.166269),24.945966,60.166269,POI
1532,,vending_parking,Point (24.948019 60.165474),24.948019,60.165474,POI
1533,,vending_parking,Point (24.940644 60.16656),24.940644,60.16656,POI
1534,,vending_parking,Point (24.951334 60.163676),24.951334,60.163676,POI
1535,,vending_parking,Point (24.9504385 60.1647353),24.9504385,60.1647353,POI
1536,,vending_parking,Point (24.94976 60.166105),24.94976,60.166105,POI
1537,,vending_parking,Point (24.951212 60.155316),24.951212,60.155316,POI
1538,,vending_parking,Point (24.93664 60.1597259),24.93664,60.1597259,POI
1539,,vending_parking,Point (24.933986 60.160023),24.933986,60.160023,POI
1540,,vending_parking,Point (24.9354677 60.1572079),24.9354677,60.1572079,POI
1541,,vending_parking,Point (24.9398609 60.1574425),24.9398609,60.1574425,POI
1542,Laivurin valinta,convenience,Point (24.9414424 60.1581535),24.9414424,60.1581535,POI
1543,,post_box,Point (24.9426372 60.1554282),24.9426372,60.1554282,POI
1544,,vending_parking,Point (24.9404432 60.1547772),24.9404432,60.1547772,POI
1545,,vending_parking,Point (24.947733 60.154869),24.947733,60.154869,POI
1546,,vending_parking,Point (24.955632 60.159963),24.955632,60.159963,POI
1547,,vending_parking,Point (24.9378536 60.157815),24.9378536,60.157815,POI
1548,R??perin Hopstop,bar,Point (24.9423082 60.1631809),24.9423082,60.1631809,POI
1549,,post_box,Point (24.9410228 60.1638636),24.9410228,60.1638636,POI
1550,,vending_parking,Point (24.93948 60.164924),24.93948,60.164924,POI
1551,,vending_parking,Point (24.938742 60.165684),24.938742,60.165684,POI
1552,Palace Hotel,hotel,Point (24.9522492 60.1651688),24.9522492,60.1651688,POI
1553,,picnic_site,Point (24.8859217 60.1794993),24.8859217,60.1794993,POI
1554,,waste_basket,Point (24.8842467 60.1857481),24.8842467,60.1857481,POI
1555,,waste_basket,Point (24.8852725 60.1802232),24.8852725,60.1802232,POI
1556,Noodle story,restaurant,Point (24.9418367 60.1851414),24.9418367,60.1851414,POI
1557,Kaffe Liiteri,cafe,Point (24.8850016 60.1831369),24.8850016,60.1831369,POI
1558,,waste_basket,Point (24.8876164 60.1827897),24.8876164,60.1827897,POI
1559,,viewpoint,Point (24.9376811 60.1866519),24.9376811,60.1866519,POI
1560,,bench,Point (24.8832626 60.1799948),24.8832626,60.1799948,POI
1561,,waste_basket,Point (24.9461382 60.2099206),24.9461382,60.2099206,POI
1562,,waste_basket,Point (24.9474094 60.2020209),24.9474094,60.2020209,POI
1563,,waste_basket,Point (24.9517809 60.2027301),24.9517809,60.2027301,POI
1564,,waste_basket,Point (24.9490521 60.2045383),24.9490521,60.2045383,POI
1565,,vending_parking,Point (24.9586103 60.1683436),24.9586103,60.1683436,POI
1566,,post_box,Point (24.9619105 60.1672699),24.9619105,60.1672699,POI
1567,,recycling_glass,Point (24.9620042 60.1678211),24.9620042,60.1678211,POI
1568,,vending_parking,Point (24.964256 60.167101),24.964256,60.167101,POI
1569,,vending_parking,Point (24.967293 60.166309),24.967293,60.166309,POI
1570,,bench,Point (24.972208 60.1668301),24.972208,60.1668301,POI
1571,,waste_basket,Point (24.9729296 60.1670447),24.9729296,60.1670447,POI
1572,,waste_basket,Point (24.9735909 60.1671957),24.9735909,60.1671957,POI
1573,,waste_basket,Point (24.9750778 60.1674858),24.9750778,60.1674858,POI
1574,,bench,Point (24.9752466 60.1678847),24.9752466,60.1678847,POI
1575,,waste_basket,Point (24.9749979 60.1679645),24.9749979,60.1679645,POI
1576,,waste_basket,Point (24.9486757 60.1875676),24.9486757,60.1875676,POI
1577,,waste_basket,Point (24.9493283 60.186657),24.9493283,60.186657,POI
1578,,vending_parking,Point (24.9501996 60.1866747),24.9501996,60.1866747,POI
1579,,recycling_glass,Point (24.9511869 60.1869177),24.9511869,60.1869177,POI
1580,,vending_parking,Point (24.9516555 60.1854011),24.9516555,60.1854011,POI
1581,,bench,Point (24.9519588 60.1840525),24.9519588,60.1840525,POI
1582,,waste_basket,Point (24.9519955 60.1840537),24.9519955,60.1840537,POI
1583,,bench,Point (24.952069 60.1840555),24.952069,60.1840555,POI
1584,,bench,Point (24.9522038 60.1840586),24.9522038,60.1840586,POI
1585,,waste_basket,Point (24.9521313 60.1840586),24.9521313,60.1840586,POI
1586,,waste_basket,Point (24.9528136 60.1838926),24.9528136,60.1838926,POI
1587,,waste_basket,Point (24.9524963 60.1837731),24.9524963,60.1837731,POI
1588,Kotipizza,fast_food,Point (24.9529871 60.1829785),24.9529871,60.1829785,POI
1589,Parturi-kampaamo Emilia,hairdresser,Point (24.9514344 60.1819446),24.9514344,60.1819446,POI
1590,Harlekiini,cafe,Point (24.951355 60.1818784),24.951355,60.1818784,POI
1591,,vending_parking,Point (24.950245 60.181284),24.950245,60.181284,POI
1592,,bench,Point (24.9502701 60.1789946),24.9502701,60.1789946,POI
1593,,bench,Point (24.950285 60.1788467),24.950285,60.1788467,POI
1594,Otto. automaatti 24 h (ATM),atm,Point (24.9507568 60.1779697),24.9507568,60.1779697,POI
1595,,bench,Point (24.9536025 60.1711304),24.9536025,60.1711304,POI
1596,,camera_surveillance,Point (24.9533524 60.1702756),24.9533524,60.1702756,POI
1597,,camera_surveillance,Point (24.9570303 60.1689327),24.9570303,60.1689327,POI
1598,,camera_surveillance,Point (24.9572681 60.1688293),24.9572681,60.1688293,POI
1599,P?iv?koti Arabia,kindergarten,Point (24.9757566 60.203836),24.9757566,60.203836,POI
1600,,waste_basket,Point (24.95354 60.2026077),24.95354,60.2026077,POI
1601,,bench,Point (24.9475017 60.2019691),24.9475017,60.2019691,POI
1602,,waste_basket,Point (24.9475124 60.2019438),24.9475124,60.2019438,POI
1603,,bench,Point (24.9490076 60.2011628),24.9490076,60.2011628,POI
1604,,bench,Point (24.9490879 60.2011459),24.9490879,60.2011459,POI
1605,,bench,Point (24.9491615 60.2011323),24.9491615,60.2011323,POI
1606,,waste_basket,Point (24.9491158 60.2011417),24.9491158,60.2011417,POI
1607,,waste_basket,Point (24.9490441 60.2011558),24.9490441,60.2011558,POI
1608,,waste_basket,Point (24.9509927 60.2015468),24.9509927,60.2015468,POI
1609,Beard Park Kallio,hairdresser,Point (24.9521264 60.1843048),24.9521264,60.1843048,POI
1610,,recycling_clothes,Point (24.9498788 60.1851639),24.9498788,60.1851639,POI
1611,,camera_surveillance,Point (24.9499653 60.1853456),24.9499653,60.1853456,POI
1612,,camera_surveillance,Point (24.9499854 60.1853547),24.9499854,60.1853547,POI
1613,fl?t no 14,cafe,Point (24.951961 60.1836377),24.951961,60.1836377,POI
1614,,vending_parking,Point (24.952074 60.183611),24.952074,60.183611,POI
1615,Otto,atm,Point (24.9528193 60.1833282),24.9528193,60.1833282,POI
1616,R-Kioski,kiosk,Point (24.9528927 60.1832719),24.9528927,60.1832719,POI
1617,Om'pu,pub,Point (24.9497277 60.1826161),24.9497277,60.1826161,POI
1618,Pressapari,pub,Point (24.9431072 60.1849601),24.9431072,60.1849601,POI
1619,,camera_surveillance,Point (24.9401384 60.1844197),24.9401384,60.1844197,POI
1620,Konnichiwa,restaurant,Point (24.9508157 60.1820329),24.9508157,60.1820329,POI
1621,Rinta-Jouppi,car_dealership,Point (24.9438148 60.1835466),24.9438148,60.1835466,POI
1622,,post_box,Point (24.9447903 60.1642124),24.9447903,60.1642124,POI
1623,,shelter,Point (24.9313648 60.1547364),24.9313648,60.1547364,POI
1624,Eiran Kukkakioski,kiosk,Point (24.9407759 60.1581964),24.9407759,60.1581964,POI
1625,Rotary International,memorial,Point (24.9484032 60.1557103),24.9484032,60.1557103,POI
1626,,bench,Point (24.9251681 60.1632462),24.9251681,60.1632462,POI
1627,,bench,Point (24.9252743 60.1631844),24.9252743,60.1631844,POI
1628,Kulmakahvi 48,cafe,Point (24.9266209 60.1640135),24.9266209,60.1640135,POI
1629,Kulmakahvi 48,kiosk,Point (24.9266209 60.1640135),24.9266209,60.1640135,POI
1630,Lidl,supermarket,Point (24.8804491 60.1545463),24.8804491,60.1545463,POI
1631,,vending_parking,Point (24.949143 60.171804),24.949143,60.171804,POI
1632,Dressman,clothes,Point (24.946727 60.1690305),24.946727,60.1690305,POI
1633,Samovar,restaurant,Point (24.9522829 60.1686704),24.9522829,60.1686704,POI
1634,Pizzeria Via Tribunali,restaurant,Point (24.952034 60.1684753),24.952034,60.1684753,POI
1635,Ravintola EMO,restaurant,Point (24.947522 60.1662395),24.947522,60.1662395,POI
1636,,vending_parking,Point (24.944829 60.167802),24.944829,60.167802,POI
1637,,vending_parking,Point (24.943601 60.167774),24.943601,60.167774,POI
1638,Ingman,kiosk,Point (24.9498088 60.1676226),24.9498088,60.1676226,POI
1639,,vending_parking,Point (24.924778 60.1763555),24.924778,60.1763555,POI
1640,,vending_parking,Point (24.925385 60.177089),24.925385,60.177089,POI
1641,,vending_parking,Point (24.923034 60.176785),24.923034,60.176785,POI
1642,,vending_parking,Point (24.945436 60.164114),24.945436,60.164114,POI
1643,,vending_parking,Point (24.9490216 60.1647033),24.9490216,60.1647033,POI
1644,,vending_parking,Point (24.948095 60.164872),24.948095,60.164872,POI
1645,,vending_parking,Point (24.949972 60.164208),24.949972,60.164208,POI
1646,,vending_parking,Point (24.950393 60.1679352),24.950393,60.1679352,POI
1647,,post_box,Point (24.9506418 60.1679396),24.9506418,60.1679396,POI
1648,,camera_surveillance,Point (24.9437155 60.1676064),24.9437155,60.1676064,POI
1649,Ilves,theatre,Point (24.9457756 60.2170683),24.9457756,60.2170683,POI
1650,,vending_parking,Point (24.942422 60.191516),24.942422,60.191516,POI
1651,,waste_basket,Point (24.9548412 60.2141293),24.9548412,60.2141293,POI
1652,,waste_basket,Point (24.9541902 60.213871),24.9541902,60.213871,POI
1653,,bench,Point (24.9542196 60.2138777),24.9542196,60.2138777,POI
1654,,bench,Point (24.9533901 60.213974),24.9533901,60.213974,POI
1655,,waste_basket,Point (24.9501553 60.2021391),24.9501553,60.2021391,POI
1656,,waste_basket,Point (24.9494301 60.2023927),24.9494301,60.2023927,POI
1657,Voimalamuseo,museum,Point (24.9806796 60.2161203),24.9806796,60.2161203,POI
1658,Koskenranta,restaurant,Point (24.9850075 60.2161035),24.9850075,60.2161035,POI
1659,,waste_basket,Point (24.9824225 60.2138095),24.9824225,60.2138095,POI
1660,,bench,Point (24.9823777 60.2138338),24.9823777,60.2138338,POI
1661,,bench,Point (24.9788928 60.2141621),24.9788928,60.2141621,POI
1662,,atm,Point (24.9400332 60.1893244),24.9400332,60.1893244,POI
1663,,post_box,Point (24.9414904 60.1711914),24.9414904,60.1711914,POI
1664,,post_box,Point (24.9413808 60.1709341),24.9413808,60.1709341,POI
1665,,post_box,Point (24.9541048 60.2119386),24.9541048,60.2119386,POI
1666,,bench,Point (24.9487265 60.2106622),24.9487265,60.2106622,POI
1667,,bench,Point (24.9486464 60.2106747),24.9486464,60.2106747,POI
1668,,waste_basket,Point (24.948587 60.2106883),24.948587,60.2106883,POI
1669,,vending_parking,Point (24.926754 60.177503),24.926754,60.177503,POI
1670,,vending_parking,Point (24.925909 60.169893),24.925909,60.169893,POI
1671,Nosto 3415 S-market Pit?j?nm?ki,atm,Point (24.8695051 60.2176349),24.8695051,60.2176349,POI
1672,,waste_basket,Point (24.9495675 60.2019851),24.9495675,60.2019851,POI
1673,,waste_basket,Point (24.9498331 60.201502),24.9498331,60.201502,POI
1674,K-Market,convenience,Point (24.9784919 60.2120457),24.9784919,60.2120457,POI
1675,,memorial,Point (24.9755269 60.2120949),24.9755269,60.2120949,POI
1676,,post_box,Point (24.9386521 60.1695014),24.9386521,60.1695014,POI
1677,Iguana,restaurant,Point (24.967195 60.2026858),24.967195,60.2026858,POI
1678,,toilet,Point (24.9680796 60.2029757),24.9680796,60.2029757,POI
1679,China Flavor,restaurant,Point (24.9685203 60.2027476),24.9685203,60.2027476,POI
1680,Robert's Coffee,cafe,Point (24.9683994 60.2026943),24.9683994,60.2026943,POI
1681,,bench,Point (24.9741977 60.2082056),24.9741977,60.2082056,POI
1682,,waste_basket,Point (24.9741617 60.2081802),24.9741617,60.2081802,POI
1683,Suomalaisten sotilaiden hauta,memorial,Point (24.9404558 60.1658302),24.9404558,60.1658302,POI
1684,,bench,Point (24.9406467 60.1657749),24.9406467,60.1657749,POI
1685,,bench,Point (24.9400435 60.1655835),24.9400435,60.1655835,POI
1686,,bench,Point (24.9398301 60.1655098),24.9398301,60.1655098,POI
1687,,bench,Point (24.939157 60.1658885),24.939157,60.1658885,POI
1688,,bench,Point (24.9397118 60.1663572),24.9397118,60.1663572,POI
1689,,bench,Point (24.9404499 60.1664065),24.9404499,60.1664065,POI
1690,Grillikioski,fast_food,Point (24.9407253 60.1681332),24.9407253,60.1681332,POI
1691,,post_box,Point (24.9183107 60.1839111),24.9183107,60.1839111,POI
1692,Kotipizza,fast_food,Point (24.9176662 60.1844753),24.9176662,60.1844753,POI
1693,Bollis Bar & Bistro,restaurant,Point (24.9218792 60.1873363),24.9218792,60.1873363,POI
1694,Pallokent?n kahvio,cafe,Point (24.9254015 60.1861961),24.9254015,60.1861961,POI
1695,,toilet,Point (24.9256127 60.1861484),24.9256127,60.1861484,POI
1696,,toilet,Point (24.9254207 60.1863059),24.9254207,60.1863059,POI
1697,Pinehill Terrace,bar,Point (24.9289655 60.1836284),24.9289655,60.1836284,POI
1698,,camera_surveillance,Point (24.9645383 60.2049411),24.9645383,60.2049411,POI
1699,,waste_basket,Point (24.9217683 60.1755624),24.9217683,60.1755624,POI
1700,,waste_basket,Point (24.9218037 60.1757118),24.9218037,60.1757118,POI
1701,,waste_basket,Point (24.9815208 60.2074255),24.9815208,60.2074255,POI
1702,,waste_basket,Point (24.9825183 60.2071174),24.9825183,60.2071174,POI
1703,Arcada studerandek?r (ASK),restaurant,Point (24.9684118 60.2022496),24.9684118,60.2022496,POI
1704,,bench,Point (24.9587969 60.2054438),24.9587969,60.2054438,POI
1705,,bench,Point (24.9589589 60.205341),24.9589589,60.205341,POI
1706,,waste_basket,Point (24.9590705 60.2054869),24.9590705,60.2054869,POI
1707,,bench,Point (24.9795799 60.2032153),24.9795799,60.2032153,POI
1708,,post_box,Point (24.9754105 60.2085789),24.9754105,60.2085789,POI
1709,,post_office,Point (24.9767448 60.2086729),24.9767448,60.2086729,POI
1710,,waste_basket,Point (24.9490368 60.2164428),24.9490368,60.2164428,POI
1711,,waste_basket,Point (24.9562784 60.2133252),24.9562784,60.2133252,POI
1712,Tr?skman,hairdresser,Point (24.9590798 60.2139969),24.9590798,60.2139969,POI
1713,,post_box,Point (24.9025888 60.213098),24.9025888,60.213098,POI
1714,,waste_basket,Point (24.9016213 60.2122979),24.9016213,60.2122979,POI
1715,R-Kioski,kiosk,Point (24.9766282 60.2107179),24.9766282,60.2107179,POI
1716,R-Kioski,kiosk,Point (24.9534554 60.216936),24.9534554,60.216936,POI
1717,,bench,Point (24.9006594 60.2124389),24.9006594,60.2124389,POI
1718,,waste_basket,Point (24.8997827 60.2117403),24.8997827,60.2117403,POI
1719,,bench,Point (24.900283 60.2119455),24.900283,60.2119455,POI
1720,,bench,Point (24.9828577 60.2156591),24.9828577,60.2156591,POI
1721,,waste_basket,Point (24.9828857 60.215761),24.9828857,60.215761,POI
1722,,bench,Point (24.9830233 60.2157411),24.9830233,60.2157411,POI
1723,,bench,Point (24.9829898 60.2157529),24.9829898,60.2157529,POI
1724,,picnic_site,Point (24.9808221 60.2155657),24.9808221,60.2155657,POI
1725,,vending_parking,Point (24.9559983 60.1921452),24.9559983,60.1921452,POI
1726,,vending_parking,Point (24.9562328 60.1910948),24.9562328,60.1910948,POI
1727,,vending_parking,Point (24.9602889 60.1918028),24.9602889,60.1918028,POI
1728,,bench,Point (24.9587048 60.191311),24.9587048,60.191311,POI
1729,,camera_surveillance,Point (24.9612969 60.1906294),24.9612969,60.1906294,POI
1730,,camera_surveillance,Point (24.9615895 60.1900244),24.9615895,60.1900244,POI
1731,,vending_parking,Point (24.9595922 60.1901713),24.9595922,60.1901713,POI
1732,,vending_parking,Point (24.959221 60.190233),24.959221,60.190233,POI
1733,,camera_surveillance,Point (24.9588025 60.1904128),24.9588025,60.1904128,POI
1734,,camera_surveillance,Point (24.9593543 60.1903707),24.9593543,60.1903707,POI
1735,,vending_parking,Point (24.955034 60.191212),24.955034,60.191212,POI
1736,,camera_surveillance,Point (24.9590374 60.1912377),24.9590374,60.1912377,POI
1737,,camera_surveillance,Point (24.9597215 60.1913697),24.9597215,60.1913697,POI
1738,,vending_parking,Point (24.95901 60.191936),24.95901,60.191936,POI
1739,Pikku-Vallila,cafe,Point (24.9589922 60.192085),24.9589922,60.192085,POI
1740,,post_box,Point (24.9508236 60.1953439),24.9508236,60.1953439,POI
1741,Home 4 You,doityourself,Point (24.9510171 60.196138),24.9510171,60.196138,POI
1742,Home 4 You,attraction,Point (24.9510171 60.196138),24.9510171,60.196138,POI
1743,,camera_surveillance,Point (24.9521169 60.1934325),24.9521169,60.1934325,POI
1744,,vending_parking,Point (24.951319 60.193645),24.951319,60.193645,POI
1745,,post_box,Point (24.9500023 60.1942293),24.9500023,60.1942293,POI
1746,,vending_parking,Point (24.947738 60.196942),24.947738,60.196942,POI
1747,,vending_parking,Point (24.965764 60.167874),24.965764,60.167874,POI
1748,,camera_surveillance,Point (24.9639544 60.1666805),24.9639544,60.1666805,POI
1749,,camera_surveillance,Point (24.9639406 60.1666794),24.9639406,60.1666794,POI
1750,Key West Pub,pub,Point (24.9634364 60.1661894),24.9634364,60.1661894,POI
1751,,camera_surveillance,Point (24.9634385 60.1663039),24.9634385,60.1663039,POI
1752,,vending_parking,Point (24.962918 60.166221),24.962918,60.166221,POI
1753,Zinnkeller,restaurant,Point (24.9583995 60.1743638),24.9583995,60.1743638,POI
1754,,vending_parking,Point (24.957993 60.174884),24.957993,60.174884,POI
1755,,vending_parking,Point (24.9598397 60.1747634),24.9598397,60.1747634,POI
1756,,vending_parking,Point (24.957837 60.174142),24.957837,60.174142,POI
1757,Alepa,convenience,Point (24.9549192 60.1740007),24.9549192,60.1740007,POI
1758,,vending_parking,Point (24.952798 60.174999),24.952798,60.174999,POI
1759,,vending_parking,Point (24.951074 60.173966),24.951074,60.173966,POI
1760,Handmade by Micas,hairdresser,Point (24.9557913 60.1817895),24.9557913,60.1817895,POI
1761,,post_box,Point (24.9474359 60.1842409),24.9474359,60.1842409,POI
1762,,vending_parking,Point (24.946056 60.184759),24.946056,60.184759,POI
1763,,vending_parking,Point (24.9451551 60.1839112),24.9451551,60.1839112,POI
1764,,vending_parking,Point (24.942078 60.1851),24.942078,60.1851,POI
1765,,vending_parking,Point (24.945799 60.188883),24.945799,60.188883,POI
1766,Atelj¨¦ Tuhkimotarina,clothes,Point (24.9538204 60.2165632),24.9538204,60.2165632,POI
1767,,waste_basket,Point (24.9560549 60.2151882),24.9560549,60.2151882,POI
1768,,waste_basket,Point (24.9492471 60.2110354),24.9492471,60.2110354,POI
1769,,camera_surveillance,Point (24.9488318 60.2111985),24.9488318,60.2111985,POI
1770,,waste_basket,Point (24.9501192 60.2123392),24.9501192,60.2123392,POI
1771,,waste_basket,Point (24.9522851 60.2132106),24.9522851,60.2132106,POI
1772,,vending_parking,Point (24.920711 60.173014),24.920711,60.173014,POI
1773,,vending_parking,Point (24.919711 60.182391),24.919711,60.182391,POI
1774,,waste_basket,Point (24.9111456 60.1857946),24.9111456,60.1857946,POI
1775,,vending_parking,Point (24.9107716 60.1856845),24.9107716,60.1856845,POI
1776,,vending_parking,Point (24.913427 60.186709),24.913427,60.186709,POI
1777,,vending_parking,Point (24.9164288 60.1868783),24.9164288,60.1868783,POI
1778,,bench,Point (24.9161098 60.1869533),24.9161098,60.1869533,POI
1779,,bench,Point (24.9158467 60.1871501),24.9158467,60.1871501,POI
1780,,waste_basket,Point (24.916084 60.1869708),24.916084,60.1869708,POI
1781,,bench,Point (24.9153859 60.1867847),24.9153859,60.1867847,POI
1782,,waste_basket,Point (24.9154032 60.1867709),24.9154032,60.1867709,POI
1783,Nosto,atm,Point (24.9303258 60.1929374),24.9303258,60.1929374,POI
1784,,vending_parking,Point (24.953273 60.163753),24.953273,60.163753,POI
1785,,vending_parking,Point (24.954613 60.162844),24.954613,60.162844,POI
1786,,waste_basket,Point (24.9588844 60.1549948),24.9588844,60.1549948,POI
1787,,bench,Point (24.9583352 60.1538469),24.9583352,60.1538469,POI
1788,Ani,restaurant,Point (24.9334173 60.1572825),24.9334173,60.1572825,POI
1789,,waste_basket,Point (24.9446035 60.2155807),24.9446035,60.2155807,POI
1790,,camera_surveillance,Point (24.9119279 60.1869204),24.9119279,60.1869204,POI
1791,,vending_parking,Point (24.908994 60.186001),24.908994,60.186001,POI
1792,,post_box,Point (24.9766916 60.1907606),24.9766916,60.1907606,POI
1793,Rannikko,restaurant,Point (24.9782464 60.1905634),24.9782464,60.1905634,POI
1794,Ph? Asian Aroma,restaurant,Point (24.9625417 60.1983521),24.9625417,60.1983521,POI
1795,,bench,Point (24.9596366 60.1989123),24.9596366,60.1989123,POI
1796,,bench,Point (24.9598793 60.1989065),24.9598793,60.1989065,POI
1797,,bench,Point (24.9601336 60.1988854),24.9601336,60.1988854,POI
1798,,bench,Point (24.9604067 60.1988438),24.9604067,60.1988438,POI
1799,,bench,Point (24.9604828 60.1987288),24.9604828,60.1987288,POI
1800,,bench,Point (24.9601025 60.1981546),24.9601025,60.1981546,POI
1801,,bench,Point (24.9302663 60.1831651),24.9302663,60.1831651,POI
1802,,waste_basket,Point (24.9302004 60.1831604),24.9302004,60.1831604,POI
1803,,waste_basket,Point (24.93049 60.183747),24.93049,60.183747,POI
1804,,bench,Point (24.9304483 60.1837641),24.9304483,60.1837641,POI
1805,The Dubliner,pub,Point (24.9222837 60.1855697),24.9222837,60.1855697,POI
1806,,vending_parking,Point (24.9471545 60.1775231),24.9471545,60.1775231,POI
1807,,vending_parking,Point (24.94877 60.179578),24.94877,60.179578,POI
1808,,bench,Point (24.9345445 60.1920148),24.9345445,60.1920148,POI
1809,,bench,Point (24.9350326 60.1912726),24.9350326,60.1912726,POI
1810,,bench,Point (24.9351571 60.1911965),24.9351571,60.1911965,POI
1811,,bench,Point (24.9355176 60.1909554),24.9355176,60.1909554,POI
1812,,bench,Point (24.9357951 60.190591),24.9357951,60.190591,POI
1813,,bench,Point (24.9355824 60.1908199),24.9355824,60.1908199,POI
1814,,bench,Point (24.9355973 60.1904669),24.9355973,60.1904669,POI
1815,,bench,Point (24.9356803 60.1900466),24.9356803,60.1900466,POI
1816,,bench,Point (24.9359355 60.1898119),24.9359355,60.1898119,POI
1817,,bench,Point (24.9363413 60.1898528),24.9363413,60.1898528,POI
1818,,bench,Point (24.9363279 60.1895074),24.9363279,60.1895074,POI
1819,,bench,Point (24.9382423 60.1796795),24.9382423,60.1796795,POI
1820,Lidl,supermarket,Point (24.9307903 60.1682014),24.9307903,60.1682014,POI
1821,"Salon Violettiina, parturi-kampaamo",hairdresser,Point (24.9472466 60.1780141),24.9472466,60.1780141,POI
1822,Peking,restaurant,Point (24.9568013 60.1892212),24.9568013,60.1892212,POI
1823,Populus,bar,Point (24.9550684 60.1892104),24.9550684,60.1892104,POI
1824,,waste_basket,Point (24.9423202 60.2153344),24.9423202,60.2153344,POI
1825,,post_box,Point (24.9786162 60.2123228),24.9786162,60.2123228,POI
1826,,vending_parking,Point (24.947578 60.193949),24.947578,60.193949,POI
1827,,vending_parking,Point (24.945956 60.194628),24.945956,60.194628,POI
1828,,vending_parking,Point (24.9546388 60.1800023),24.9546388,60.1800023,POI
1829,,vending_parking,Point (24.953082 60.1797445),24.953082,60.1797445,POI
1830,,vending_parking,Point (24.940905 60.162099),24.940905,60.162099,POI
1831,,vending_parking,Point (24.944531 60.163321),24.944531,60.163321,POI
1832,,bench,Point (24.9767297 60.2146696),24.9767297,60.2146696,POI
1833,Helsingin 400-vuotismuistomerkki,memorial,Point (24.9764762 60.2165447),24.9764762,60.2165447,POI
1834,Maap?ivien muistokivi,memorial,Point (24.9785903 60.2157416),24.9785903,60.2157416,POI
1835,,vending_parking,Point (24.9418015 60.157151),24.9418015,60.157151,POI
1836,,bench,Point (24.9536387 60.202259),24.9536387,60.202259,POI
1837,,bench,Point (24.9535571 60.202237),24.9535571,60.202237,POI
1838,,vending_parking,Point (24.942001 60.198819),24.942001,60.198819,POI
1839,,vending_any,Point (24.943094 60.199289),24.943094,60.199289,POI
1840,,vending_parking,Point (24.922713 60.183459),24.922713,60.183459,POI
1841,,vending_parking,Point (24.94205 60.193515),24.94205,60.193515,POI
1842,,vending_parking,Point (24.942864 60.192194),24.942864,60.192194,POI
1843,,vending_parking,Point (24.943681 60.192273),24.943681,60.192273,POI
1844,Sushibar + wine,restaurant,Point (24.9325559 60.1670915),24.9325559,60.1670915,POI
1845,Neste K,convenience,Point (24.9295218 60.1606987),24.9295218,60.1606987,POI
1846,,vending_parking,Point (24.950819 60.180756),24.950819,60.180756,POI
1847,,vending_parking,Point (24.949558 60.189417),24.949558,60.189417,POI
1848,Alepa,convenience,Point (24.8773064 60.1976628),24.8773064,60.1976628,POI
1849,,toilet,Point (24.8969556 60.1900178),24.8969556,60.1900178,POI
1850,,waste_basket,Point (24.8690045 60.1963303),24.8690045,60.1963303,POI
1851,,waste_basket,Point (24.9226013 60.1931967),24.9226013,60.1931967,POI
1852,,atm,Point (24.9418052 60.1991995),24.9418052,60.1991995,POI
1853,,vending_parking,Point (24.939685 60.198896),24.939685,60.198896,POI
1854,Neste K,convenience,Point (24.9304444 60.1930029),24.9304444,60.1930029,POI
1855,Motorest,restaurant,Point (24.9302564 60.1929665),24.9302564,60.1929665,POI
1856,,vending_parking,Point (24.927753 60.197322),24.927753,60.197322,POI
1857,,vending_parking,Point (24.942464 60.155758),24.942464,60.155758,POI
1858,,vending_parking,Point (24.961896 60.183632),24.961896,60.183632,POI
1859,,vending_parking,Point (24.91575 60.176579),24.91575,60.176579,POI
1860,,waste_basket,Point (24.9662567 60.2036456),24.9662567,60.2036456,POI
1861,,waste_basket,Point (24.967011 60.204196),24.967011,60.204196,POI
1862,,bench,Point (24.9672001 60.2043521),24.9672001,60.2043521,POI
1863,,waste_basket,Point (24.9681558 60.2045946),24.9681558,60.2045946,POI
1864,,bench,Point (24.9668756 60.203844),24.9668756,60.203844,POI
1865,Maamme-laulun muistomerkki,memorial,Point (24.9674462 60.2046491),24.9674462,60.2046491,POI
1866,Tannerin portti / V?in? Tannerin muistomerkki,memorial,Point (24.9583715 60.1829945),24.9583715,60.1829945,POI
1867,,bench,Point (24.8888685 60.205837),24.8888685,60.205837,POI
1868,,bench,Point (24.8888502 60.2058566),24.8888502,60.2058566,POI
1869,,vending_parking,Point (24.9680678 60.1880253),24.9680678,60.1880253,POI
1870,,vending_parking,Point (24.965586 60.187577),24.965586,60.187577,POI
1871,,vending_parking,Point (24.964646 60.187588),24.964646,60.187588,POI
1872,,vending_parking,Point (24.955901 60.187374),24.955901,60.187374,POI
1873,,vending_parking,Point (24.953282 60.188433),24.953282,60.188433,POI
1874,,vending_parking,Point (24.9462422 60.1904616),24.9462422,60.1904616,POI
1875,,vending_parking,Point (24.952076 60.1776633),24.952076,60.1776633,POI
1876,,vending_parking,Point (24.9282974 60.1959316),24.9282974,60.1959316,POI
1877,City Car Club,car_sharing,Point (24.9258942 60.1985241),24.9258942,60.1985241,POI
1878,,vending_parking,Point (24.92628 60.198598),24.92628,60.198598,POI
1879,,vending_parking,Point (24.9382031 60.1916665),24.9382031,60.1916665,POI
1880,Nosto,atm,Point (24.9524033 60.1897846),24.9524033,60.1897846,POI
1881,,post_box,Point (24.9526865 60.1898677),24.9526865,60.1898677,POI
1882,,vending_parking,Point (24.952405 60.182904),24.952405,60.182904,POI
1883,,camera_surveillance,Point (24.9647642 60.201831),24.9647642,60.201831,POI
1884,,camera_surveillance,Point (24.9647765 60.2018371),24.9647765,60.2018371,POI
1885,,camera_surveillance,Point (24.9647984 60.2017009),24.9647984,60.2017009,POI
1886,,vending_parking,Point (24.9671579 60.1867001),24.9671579,60.1867001,POI
1887,,vending_parking,Point (24.9626664 60.1874548),24.9626664,60.1874548,POI
1888,,vending_parking,Point (24.962686 60.185909),24.962686,60.185909,POI
1889,,vending_parking,Point (24.9593618 60.1827207),24.9593618,60.1827207,POI
1890,,vending_parking,Point (24.9531093 60.182012),24.9531093,60.182012,POI
1891,,vending_parking,Point (24.95143 60.182862),24.95143,60.182862,POI
1892,,vending_parking,Point (24.948457 60.184021),24.948457,60.184021,POI
1893,,vending_parking,Point (24.9476046 60.1831762),24.9476046,60.1831762,POI
1894,,vending_parking,Point (24.9466304 60.1858228),24.9466304,60.1858228,POI
1895,,vending_parking,Point (24.9466391 60.1866564),24.9466391,60.1866564,POI
1896,,vending_parking,Point (24.927145 60.198698),24.927145,60.198698,POI
1897,Nordea Pankki Hakaniemi,bank,Point (24.9496169 60.1787593),24.9496169,60.1787593,POI
1898,,bench,Point (24.9804391 60.1998164),24.9804391,60.1998164,POI
1899,,picnic_site,Point (24.9804391 60.1998164),24.9804391,60.1998164,POI
1900,,vending_parking,Point (24.937032 60.198239),24.937032,60.198239,POI
1901,,camera_surveillance,Point (24.937367 60.1986338),24.937367,60.1986338,POI
1902,,camera_surveillance,Point (24.9348499 60.1998807),24.9348499,60.1998807,POI
1903,Helsingin hallinto-oikeus,courthouse,Point (24.940024 60.2005021),24.940024,60.2005021,POI
1904,,bench,Point (24.9356155 60.1995924),24.9356155,60.1995924,POI
1905,,camera_surveillance,Point (24.9358426 60.1993249),24.9358426,60.1993249,POI
1906,,waste_basket,Point (24.9029291 60.1819847),24.9029291,60.1819847,POI
1907,,shelter,Point (24.9048205 60.1821004),24.9048205,60.1821004,POI
1908,,vending_parking,Point (24.9524094 60.1797867),24.9524094,60.1797867,POI
1909,,vending_parking,Point (24.9545084 60.1787577),24.9545084,60.1787577,POI
1910,,vending_parking,Point (24.939762 60.194533),24.939762,60.194533,POI
1911,,vending_parking,Point (24.945322 60.192441),24.945322,60.192441,POI
1912,,vending_parking,Point (24.947056 60.191465),24.947056,60.191465,POI
1913,,vending_parking,Point (24.9073798 60.19225),24.9073798,60.19225,POI
1914,,vending_parking,Point (24.949216 60.171168),24.949216,60.171168,POI
1915,,vending_parking,Point (24.949318 60.170249),24.949318,60.170249,POI
1916,,vending_parking,Point (24.9050409 60.1955028),24.9050409,60.1955028,POI
1917,,car_sharing,Point (24.9225999 60.1835305),24.9225999,60.1835305,POI
1918,,vending_parking,Point (24.923748 60.185497),24.923748,60.185497,POI
1919,,vending_parking,Point (24.922576 60.186287),24.922576,60.186287,POI
1920,,vending_parking,Point (24.92012 60.1881),24.92012,60.1881,POI
1921,,vending_parking,Point (24.920424 60.188198),24.920424,60.188198,POI
1922,Phad Thai,restaurant,Point (24.919004 60.1889217),24.919004,60.1889217,POI
1923,,vending_parking,Point (24.9480036 60.1818551),24.9480036,60.1818551,POI
1924,,vending_parking,Point (24.9472451 60.1819013),24.9472451,60.1819013,POI
1925,,vending_parking,Point (24.9464461 60.1824652),24.9464461,60.1824652,POI
1926,,vending_parking,Point (24.9442598 60.183357),24.9442598,60.183357,POI
1927,,vending_parking,Point (24.9420696 60.1841614),24.9420696,60.1841614,POI
1928,,vending_parking,Point (24.940417 60.1845913),24.940417,60.1845913,POI
1929,,vending_parking,Point (24.966234 60.195675),24.966234,60.195675,POI
1930,,vending_parking,Point (24.9666741 60.193548),24.9666741,60.193548,POI
1931,,vending_parking,Point (24.9632829 60.1919428),24.9632829,60.1919428,POI
1932,,vending_parking,Point (24.948762 60.19452),24.948762,60.19452,POI
1933,Mardin Pizzeria,fast_food,Point (24.8897346 60.2175343),24.8897346,60.2175343,POI
1934,,vending_parking,Point (24.9233556 60.1813456),24.9233556,60.1813456,POI
1935,,vending_parking,Point (24.9505975 60.1926171),24.9505975,60.1926171,POI
1936,,vending_parking,Point (24.945057 60.171155),24.945057,60.171155,POI
1937,,vending_parking,Point (24.951816 60.18228),24.951816,60.18228,POI
1938,,vending_parking,Point (24.949995 60.182014),24.949995,60.182014,POI
1939,Hollywood nails,beauty_shop,Point (24.9610535 60.1849716),24.9610535,60.1849716,POI
1940,Rosas Pizzeria,fast_food,Point (24.9037346 60.2169549),24.9037346,60.2169549,POI
1941,,camera_surveillance,Point (24.9381378 60.1684182),24.9381378,60.1684182,POI
1942,,camera_surveillance,Point (24.9380078 60.1689975),24.9380078,60.1689975,POI
1943,,camera_surveillance,Point (24.9379133 60.1690302),24.9379133,60.1690302,POI
1944,Pub Porthan,pub,Point (24.952773 60.1831699),24.952773,60.1831699,POI
1945,,vending_parking,Point (24.918513 60.181261),24.918513,60.181261,POI
1946,,vending_parking,Point (24.917363 60.186795),24.917363,60.186795,POI
1947,,vending_parking,Point (24.9291185 60.1641411),24.9291185,60.1641411,POI
1948,,vending_parking,Point (24.928619 60.164777),24.928619,60.164777,POI
1949,,vending_parking,Point (24.933992 60.166377),24.933992,60.166377,POI
1950,,vending_parking,Point (24.937489 60.16657),24.937489,60.16657,POI
1951,,vending_parking,Point (24.926672 60.162141),24.926672,60.162141,POI
1952,,vending_parking,Point (24.923708 60.164359),24.923708,60.164359,POI
1953,,vending_parking,Point (24.933082 60.164347),24.933082,60.164347,POI
1954,,vending_parking,Point (24.934853 60.165754),24.934853,60.165754,POI
1955,,vending_parking,Point (24.93244 60.162813),24.93244,60.162813,POI
1956,,vending_parking,Point (24.933592 60.1625),24.933592,60.1625,POI
1957,,vending_parking,Point (24.9234623 60.169904),24.9234623,60.169904,POI
1958,,vending_parking,Point (24.938268 60.167492),24.938268,60.167492,POI
1959,,vending_parking,Point (24.9418024 60.1598318),24.9418024,60.1598318,POI
1960,,vending_parking,Point (24.942337 60.160003),24.942337,60.160003,POI
1961,,camera_surveillance,Point (24.941765 60.1602731),24.941765,60.1602731,POI
1962,,vending_parking,Point (24.9485796 60.1618491),24.9485796,60.1618491,POI
1963,,vending_parking,Point (24.959969 60.173827),24.959969,60.173827,POI
1964,,waste_basket,Point (24.9601657 60.1735301),24.9601657,60.1735301,POI
1965,,bench,Point (24.9605339 60.1736676),24.9605339,60.1736676,POI
1966,,bench,Point (24.9605764 60.1736684),24.9605764,60.1736684,POI
1967,,bench,Point (24.9607845 60.1737426),24.9607845,60.1737426,POI
1968,,bench,Point (24.9603628 60.1740033),24.9603628,60.1740033,POI
1969,,bench,Point (24.9604855 60.1740075),24.9604855,60.1740075,POI
1970,,bench,Point (24.9607811 60.1739373),24.9607811,60.1739373,POI
1971,,bench,Point (24.9608104 60.1739043),24.9608104,60.1739043,POI
1972,,bench,Point (24.9605447 60.1740091),24.9605447,60.1740091,POI
1973,,vending_parking,Point (24.944061 60.166078),24.944061,60.166078,POI
1974,,vending_parking,Point (24.9585761 60.1717761),24.9585761,60.1717761,POI
1975,,vending_parking,Point (24.940729 60.165705),24.940729,60.165705,POI
1976,,vending_parking,Point (24.94008 60.165269),24.94008,60.165269,POI
1977,,vending_parking,Point (24.924601 60.167347),24.924601,60.167347,POI
1978,,vending_parking,Point (24.928576 60.165913),24.928576,60.165913,POI
1979,Poiju,restaurant,Point (24.9143632 60.1614099),24.9143632,60.1614099,POI
1980,,vending_parking,Point (24.9204451 60.2019443),24.9204451,60.2019443,POI
1981,,vending_parking,Point (24.9545488 60.1700518),24.9545488,60.1700518,POI
1982,,vending_parking,Point (24.9565407 60.1704945),24.9565407,60.1704945,POI
1983,,vending_parking,Point (24.951286 60.164629),24.951286,60.164629,POI
1984,,vending_parking,Point (24.93179 60.165233),24.93179,60.165233,POI
1985,,vending_parking,Point (24.93113 60.165664),24.93113,60.165664,POI
1986,,vending_parking,Point (24.933269 60.166422),24.933269,60.166422,POI
1987,,vending_parking,Point (24.953422 60.160487),24.953422,60.160487,POI
1988,,vending_parking,Point (24.938971 60.163764),24.938971,60.163764,POI
1989,,vending_parking,Point (24.941482 60.164637),24.941482,60.164637,POI
1990,,vending_parking,Point (24.941408 60.163765),24.941408,60.163765,POI
1991,,vending_parking,Point (24.9272641 60.1714821),24.9272641,60.1714821,POI
1992,,vending_parking,Point (24.9272892 60.1720824),24.9272892,60.1720824,POI
1993,,vending_parking,Point (24.923823 60.173498),24.923823,60.173498,POI
1994,,vending_parking,Point (24.9244263 60.1722908),24.9244263,60.1722908,POI
1995,,vending_parking,Point (24.9262755 60.1726497),24.9262755,60.1726497,POI
1996,,vending_parking,Point (24.9254022 60.1737552),24.9254022,60.1737552,POI
1997,,vending_parking,Point (24.9287418 60.1727946),24.9287418,60.1727946,POI
1998,,vending_parking,Point (24.927741 60.173344),24.927741,60.173344,POI
1999,,vending_parking,Point (24.9269949 60.1756875),24.9269949,60.1756875,POI
2000,,vending_parking,Point (24.928542 60.174679),24.928542,60.174679,POI
2001,Farang,restaurant,Point (24.9333893 60.170973),24.9333893,60.170973,POI
2002,,vending_parking,Point (24.958727 60.193892),24.958727,60.193892,POI
2003,,vending_parking,Point (24.960562 60.192972),24.960562,60.192972,POI
2004,,vending_parking,Point (24.941079 60.197269),24.941079,60.197269,POI
2005,,vending_parking,Point (24.940445 60.197389),24.940445,60.197389,POI
2006,,vending_parking,Point (24.940581 60.198992),24.940581,60.198992,POI
2007,,vending_parking,Point (24.939726 60.201792),24.939726,60.201792,POI
2008,,vending_parking,Point (24.9513779 60.1966374),24.9513779,60.1966374,POI
2009,,vending_parking,Point (24.952858 60.196513),24.952858,60.196513,POI
2010,,vending_parking,Point (24.9550545 60.1963241),24.9550545,60.1963241,POI
2011,,vending_parking,Point (24.950973 60.197275),24.950973,60.197275,POI
2012,,vending_parking,Point (24.957427 60.195486),24.957427,60.195486,POI
2013,,vending_parking,Point (24.959457 60.1958677),24.959457,60.1958677,POI
2014,,vending_parking,Point (24.9569182 60.1972237),24.9569182,60.1972237,POI
2015,,vending_parking,Point (24.9601294 60.1968432),24.9601294,60.1968432,POI
2016,,vending_parking,Point (24.9519071 60.1692433),24.9519071,60.1692433,POI
2017,,vending_parking,Point (24.9518742 60.1715797),24.9518742,60.1715797,POI
2018,,vending_parking,Point (24.9532301 60.1713263),24.9532301,60.1713263,POI
2019,,vending_parking,Point (24.93025 60.162218),24.93025,60.162218,POI
2020,,vending_parking,Point (24.9350309 60.163558),24.9350309,60.163558,POI
2021,,vending_parking,Point (24.94229 60.165605),24.94229,60.165605,POI
2022,,vending_parking,Point (24.946032 60.16358),24.946032,60.16358,POI
2023,,post_box,Point (24.9388822 60.1571004),24.9388822,60.1571004,POI
2024,,vending_parking,Point (24.9259384 60.1648907),24.9259384,60.1648907,POI
2025,,vending_parking,Point (24.951557 60.17594),24.951557,60.17594,POI
2026,,post_box,Point (24.9260059 60.1649836),24.9260059,60.1649836,POI
2027,Katjamariateam,hairdresser,Point (24.9459116 60.1638299),24.9459116,60.1638299,POI
2028,Linko,restaurant,Point (24.9251891 60.1818253),24.9251891,60.1818253,POI
2029,,vending_parking,Point (24.917149 60.190602),24.917149,60.190602,POI
2030,,vending_parking,Point (24.9430609 60.2019995),24.9430609,60.2019995,POI
2031,,vending_parking,Point (24.9438239 60.2016086),24.9438239,60.2016086,POI
2032,,bench,Point (24.9359422 60.2002068),24.9359422,60.2002068,POI
2033,,waste_basket,Point (24.9360076 60.200199),24.9360076,60.200199,POI
2034,,vending_parking,Point (24.913083 60.183314),24.913083,60.183314,POI
2035,,vending_parking,Point (24.911297 60.189777),24.911297,60.189777,POI
2036,,vending_parking,Point (24.915201 60.187899),24.915201,60.187899,POI
2037,,vending_parking,Point (24.916506 60.188678),24.916506,60.188678,POI
2038,,vending_parking,Point (24.954471 60.194865),24.954471,60.194865,POI
2039,,waste_basket,Point (24.9438355 60.2106691),24.9438355,60.2106691,POI
2040,,waste_basket,Point (24.9439542 60.2106736),24.9439542,60.2106736,POI
2041,P?iv?koti Lehdokki,kindergarten,Point (24.9453708 60.198219),24.9453708,60.198219,POI
2042,,waste_basket,Point (24.944832 60.1993442),24.944832,60.1993442,POI
2043,,camera_surveillance,Point (24.9488543 60.1983417),24.9488543,60.1983417,POI
2044,,camera_surveillance,Point (24.948863 60.1983377),24.948863,60.1983377,POI
2045,,vending_any,Point (24.9360281 60.2014932),24.9360281,60.2014932,POI
2046,Osteria dei Mancini,restaurant,Point (24.9347707 60.1576583),24.9347707,60.1576583,POI
2047,Universum,theatre,Point (24.934349 60.1595857),24.934349,60.1595857,POI
2048,SIS Deli + Caf¨¦,cafe,Point (24.9404385 60.1604131),24.9404385,60.1604131,POI
2049,,bench,Point (24.9501377 60.2020761),24.9501377,60.2020761,POI
2050,,vending_parking,Point (24.94151 60.18089),24.94151,60.18089,POI
2051,,vending_parking,Point (24.939431 60.182075),24.939431,60.182075,POI
2052,,post_box,Point (24.9440939 60.2135771),24.9440939,60.2135771,POI
2053,,bench,Point (24.9509725 60.2009772),24.9509725,60.2009772,POI
2054,,camera_surveillance,Point (24.9489645 60.2043224),24.9489645,60.2043224,POI
2055,,vending_parking,Point (24.953085 60.18567),24.953085,60.18567,POI
2056,,waste_basket,Point (24.9428141 60.211689),24.9428141,60.211689,POI
2057,,waste_basket,Point (24.9422205 60.2129865),24.9422205,60.2129865,POI
2058,,waste_basket,Point (24.9425644 60.2129437),24.9425644,60.2129437,POI
2059,,waste_basket,Point (24.9416624 60.2102552),24.9416624,60.2102552,POI
2060,Saturnus,attraction,Point (24.8785356 60.2145614),24.8785356,60.2145614,POI
2061,,waste_basket,Point (24.9587535 60.211241),24.9587535,60.211241,POI
2062,,waste_basket,Point (24.9505727 60.2118635),24.9505727,60.2118635,POI
2063,16 Boom,restaurant,Point (24.9527926 60.1744676),24.9527926,60.1744676,POI
2064,,vending_parking,Point (24.927773 60.169938),24.927773,60.169938,POI
2065,,vending_parking,Point (24.9286344 60.1700407),24.9286344,60.1700407,POI
2066,,vending_parking,Point (24.9299012 60.1704309),24.9299012,60.1704309,POI
2067,,bench,Point (24.9543527 60.2008382),24.9543527,60.2008382,POI
2068,,vending_parking,Point (24.9589377 60.1949404),24.9589377,60.1949404,POI
2069,,vending_parking,Point (24.9603126 60.1942184),24.9603126,60.1942184,POI
2070,,vending_parking,Point (24.96211 60.193334),24.96211,60.193334,POI
2071,,vending_parking,Point (24.960771 60.195469),24.960771,60.195469,POI
2072,,vending_parking,Point (24.964537 60.1970602),24.964537,60.1970602,POI
2073,,vending_parking,Point (24.965951 60.198509),24.965951,60.198509,POI
2074,,bench,Point (24.9910642 60.2104928),24.9910642,60.2104928,POI
2075,,bench,Point (24.9910465 60.2104916),24.9910465,60.2104916,POI
2076,,vending_parking,Point (24.959457 60.184855),24.959457,60.184855,POI
2077,,camera_surveillance,Point (24.9630367 60.1898832),24.9630367,60.1898832,POI
2078,,camera_surveillance,Point (24.9630304 60.1898711),24.9630304,60.1898711,POI
2079,,camera_surveillance,Point (24.9626006 60.1902437),24.9626006,60.1902437,POI
2080,,waste_basket,Point (24.9459732 60.2069586),24.9459732,60.2069586,POI
2081,,waste_basket,Point (24.9460192 60.2071683),24.9460192,60.2071683,POI
2082,,waste_basket,Point (24.9500794 60.2015752),24.9500794,60.2015752,POI
2083,,bench,Point (24.9499514 60.201853),24.9499514,60.201853,POI
2084,,waste_basket,Point (24.9624367 60.1990768),24.9624367,60.1990768,POI
2085,,waste_basket,Point (24.9653818 60.1999703),24.9653818,60.1999703,POI
2086,,waste_basket,Point (24.9634752 60.1986599),24.9634752,60.1986599,POI
2087,,waste_basket,Point (24.9619589 60.2005327),24.9619589,60.2005327,POI
2088,,waste_basket,Point (24.9630099 60.20006),24.9630099,60.20006,POI
2089,,camera_surveillance,Point (24.9600658 60.1975854),24.9600658,60.1975854,POI
2090,,waste_basket,Point (24.9496037 60.2035918),24.9496037,60.2035918,POI
2091,,bench,Point (24.9483089 60.204616),24.9483089,60.204616,POI
2092,,waste_basket,Point (24.9482996 60.2134115),24.9482996,60.2134115,POI
2093,,camera_surveillance,Point (24.9601731 60.2043808),24.9601731,60.2043808,POI
2094,,camera_surveillance,Point (24.9616988 60.2036878),24.9616988,60.2036878,POI
2095,,camera_surveillance,Point (24.9616934 60.2036733),24.9616934,60.2036733,POI
2096,Keidas,artwork,Point (24.9665987 60.2013418),24.9665987,60.2013418,POI
2097,,vending_parking,Point (24.926994 60.180392),24.926994,60.180392,POI
2098,,vending_parking,Point (24.922887 60.186384),24.922887,60.186384,POI
2099,,vending_parking,Point (24.915081 60.191325),24.915081,60.191325,POI
2100,,vending_parking,Point (24.916947 60.190487),24.916947,60.190487,POI
2101,K-Market,convenience,Point (24.9411461 60.1630325),24.9411461,60.1630325,POI
2102,,waste_basket,Point (24.961358 60.1809536),24.961358,60.1809536,POI
2103,,waste_basket,Point (24.9614278 60.1812377),24.9614278,60.1812377,POI
2104,Kaikukadun hammasl??k?rit,dentist,Point (24.9589482 60.1830927),24.9589482,60.1830927,POI
2105,,camera_surveillance,Point (24.9333494 60.2030241),24.9333494,60.2030241,POI
2106,,camera_surveillance,Point (24.9633129 60.2043489),24.9633129,60.2043489,POI
2107,,camera_surveillance,Point (24.9639509 60.2046495),24.9639509,60.2046495,POI
2108,Ravintola Kivitorppa,restaurant,Point (24.8770359 60.2061416),24.8770359,60.2061416,POI
2109,,waste_basket,Point (24.9604958 60.209501),24.9604958,60.209501,POI
2110,,camera_surveillance,Point (24.9639552 60.1945421),24.9639552,60.1945421,POI
2111,,camera_surveillance,Point (24.9639223 60.1946775),24.9639223,60.1946775,POI
2112,,camera_surveillance,Point (24.9638922 60.1947197),24.9638922,60.1947197,POI
2113,Hermannin Kukko,restaurant,Point (24.9631658 60.1958582),24.9631658,60.1958582,POI
2114,,vending_parking,Point (24.9644819 60.1961502),24.9644819,60.1961502,POI
2115,,vending_parking,Point (24.923689 60.1752678),24.923689,60.1752678,POI
2116,,vending_parking,Point (24.9253468 60.1749521),24.9253468,60.1749521,POI
2117,,vending_parking,Point (24.926812 60.174999),24.926812,60.174999,POI
2118,,vending_parking,Point (24.929361 60.173382),24.929361,60.173382,POI
2119,,vending_parking,Point (24.923853 60.174316),24.923853,60.174316,POI
2120,,waste_basket,Point (24.9238752 60.1743252),24.9238752,60.1743252,POI
2121,,bench,Point (24.9462442 60.2047173),24.9462442,60.2047173,POI
2122,,waste_basket,Point (24.923654 60.175282),24.923654,60.175282,POI
2123,,post_box,Point (24.9224241 60.1752008),24.9224241,60.1752008,POI
2124,,vending_parking,Point (24.923507 60.177142),24.923507,60.177142,POI
2125,,bench,Point (24.9764836 60.2163744),24.9764836,60.2163744,POI
2126,,bench,Point (24.9759697 60.2161182),24.9759697,60.2161182,POI
2127,,bench,Point (24.9759836 60.2159831),24.9759836,60.2159831,POI
2128,,waste_basket,Point (24.9582239 60.2146738),24.9582239,60.2146738,POI
2129,,waste_basket,Point (24.9560249 60.2149694),24.9560249,60.2149694,POI
2130,,waste_basket,Point (24.9652032 60.2102141),24.9652032,60.2102141,POI
2131,,recycling_clothes,Point (24.9675243 60.2162224),24.9675243,60.2162224,POI
2132,,camera_surveillance,Point (24.9285506 60.2061091),24.9285506,60.2061091,POI
2133,,camera_surveillance,Point (24.9287308 60.2061989),24.9287308,60.2061989,POI
2134,,tourist_info,Point (24.9297157 60.2069076),24.9297157,60.2069076,POI
2135,,bench,Point (24.8937574 60.2104723),24.8937574,60.2104723,POI
2136,,vending_parking,Point (24.925167 60.17878),24.925167,60.17878,POI
2137,,vending_parking,Point (24.9247619 60.180417),24.9247619,60.180417,POI
2138,,vending_parking,Point (24.9251353 60.1817376),24.9251353,60.1817376,POI
2139,,vending_parking,Point (24.924128 60.183392),24.924128,60.183392,POI
2140,Teraset,computer_shop,Point (24.9478678 60.1942349),24.9478678,60.1942349,POI
2141,,bench,Point (24.9519984 60.2151989),24.9519984,60.2151989,POI
2142,,waste_basket,Point (24.9516163 60.2152533),24.9516163,60.2152533,POI
2143,,vending_parking,Point (24.931342 60.171891),24.931342,60.171891,POI
2144,,waste_basket,Point (24.9694886 60.2057818),24.9694886,60.2057818,POI
2145,,waste_basket,Point (24.9704902 60.204974),24.9704902,60.204974,POI
2146,,bench,Point (24.9699091 60.2051376),24.9699091,60.2051376,POI
2147,,vending_parking,Point (24.9335459 60.171081),24.9335459,60.171081,POI
2148,Savotta,restaurant,Point (24.9526324 60.1688311),24.9526324,60.1688311,POI
2149,Tiedekahvila,cafe,Point (24.957661 60.1708694),24.957661,60.1708694,POI
2150,Rodolfo,restaurant,Point (24.9577282 60.171071),24.9577282,60.171071,POI
2151,Star Cafe,pub,Point (24.9548453 60.1740329),24.9548453,60.1740329,POI
2152,Chjoko,cafe,Point (24.958016 60.1743261),24.958016,60.1743261,POI
2153,Nepali Chulo,restaurant,Point (24.9586072 60.1724262),24.9586072,60.1724262,POI
2154,Encanto Cafe,cafe,Point (24.9584438 60.173442),24.9584438,60.173442,POI
2155,Kruna Restaurang & Bar,restaurant,Point (24.9592887 60.1741343),24.9592887,60.1741343,POI
2156,Kolme Kruunua,restaurant,Point (24.9588995 60.1743607),24.9588995,60.1743607,POI
2157,Alko,beverages,Point (24.9594921 60.1745908),24.9594921,60.1745908,POI
2158,Carlton,hotel,Point (24.9470138 60.1710563),24.9470138,60.1710563,POI
2159,Scandic Kaisaniemi,hotel,Point (24.947974 60.1717388),24.947974,60.1717388,POI
2160,Espresso Edge,cafe,Point (24.9513411 60.1741517),24.9513411,60.1741517,POI
2161,Tuuliviiri Cafe & Restaurant,restaurant,Point (24.9591308 60.1605118),24.9591308,60.1605118,POI
2162,Alko,beverages,Point (24.9113502 60.1637019),24.9113502,60.1637019,POI
2163,S-market,supermarket,Point (24.930618 60.1612198),24.930618,60.1612198,POI
2164,Daddy Greens Pizzabar,fast_food,Point (24.9406193 60.1628421),24.9406193,60.1628421,POI
2165,Bar Bronco,bar,Point (24.9412669 60.1632942),24.9412669,60.1632942,POI
2166,Tommy Knocker,pub,Point (24.9413519 60.1633238),24.9413519,60.1633238,POI
2167,Moshi Moshi,restaurant,Point (24.9417447 60.1632279),24.9417447,60.1632279,POI
2168,Picnic,cafe,Point (24.9475818 60.1659889),24.9475818,60.1659889,POI
2169,Ravintola Olo,restaurant,Point (24.9548772 60.1680971),24.9548772,60.1680971,POI
2170,Savoy-teatteri,theatre,Point (24.9474853 60.1665105),24.9474853,60.1665105,POI
2171,Gillet Bar & Bistro,restaurant,Point (24.9479134 60.166354),24.9479134,60.166354,POI
2172,Robert¡¯s Coffee Jugend,cafe,Point (24.9504496 60.1679711),24.9504496,60.1679711,POI
2173,Ravintola Aino (Finnish cuisine),restaurant,Point (24.9500385 60.167961),24.9500385,60.167961,POI
2174,Pizza Express Kruununhaka,fast_food,Point (24.9562964 60.1721472),24.9562964,60.1721472,POI
2175,Mariankatu 18,cafe,Point (24.9562847 60.1722411),24.9562847,60.1722411,POI
2176,Kioski Ilposet,kiosk,Point (24.9566846 60.1724383),24.9566846,60.1724383,POI
2177,Korea House,restaurant,Point (24.956653 60.1729461),24.956653,60.1729461,POI
2178,,toilet,Point (24.9495113 60.1756559),24.9495113,60.1756559,POI
2179,Grotesk Restaurant & Bar,restaurant,Point (24.9443157 60.1656635),24.9443157,60.1656635,POI
2180,Rymy-Eetu,pub,Point (24.9441528 60.1660967),24.9441528,60.1660967,POI
2181,,camera_surveillance,Point (24.938617 60.2003362),24.938617,60.2003362,POI
2182,,camera_surveillance,Point (24.9384171 60.2007172),24.9384171,60.2007172,POI
2183,,camera_surveillance,Point (24.9396414 60.2015825),24.9396414,60.2015825,POI
2184,,vending_parking,Point (24.957615 60.194968),24.957615,60.194968,POI
2185,,waste_basket,Point (24.9576586 60.1955924),24.9576586,60.1955924,POI
2186,,bench,Point (24.9581954 60.1955441),24.9581954,60.1955441,POI
2187,Ravintola Teatteri,restaurant,Point (24.9439828 60.1673881),24.9439828,60.1673881,POI
2188,S?m,bar,Point (24.9450275 60.1668987),24.9450275,60.1668987,POI
2189,Samrat,restaurant,Point (24.9447157 60.1665042),24.9447157,60.1665042,POI
2190,Manhattan steak house,restaurant,Point (24.9444947 60.1667106),24.9444947,60.1667106,POI
2191,Ravintola Bronda,restaurant,Point (24.9455671 60.1670129),24.9455671,60.1670129,POI
2192,Keops,optician,Point (24.948236 60.1670711),24.948236,60.1670711,POI
2193,Pompier ESPA,restaurant,Point (24.9493066 60.1670766),24.9493066,60.1670766,POI
2194,Kita,restaurant,Point (24.9504043 60.1670958),24.9504043,60.1670958,POI
2195,,toilet,Point (24.9520351 60.1683172),24.9520351,60.1683172,POI
2196,Salutorget,restaurant,Point (24.9520009 60.1680403),24.9520009,60.1680403,POI
2197,Wahlman,clothes,Point (24.952283 60.1688122),24.952283,60.1688122,POI
2198,Kuurna,restaurant,Point (24.9584748 60.170133),24.9584748,60.170133,POI
2199,Kreikan suurl?hetyst?,embassy,Point (24.960686 60.173318),24.960686,60.173318,POI
2200,AcurePoint,beauty_shop,Point (24.9610667 60.1963704),24.9610667,60.1963704,POI
2201,Nail Beauty Spa Lyna,beauty_shop,Point (24.9360935 60.1648177),24.9360935,60.1648177,POI
2202,Golden Leaf,restaurant,Point (24.934438 60.166426),24.934438,60.166426,POI
2203,Kimchi BBQ Kamppi,restaurant,Point (24.9340638 60.1666427),24.9340638,60.1666427,POI
2204,?landsbanken,bank,Point (24.938329 60.1649502),24.938329,60.1649502,POI
2205,Klaus K,hotel,Point (24.9425856 60.166126),24.9425856,60.166126,POI
2206,Toscanini,restaurant,Point (24.942749 60.1661734),24.942749,60.1661734,POI
2207,Bar B?kk?ri,pub,Point (24.9282526 60.1701177),24.9282526,60.1701177,POI
2208,Sushi'n roll,restaurant,Point (24.9284759 60.1701957),24.9284759,60.1701957,POI
2209,Hemingway's,pub,Point (24.9302698 60.1693835),24.9302698,60.1693835,POI
2210,Milj?? Bistro & Bar,restaurant,Point (24.9223865 60.1781072),24.9223865,60.1781072,POI
2211,Seoul 88,restaurant,Point (24.9248538 60.1830684),24.9248538,60.1830684,POI
2212,Subway,fast_food,Point (24.9274592 60.1808938),24.9274592,60.1808938,POI
2213,T??l?n hammaskeskus,dentist,Point (24.9260752 60.1822619),24.9260752,60.1822619,POI
2214,Fellows,bar,Point (24.9255271 60.1826215),24.9255271,60.1826215,POI
2215,Don Angelo,restaurant,Point (24.9256799 60.1825402),24.9256799,60.1825402,POI
2216,K-Market,convenience,Point (24.9241597 60.183258),24.9241597,60.183258,POI
2217,Kyproksen l?hetyst?,embassy,Point (24.9389083 60.1651445),24.9389083,60.1651445,POI
2218,,camera_surveillance,Point (24.9628597 60.1921006),24.9628597,60.1921006,POI
2219,Grili Elisabeth,restaurant,Point (24.9526145 60.1966323),24.9526145,60.1966323,POI
2220,,vending_parking,Point (24.9581487 60.1931523),24.9581487,60.1931523,POI
2221,,waste_basket,Point (24.956527 60.1923096),24.956527,60.1923096,POI
2222,,waste_basket,Point (24.9562765 60.192149),24.9562765,60.192149,POI
2223,,waste_basket,Point (24.9569588 60.1925535),24.9569588,60.1925535,POI
2224,,waste_basket,Point (24.9620343 60.1917699),24.9620343,60.1917699,POI
2225,,bench,Point (24.9570206 60.1507638),24.9570206,60.1507638,POI
2226,,bench,Point (24.9569692 60.1507656),24.9569692,60.1507656,POI
2227,,bench,Point (24.9570433 60.1507435),24.9570433,60.1507435,POI
2228,Harakka,toilet,Point (24.9571746 60.1517502),24.9571746,60.1517502,POI
2229,K-Market,convenience,Point (24.9550726 60.1596966),24.9550726,60.1596966,POI
2230,Pekka-koira,artwork,Point (24.9587732 60.1589824),24.9587732,60.1589824,POI
2231,Espanjan suurl?hetyst?,embassy,Point (24.9584058 60.1593454),24.9584058,60.1593454,POI
2232,Bank bar and bistro,restaurant,Point (24.9510331 60.1659228),24.9510331,60.1659228,POI
2233,Portugalin l?hetyst?,embassy,Point (24.9509919 60.1664509),24.9509919,60.1664509,POI
2234,Hotel Haven,hotel,Point (24.9515473 60.1665076),24.9515473,60.1665076,POI
2235,Suomen Pankin rahamuseo,museum,Point (24.9532664 60.170329),24.9532664,60.170329,POI
2236,Tiedemuseo Liekki,museum,Point (24.9495468 60.1697263),24.9495468,60.1697263,POI
2237,Teatteri Jurkka,theatre,Point (24.9551925 60.1724347),24.9551925,60.1724347,POI
2238,Viet Balo,restaurant,Point (24.9571661 60.1743083),24.9571661,60.1743083,POI
2239,R-Kioski,kiosk,Point (24.9458603 60.1577039),24.9458603,60.1577039,POI
2240,Lungi Kortteliravintola,restaurant,Point (24.9464837 60.1596765),24.9464837,60.1596765,POI
2241,Maxill,restaurant,Point (24.9463684 60.1602877),24.9463684,60.1602877,POI
2242,Hoku,restaurant,Point (24.9463555 60.1605541),24.9463555,60.1605541,POI
2243,Sis. Deli + Cafe,fast_food,Point (24.9463484 60.1607067),24.9463484,60.1607067,POI
2244,B.B.Badger&Co.,pub,Point (24.9463782 60.163438),24.9463782,60.163438,POI
2245,Fuji Biyori,restaurant,Point (24.9460262 60.1665682),24.9460262,60.1665682,POI
2246,Caf¨¦ Strindberg,cafe,Point (24.9461166 60.1678641),24.9461166,60.1678641,POI
2247,K?mp Brasserie & Bar,cafe,Point (24.9473194 60.1679182),24.9473194,60.1679182,POI
2248,Karl Fazer Caf¨¦,cafe,Point (24.9476859 60.1685053),24.9476859,60.1685053,POI
2249,Hobo Hotel,hotel,Point (24.9472832 60.1685881),24.9472832,60.1685881,POI
2250,Hotel K?mp,hotel,Point (24.9472992 60.1682072),24.9472992,60.1682072,POI
2251,Handelsbanken,bank,Point (24.9472254 60.1690669),24.9472254,60.1690669,POI
2252,R-Kioski,kiosk,Point (24.9461996 60.1698911),24.9461996,60.1698911,POI
2253,Solo Sokos Hotel Helsinki,hotel,Point (24.9472032 60.1696179),24.9472032,60.1696179,POI
2254,Momotoko,restaurant,Point (24.9468362 60.1699135),24.9468362,60.1699135,POI
2255,Frans & Am¨¦lie,restaurant,Point (24.9472143 60.169478),24.9472143,60.169478,POI
2256,Ego Ravintola,restaurant,Point (24.9462882 60.1639482),24.9462882,60.1639482,POI
2257,Scandic Kallio,hotel,Point (24.9480465 60.1868363),24.9480465,60.1868363,POI
2258,Helsinki Shot Bar,bar,Point (24.9465883 60.1697204),24.9465883,60.1697204,POI
2259,Pauli's,restaurant,Point (24.9470476 60.1697005),24.9470476,60.1697005,POI
2260,Maltainen Riekko,pub,Point (24.9448075 60.1923434),24.9448075,60.1923434,POI
2261,Bambu Sushi Konepaja,restaurant,Point (24.9444844 60.1924788),24.9444844,60.1924788,POI
2262,?lhus Helsinki,pub,Point (24.9162648 60.1895459),24.9162648,60.1895459,POI
2263,Ravintola Viisi Penni?,pub,Point (24.91615 60.1900912),24.91615,60.1900912,POI
2264,Hockey Corner,sports_shop,Point (24.9197647 60.1872133),24.9197647,60.1872133,POI
2265,Maharaja (Indian restaurant),restaurant,Point (24.9233922 60.1846275),24.9233922,60.1846275,POI
2266,Rolls Rice,restaurant,Point (24.9174315 60.188745),24.9174315,60.188745,POI
2267,Asteri Parturi-kampaamo,hairdresser,Point (24.9181403 60.1887498),24.9181403,60.1887498,POI
2268,,vending_parking,Point (24.937641 60.19281),24.937641,60.19281,POI
2269,Kauppatorin Grilli,fast_food,Point (24.9541896 60.1674558),24.9541896,60.1674558,POI
2270,Toveri Della Piazza,restaurant,Point (24.9454935 60.1840577),24.9454935,60.1840577,POI
2271,Virkavapaa,pub,Point (24.9512452 60.1861223),24.9512452,60.1861223,POI
2272,Kotiharjun sauna,attraction,Point (24.9573407 60.1865108),24.9573407,60.1865108,POI
2273,Mauritz,restaurant,Point (24.8782254 60.1980241),24.8782254,60.1980241,POI
2274,Bistro Maria,restaurant,Point (24.8773905 60.1984251),24.8773905,60.1984251,POI
2275,Kurvitar,pub,Point (24.9633391 60.1885293),24.9633391,60.1885293,POI
2276,,kindergarten,Point (24.9531527 60.2034759),24.9531527,60.2034759,POI
2277,,vending_parking,Point (24.9220054 60.1739447),24.9220054,60.1739447,POI
2278,Apollo Street Bar,bar,Point (24.9387208 60.1688916),24.9387208,60.1688916,POI
2279,Villi W?in?,bar,Point (24.9398473 60.167854),24.9398473,60.167854,POI
2280,Cafe Yrj?,cafe,Point (24.9391341 60.1683078),24.9391341,60.1683078,POI
2281,,tower,Point (24.9379605 60.1690624),24.9379605,60.1690624,POI
2282,,vending_parking,Point (24.95707 60.181551),24.95707,60.181551,POI
2283,Alankomaiden suurl?hetyst?,embassy,Point (24.9442849 60.1663786),24.9442849,60.1663786,POI
2284,Tanskan Suurl?hetyst?,embassy,Point (24.9417355 60.1672477),24.9417355,60.1672477,POI
2285,,waste_basket,Point (24.8950005 60.2137562),24.8950005,60.2137562,POI
2286,,post_box,Point (24.8833695 60.2055771),24.8833695,60.2055771,POI
2287,Siipiweikot,restaurant,Point (24.9310453 60.1665208),24.9310453,60.1665208,POI
2288,Tokoinrannan yleis?vessa,toilet,Point (24.9447038 60.1807373),24.9447038,60.1807373,POI
2289,M?ntym?entien yleis?vessa,toilet,Point (24.9308345 60.1842943),24.9308345,60.1842943,POI
2290,,toilet,Point (24.9120039 60.1797417),24.9120039,60.1797417,POI
2291,B?F,butcher,Point (24.9515226 60.1801673),24.9515226,60.1801673,POI
2292,,camera_surveillance,Point (24.9549282 60.1963553),24.9549282,60.1963553,POI
2293,,camera_surveillance,Point (24.9548147 60.1964362),24.9548147,60.1964362,POI
2294,,waste_basket,Point (24.955408 60.1960481),24.955408,60.1960481,POI
2295,,bench,Point (24.9553826 60.1960598),24.9553826,60.1960598,POI
2296,,waste_basket,Point (24.9558337 60.195657),24.9558337,60.195657,POI
2297,,waste_basket,Point (24.9433063 60.2008694),24.9433063,60.2008694,POI
2298,Silm?tautien erikoisl??k?ri Tapio Ihanam?ki,optician,Point (24.9595621 60.195574),24.9595621,60.195574,POI
2299,,vending_parking,Point (24.9595203 60.192983),24.9595203,60.192983,POI
2300,,waste_basket,Point (24.9598856 60.1915546),24.9598856,60.1915546,POI
2301,,camera_surveillance,Point (24.9619306 60.1905132),24.9619306,60.1905132,POI
2302,,vending_parking,Point (24.962667 60.190323),24.962667,60.190323,POI
2303,,vending_parking,Point (24.9613466 60.1915037),24.9613466,60.1915037,POI
2304,Vallilan Parturi-Kampaamo,hairdresser,Point (24.9590911 60.1931795),24.9590911,60.1931795,POI
2305,,vending_parking,Point (24.953607 60.195741),24.953607,60.195741,POI
2306,,camera_surveillance,Point (24.9513511 60.1966508),24.9513511,60.1966508,POI
2307,,camera_surveillance,Point (24.949264 60.1974774),24.949264,60.1974774,POI
2308,,camera_surveillance,Point (24.9258075 60.2024568),24.9258075,60.2024568,POI
2309,,camera_surveillance,Point (24.9261621 60.201275),24.9261621,60.201275,POI
2310,Leipomoliike K.E. Avikainen,bakery,Point (24.9558372 60.1860679),24.9558372,60.1860679,POI
2311,Harry¡¯s Bar,bar,Point (24.9515921 60.1741533),24.9515921,60.1741533,POI
2312,re-wave Second-Hand,clothes,Point (24.9503699 60.1813182),24.9503699,60.1813182,POI
2313,Syv?sen Kukka,florist,Point (24.9525126 60.182998),24.9525126,60.182998,POI
2314,Las Vegas,pub,Point (24.9535006 60.1830343),24.9535006,60.1830343,POI
2315,Kahvila Taikalamppu,cafe,Point (24.9550781 60.184469),24.9550781,60.184469,POI
2316,Alko,beverages,Point (24.9548287 60.1872956),24.9548287,60.1872956,POI
2317,Tenkka,pub,Point (24.955104 60.1873236),24.955104,60.1873236,POI
2318,Gate H11,pub,Point (24.956366 60.1874368),24.956366,60.1874368,POI
2319,Vivian's Kallio,bar,Point (24.9558858 60.1878241),24.9558858,60.1878241,POI
2320,Kallion B12,pub,Point (24.9565009 60.1882409),24.9565009,60.1882409,POI
2321,SOL Pesulapalvelut,laundry,Point (24.951452 60.1889807),24.951452,60.1889807,POI
2322,Suomen tanssitarvike,shoe_shop,Point (24.9517797 60.1895575),24.9517797,60.1895575,POI
2323,Ilma,restaurant,Point (24.9365433 60.1929991),24.9365433,60.1929991,POI
2324,Golden Rice Bowl,restaurant,Point (24.9445171 60.1908896),24.9445171,60.1908896,POI
2325,Kalastin,outdoor_shop,Point (24.9254649 60.1769159),24.9254649,60.1769159,POI
2326,Naughty BRGR,restaurant,Point (24.9364743 60.165777),24.9364743,60.165777,POI
2327,Chalupa,restaurant,Point (24.9374005 60.1661102),24.9374005,60.1661102,POI
2328,Scandic Marski,restaurant,Point (24.941438 60.1674957),24.941438,60.1674957,POI
2329,Aleksanteri Lounge,restaurant,Point (24.932603 60.1645698),24.932603,60.1645698,POI
2330,Omena-hotelli Helsinki L?nnrotinkatu,hotel,Point (24.9362782 60.1657259),24.9362782,60.1657259,POI
2331,Ravintola Pastis,restaurant,Point (24.9475672 60.1641522),24.9475672,60.1641522,POI
2332,Merimies pub,pub,Point (24.9381682 60.1604317),24.9381682,60.1604317,POI
2333,Alepa,convenience,Point (24.9408627 60.1603616),24.9408627,60.1603616,POI
2334,Teatteri Takomo,theatre,Point (24.939436 60.162074),24.939436,60.162074,POI
2335,Garageland,clothes,Point (24.9416641 60.1611792),24.9416641,60.1611792,POI
2336,Kotipizza,fast_food,Point (24.9415542 60.1633943),24.9415542,60.1633943,POI
2337,La Lasagna,restaurant,Point (24.9420659 60.1635579),24.9420659,60.1635579,POI
2338,Karaoke Nighclub Swengi,nightclub,Point (24.9430007 60.1636148),24.9430007,60.1636148,POI
2339,DIF Doner,fast_food,Point (24.9443503 60.1638567),24.9443503,60.1638567,POI
2340,Kes?kauppa,kiosk,Point (24.9847023 60.1436181),24.9847023,60.1436181,POI
2341,H?meentien hammaskeskus 24h,dentist,Point (24.9641049 60.1875221),24.9641049,60.1875221,POI
2342,,camera_surveillance,Point (24.9671844 60.1867753),24.9671844,60.1867753,POI
2343,,camera_surveillance,Point (24.9671867 60.1867805),24.9671867,60.1867805,POI
2344,,camera_surveillance,Point (24.9654251 60.1867336),24.9654251,60.1867336,POI
2345,,camera_surveillance,Point (24.9654316 60.186733),24.9654316,60.186733,POI
2346,,camera_surveillance,Point (24.965719 60.1867633),24.965719,60.1867633,POI
2347,,camera_surveillance,Point (24.9648057 60.1873549),24.9648057,60.1873549,POI
2348,,camera_surveillance,Point (24.9644718 60.1876606),24.9644718,60.1876606,POI
2349,,camera_surveillance,Point (24.9644764 60.1876591),24.9644764,60.1876591,POI
2350,,vending_parking,Point (24.96437 60.1884),24.96437,60.1884,POI
2351,,vending_parking,Point (24.965589 60.18887),24.965589,60.18887,POI
2352,,recycling,Point (24.9421816 60.1801356),24.9421816,60.1801356,POI
2353,,vending_parking,Point (24.9490659 60.1767812),24.9490659,60.1767812,POI
2354,,fountain,Point (24.9451575 60.1795518),24.9451575,60.1795518,POI
2355,,fountain,Point (24.9333937 60.1808008),24.9333937,60.1808008,POI
2356,Forumin pys?k?intihalli,recycling_metal,Point (24.9318585 60.1694176),24.9318585,60.1694176,POI
2357,,vending_parking,Point (24.9480478 60.1802327),24.9480478,60.1802327,POI
2358,,vending_parking,Point (24.948394 60.178062),24.948394,60.178062,POI
2359,Otto. automaatti (ATM),atm,Point (24.9455034 60.1704976),24.9455034,60.1704976,POI
2360,,recycling_glass,Point (24.9719011 60.1983714),24.9719011,60.1983714,POI
2361,,recycling,Point (24.9720798 60.1983658),24.9720798,60.1983658,POI
2362,Uusix-kauppa,gift_shop,Point (24.9732836 60.1983061),24.9732836,60.1983061,POI
2363,,waste_basket,Point (24.9566913 60.198268),24.9566913,60.198268,POI
2364,,waste_basket,Point (24.9611837 60.1973748),24.9611837,60.1973748,POI
2365,,waste_basket,Point (24.9610323 60.1971957),24.9610323,60.1971957,POI
2366,,bench,Point (24.9608803 60.1971179),24.9608803,60.1971179,POI
2367,,bench,Point (24.9611134 60.1968803),24.9611134,60.1968803,POI
2368,,waste_basket,Point (24.9609463 60.1968156),24.9609463,60.1968156,POI
2369,,bench,Point (24.9613906 60.1971725),24.9613906,60.1971725,POI
2370,,waste_basket,Point (24.9613987 60.1970613),24.9613987,60.1970613,POI
2371,,waste_basket,Point (24.9655706 60.1970895),24.9655706,60.1970895,POI
2372,,waste_basket,Point (24.9658352 60.199137),24.9658352,60.199137,POI
2373,Helsingin Sportti-Divari,sports_shop,Point (24.9625368 60.197296),24.9625368,60.197296,POI
2374,,waste_basket,Point (24.9061653 60.2141616),24.9061653,60.2141616,POI
2375,,waste_basket,Point (24.8952412 60.1950783),24.8952412,60.1950783,POI
2376,,waste_basket,Point (24.9427695 60.2010807),24.9427695,60.2010807,POI
2377,,vending_parking,Point (24.957886 60.181505),24.957886,60.181505,POI
2378,,camera_surveillance,Point (24.9684255 60.2073332),24.9684255,60.2073332,POI
2379,,camera_surveillance,Point (24.9685655 60.2074129),24.9685655,60.2074129,POI
2380,,post_box,Point (24.9714397 60.1896787),24.9714397,60.1896787,POI
2381,,camera_surveillance,Point (24.9711517 60.1888839),24.9711517,60.1888839,POI
2382,,camera_surveillance,Point (24.9715881 60.1893169),24.9715881,60.1893169,POI
2383,Factory Kalasatama,restaurant,Point (24.9721287 60.1892482),24.9721287,60.1892482,POI
2384,,waste_basket,Point (24.9654833 60.1984812),24.9654833,60.1984812,POI
2385,SOL pesula,laundry,Point (24.9711 60.1895139),24.9711,60.1895139,POI
2386,,waste_basket,Point (24.9754101 60.2085755),24.9754101,60.2085755,POI
2387,,camera_surveillance,Point (24.9770614 60.2103279),24.9770614,60.2103279,POI
2388,,recycling_glass,Point (24.9647133 60.1946013),24.9647133,60.1946013,POI
2389,,waste_basket,Point (24.9775502 60.2107505),24.9775502,60.2107505,POI
2390,,waste_basket,Point (24.9767488 60.2112576),24.9767488,60.2112576,POI
2391,,recycling,Point (24.9767028 60.210721),24.9767028,60.210721,POI
2392,,bench,Point (24.9741101 60.2089429),24.9741101,60.2089429,POI
2393,Restaurang Prakticum,restaurant,Point (24.9669992 60.2010453),24.9669992,60.2010453,POI
2394,Restaurang Prakticum,hairdresser,Point (24.9669992 60.2010453),24.9669992,60.2010453,POI
2395,Punaruusu,restaurant,Point (24.9632436 60.1956866),24.9632436,60.1956866,POI
2396,Ty?kaludivari,doityourself,Point (24.9632693 60.1956228),24.9632693,60.1956228,POI
2397,,vending_parking,Point (24.9617 60.188941),24.9617,60.188941,POI
2398,Pub Paussi,pub,Point (24.942976 60.190999),24.942976,60.190999,POI
2399,,waste_basket,Point (24.9576371 60.2180026),24.9576371,60.2180026,POI
2400,,waste_basket,Point (24.9543547 60.2172742),24.9543547,60.2172742,POI
2401,,waste_basket,Point (24.959777 60.218085),24.959777,60.218085,POI
2402,,camera_surveillance,Point (24.9562349 60.2175004),24.9562349,60.2175004,POI
2403,,waste_basket,Point (24.9557757 60.2172366),24.9557757,60.2172366,POI
2404,,camera_surveillance,Point (24.9559995 60.1898218),24.9559995,60.1898218,POI
2405,,camera_surveillance,Point (24.9559994 60.1898338),24.9559994,60.1898338,POI
2406,,vending_parking,Point (24.957615 60.190554),24.957615,60.190554,POI
2407,,vending_parking,Point (24.958209 60.188278),24.958209,60.188278,POI
2408,,waste_basket,Point (24.9612009 60.1879507),24.9612009,60.1879507,POI
2409,youyou,hairdresser,Point (24.9662907 60.1949253),24.9662907,60.1949253,POI
2410,P?iv?koti Viola,kindergarten,Point (24.9668777 60.1978229),24.9668777,60.1978229,POI
2411,Tsemppi Pub,pub,Point (24.9468092 60.1884444),24.9468092,60.1884444,POI
2412,,vending_parking,Point (24.948059 60.188315),24.948059,60.188315,POI
2413,Brahen Apteekki,pharmacy,Point (24.9500882 60.1863694),24.9500882,60.1863694,POI
2414,,vending_parking,Point (24.9598833 60.1671096),24.9598833,60.1671096,POI
2415,,vending_parking,Point (24.954928 60.169057),24.954928,60.169057,POI
2416,,recycling_clothes,Point (24.945561 60.1908259),24.945561,60.1908259,POI
2417,,camera_surveillance,Point (24.9428859 60.2002305),24.9428859,60.2002305,POI
2418,,camera_surveillance,Point (24.942832 60.2003532),24.942832,60.2003532,POI
2419,,camera_surveillance,Point (24.9427704 60.1992823),24.9427704,60.1992823,POI
2420,,waste_basket,Point (24.9419324 60.1986677),24.9419324,60.1986677,POI
2421,,vending_parking,Point (24.9458071 60.1884403),24.9458071,60.1884403,POI
2422,,vending_parking,Point (24.955887 60.188268),24.955887,60.188268,POI
2423,Otto,atm,Point (24.9482481 60.1867229),24.9482481,60.1867229,POI
2424,,post_box,Point (24.9439873 60.1855621),24.9439873,60.1855621,POI
2425,,vending_parking,Point (24.9447469 60.1862749),24.9447469,60.1862749,POI
2426,,vending_parking,Point (24.9542495 60.1907366),24.9542495,60.1907366,POI
2427,,vending_parking,Point (24.953232 60.189361),24.953232,60.189361,POI
2428,,vending_parking,Point (24.9526488 60.1903318),24.9526488,60.1903318,POI
2429,,vending_parking,Point (24.9505211 60.1899949),24.9505211,60.1899949,POI
2430,Pihvipaikka Karhunpes?,restaurant,Point (24.9435597 60.1853272),24.9435597,60.1853272,POI
2431,,recycling_clothes,Point (24.9392782 60.197826),24.9392782,60.197826,POI
2432,,camera_surveillance,Point (24.9377385 60.1983207),24.9377385,60.1983207,POI
2433,,camera_surveillance,Point (24.9384911 60.1984066),24.9384911,60.1984066,POI
2434,,camera_surveillance,Point (24.9387921 60.1982),24.9387921,60.1982,POI
2435,,camera_surveillance,Point (24.9386214 60.198262),24.9386214,60.198262,POI
2436,,vending_parking,Point (24.938332 60.198693),24.938332,60.198693,POI
2437,,waste_basket,Point (24.9384103 60.1981247),24.9384103,60.1981247,POI
2438,,camera_surveillance,Point (24.9381679 60.1980864),24.9381679,60.1980864,POI
2439,,camera_surveillance,Point (24.9381604 60.1980779),24.9381604,60.1980779,POI
2440,,waste_basket,Point (24.9382377 60.1977036),24.9382377,60.1977036,POI
2441,,waste_basket,Point (24.9394077 60.1972062),24.9394077,60.1972062,POI
2442,,waste_basket,Point (24.9386665 60.1972777),24.9386665,60.1972777,POI
2443,,waste_basket,Point (24.9381885 60.1975228),24.9381885,60.1975228,POI
2444,,waste_basket,Point (24.9391143 60.1972645),24.9391143,60.1972645,POI
2445,V?limeren herkut,butcher,Point (24.9375937 60.1974978),24.9375937,60.1974978,POI
2446,Duodens Hammaslaboratorio,dentist,Point (24.937473 60.1974847),24.937473,60.1974847,POI
2447,,camera_surveillance,Point (24.9378609 60.1980556),24.9378609,60.1980556,POI
2448,,vending_parking,Point (24.9357661 60.1972846),24.9357661,60.1972846,POI
2449,,post_box,Point (24.867324 60.2043274),24.867324,60.2043274,POI
2450,,post_box,Point (24.9361212 60.2011424),24.9361212,60.2011424,POI
2451,,vending_parking,Point (24.960724 60.185986),24.960724,60.185986,POI
2452,Juhani Aho,memorial,Point (24.9379426 60.1558784),24.9379426,60.1558784,POI
2453,Alfons Pizza,restaurant,Point (24.9425191 60.1592907),24.9425191,60.1592907,POI
2454,Alko,beverages,Point (24.9438814 60.1593104),24.9438814,60.1593104,POI
2455,Taqueria El Rey,restaurant,Point (24.9431025 60.1591172),24.9431025,60.1591172,POI
2456,Lappi ravintola,restaurant,Point (24.9368036 60.166753),24.9368036,60.166753,POI
2457,Ruohonjuuri Hakaniemi,supermarket,Point (24.9536205 60.1799381),24.9536205,60.1799381,POI
2458,Sir Oliver,pub,Point (24.9616867 60.1795302),24.9616867,60.1795302,POI
2459,K-Market,convenience,Point (24.9610033 60.1795178),24.9610033,60.1795178,POI
2460,Merihaan sivuapteekki,pharmacy,Point (24.9608314 60.1796531),24.9608314,60.1796531,POI
2461,Meripub,pub,Point (24.9608448 60.179557),24.9608448,60.179557,POI
2462,,vending_parking,Point (24.945727 60.178604),24.945727,60.178604,POI
2463,L?nsi Mustasaari,lighthouse,Point (24.97406 60.1462814),24.97406,60.1462814,POI
2464,,vending_parking,Point (24.9292089 60.1716462),24.9292089,60.1716462,POI
2465,,camera_surveillance,Point (24.9555818 60.1613741),24.9555818,60.1613741,POI
2466,,camera_surveillance,Point (24.9552189 60.1613345),24.9552189,60.1613345,POI
2467,,camera_surveillance,Point (24.9463454 60.1632481),24.9463454,60.1632481,POI
2468,,camera_surveillance,Point (24.9464022 60.1629079),24.9464022,60.1629079,POI
2469,Mero Nepal,restaurant,Point (24.873818 60.2141984),24.873818,60.2141984,POI
2470,Ravintola Hao Shi,restaurant,Point (24.8813363 60.2152907),24.8813363,60.2152907,POI
2471,,waste_basket,Point (24.9621031 60.2047323),24.9621031,60.2047323,POI
2472,,waste_basket,Point (24.962625 60.2047907),24.962625,60.2047907,POI
2473,,hairdresser,Point (24.9595577 60.2177773),24.9595577,60.2177773,POI
2474,,camera_surveillance,Point (24.9587 60.2163335),24.9587,60.2163335,POI
2475,,waste_basket,Point (24.9590295 60.2167128),24.9590295,60.2167128,POI
2476,,waste_basket,Point (24.958032 60.2169118),24.958032,60.2169118,POI
2477,,waste_basket,Point (24.9585488 60.2172067),24.9585488,60.2172067,POI
2478,,bench,Point (24.8761711 60.1647254),24.8761711,60.1647254,POI
2479,Scandic Hakaniemi,hotel,Point (24.9495583 60.1790894),24.9495583,60.1790894,POI
2480,,post_box,Point (24.8998016 60.1948603),24.8998016,60.1948603,POI
2481,,waste_basket,Point (24.9690055 60.2163942),24.9690055,60.2163942,POI
2482,,waste_basket,Point (24.9445375 60.198269),24.9445375,60.198269,POI
2483,,waste_basket,Point (24.9451231 60.1981851),24.9451231,60.1981851,POI
2484,,post_box,Point (24.9439734 60.1983782),24.9439734,60.1983782,POI
2485,,waste_basket,Point (24.9418861 60.1973536),24.9418861,60.1973536,POI
2486,,waste_basket,Point (24.9393252 60.1990411),24.9393252,60.1990411,POI
2487,,waste_basket,Point (24.9390819 60.1990167),24.9390819,60.1990167,POI
2488,,camera_surveillance,Point (24.9401173 60.2004667),24.9401173,60.2004667,POI
2489,Italian kulttuuri-instituutti,tourist_info,Point (24.952447 60.1604237),24.952447,60.1604237,POI
2490,,waste_basket,Point (24.9862034 60.2168225),24.9862034,60.2168225,POI
2491,,camera_surveillance,Point (24.9457967 60.2086749),24.9457967,60.2086749,POI
2492,,camera_surveillance,Point (24.9390963 60.2077795),24.9390963,60.2077795,POI
2493,,camera_surveillance,Point (24.9390937 60.2077709),24.9390937,60.2077709,POI
2494,My Jet,travel_agent,Point (24.9307049 60.1671267),24.9307049,60.1671267,POI
2495,,waste_basket,Point (24.928909 60.1777022),24.928909,60.1777022,POI
2496,,waste_basket,Point (24.9355781 60.1713078),24.9355781,60.1713078,POI
2497,,camera_surveillance,Point (24.9349298 60.1720923),24.9349298,60.1720923,POI
2498,,vending_parking,Point (24.9319263 60.1741799),24.9319263,60.1741799,POI
2499,,camera_surveillance,Point (24.9501966 60.2143214),24.9501966,60.2143214,POI
2500,,artwork,Point (24.9502664 60.2141937),24.9502664,60.2141937,POI
2501,,camera_surveillance,Point (24.9501712 60.2143313),24.9501712,60.2143313,POI
2502,,bench,Point (24.9460882 60.2139184),24.9460882,60.2139184,POI
2503,,waste_basket,Point (24.9503738 60.2142194),24.9503738,60.2142194,POI
2504,,waste_basket,Point (24.9500233 60.2142106),24.9500233,60.2142106,POI
2505,,waste_basket,Point (24.9788038 60.2085126),24.9788038,60.2085126,POI
2506,,waste_basket,Point (24.9816802 60.2098895),24.9816802,60.2098895,POI
2507,,waste_basket,Point (24.9813493 60.2102031),24.9813493,60.2102031,POI
2508,,camera_surveillance,Point (24.9791776 60.2089603),24.9791776,60.2089603,POI
2509,,camera_surveillance,Point (24.9796503 60.2085937),24.9796503,60.2085937,POI
2510,,bench,Point (24.9814184 60.2094562),24.9814184,60.2094562,POI
2511,,waste_basket,Point (24.9814104 60.2094332),24.9814104,60.2094332,POI
2512,,bench,Point (24.9812296 60.2096582),24.9812296,60.2096582,POI
2513,,waste_basket,Point (24.9186944 60.1626122),24.9186944,60.1626122,POI
2514,,waste_basket,Point (24.9163686 60.1625702),24.9163686,60.1625702,POI
2515,,camera_surveillance,Point (24.9153252 60.1631197),24.9153252,60.1631197,POI
2516,,waste_basket,Point (24.9178715 60.1616054),24.9178715,60.1616054,POI
2517,,waste_basket,Point (24.9154552 60.161537),24.9154552,60.161537,POI
2518,,waste_basket,Point (24.9158649 60.1614833),24.9158649,60.1614833,POI
2519,,waste_basket,Point (24.9185483 60.1616215),24.9185483,60.1616215,POI
2520,,toilet,Point (24.9885666 60.1742126),24.9885666,60.1742126,POI
2521,,toilet,Point (24.988726 60.1748641),24.988726,60.1748641,POI
2522,,picnic_site,Point (24.9807499 60.1731246),24.9807499,60.1731246,POI
2523,Korkeasaaren kauppa,gift_shop,Point (24.9803659 60.1749295),24.9803659,60.1749295,POI
2524,,tourist_info,Point (24.928831 60.2073482),24.928831,60.2073482,POI
2525,Cool Bar,restaurant,Point (24.9263875 60.1983363),24.9263875,60.1983363,POI
2526,Salon Laveena,beauty_shop,Point (24.9454128 60.1602485),24.9454128,60.1602485,POI
2527,,bench,Point (24.9400429 60.1793813),24.9400429,60.1793813,POI
2528,,bench,Point (24.9404257 60.178417),24.9404257,60.178417,POI
2529,,bench,Point (24.9409527 60.1777599),24.9409527,60.1777599,POI
2530,,bench,Point (24.9402961 60.1787149),24.9402961,60.1787149,POI
2531,,bench,Point (24.9406904 60.1778571),24.9406904,60.1778571,POI
2532,,bench,Point (24.941741 60.1774118),24.941741,60.1774118,POI
2533,,bench,Point (24.9401911 60.17898),24.9401911,60.17898,POI
2534,,bench,Point (24.9400902 60.1792052),24.9400902,60.1792052,POI
2535,,bench,Point (24.9405328 60.1781693),24.9405328,60.1781693,POI
2536,,bench,Point (24.9413932 60.1775644),24.9413932,60.1775644,POI
2537,,waste_basket,Point (24.9541959 60.2140052),24.9541959,60.2140052,POI
2538,,bench,Point (24.9542281 60.2140039),24.9542281,60.2140039,POI
2539,,bench,Point (24.9540542 60.2139338),24.9540542,60.2139338,POI
2540,Stadin AO TK 23,restaurant,Point (24.946647 60.1947987),24.946647,60.1947987,POI
2541,,camera_surveillance,Point (24.9677135 60.2022657),24.9677135,60.2022657,POI
2542,,camera_surveillance,Point (24.9686007 60.2024229),24.9686007,60.2024229,POI
2543,,camera_surveillance,Point (24.9688083 60.2023191),24.9688083,60.2023191,POI
2544,,bench,Point (24.9425409 60.1976495),24.9425409,60.1976495,POI
2545,,waste_basket,Point (24.9432988 60.1984834),24.9432988,60.1984834,POI
2546,,waste_basket,Point (24.9431871 60.1988327),24.9431871,60.1988327,POI
2547,Olotila,pub,Point (24.9792286 60.207482),24.9792286,60.207482,POI
2548,,waste_basket,Point (24.9682037 60.2110527),24.9682037,60.2110527,POI
2549,,waste_basket,Point (24.9741875 60.2067213),24.9741875,60.2067213,POI
2550,,waste_basket,Point (24.9476688 60.1955769),24.9476688,60.1955769,POI
2551,,vending_parking,Point (24.9474088 60.1964907),24.9474088,60.1964907,POI
2552,Stefan's Steakhouse,restaurant,Point (24.9445411 60.1656876),24.9445411,60.1656876,POI
2553,,waste_basket,Point (24.9702487 60.2168952),24.9702487,60.2168952,POI
2554,,waste_basket,Point (24.9712189 60.2171383),24.9712189,60.2171383,POI
2555,,waste_basket,Point (24.9715634 60.2174164),24.9715634,60.2174164,POI
2556,,waste_basket,Point (24.9608899 60.2175586),24.9608899,60.2175586,POI
2557,,bench,Point (24.9609232 60.2175696),24.9609232,60.2175696,POI
2558,,bench,Point (24.960853 60.2175402),24.960853,60.2175402,POI
2559,,bench,Point (24.9609047 60.2176136),24.9609047,60.2176136,POI
2560,Viherlatva,restaurant,Point (24.9387411 60.2006295),24.9387411,60.2006295,POI
2561,,waste_basket,Point (24.9377865 60.1977184),24.9377865,60.1977184,POI
2562,,waste_basket,Point (24.9367739 60.1974646),24.9367739,60.1974646,POI
2563,,camera_surveillance,Point (24.9364577 60.1978474),24.9364577,60.1978474,POI
2564,,camera_surveillance,Point (24.9363281 60.1980826),24.9363281,60.1980826,POI
2565,,waste_basket,Point (24.9373548 60.1970809),24.9373548,60.1970809,POI
2566,,camera_surveillance,Point (24.9356221 60.1951586),24.9356221,60.1951586,POI
2567,Pasilan Pizzapalvelu,restaurant,Point (24.9420976 60.199217),24.9420976,60.199217,POI
2568,,camera_surveillance,Point (24.9519729 60.1587387),24.9519729,60.1587387,POI
2569,,waste_basket,Point (24.954918 60.1594971),24.954918,60.1594971,POI
2570,Alepa,convenience,Point (24.9476181 60.1571569),24.9476181,60.1571569,POI
2571,Pizzeria Sopranos,restaurant,Point (24.9462067 60.1570148),24.9462067,60.1570148,POI
2572,,camera_surveillance,Point (24.9480274 60.1564117),24.9480274,60.1564117,POI
2573,,vending_parking,Point (24.958272 60.158171),24.958272,60.158171,POI
2574,,camera_surveillance,Point (24.9458868 60.2002617),24.9458868,60.2002617,POI
2575,,bench,Point (24.9785159 60.2159526),24.9785159,60.2159526,POI
2576,,bench,Point (24.9784496 60.2157786),24.9784496,60.2157786,POI
2577,,waste_basket,Point (24.9784359 60.215766),24.9784359,60.215766,POI
2578,,bench,Point (24.9791391 60.2156068),24.9791391,60.2156068,POI
2579,kissaklinikka Felina,veterinary,Point (24.9241363 60.1669319),24.9241363,60.1669319,POI
2580,,camera_surveillance,Point (24.9571498 60.2119452),24.9571498,60.2119452,POI
2581,,camera_surveillance,Point (24.9472455 60.2036281),24.9472455,60.2036281,POI
2582,,camera_surveillance,Point (24.938352 60.1580508),24.938352,60.1580508,POI
2583,,camera_surveillance,Point (24.9492267 60.1713575),24.9492267,60.1713575,POI
2584,,camera_surveillance,Point (24.9420281 60.1581561),24.9420281,60.1581561,POI
2585,,camera_surveillance,Point (24.9434373 60.1582384),24.9434373,60.1582384,POI
2586,,camera_surveillance,Point (24.9434262 60.1582305),24.9434262,60.1582305,POI
2587,,camera_surveillance,Point (24.9488526 60.1721264),24.9488526,60.1721264,POI
2588,,camera_surveillance,Point (24.9517147 60.1708766),24.9517147,60.1708766,POI
2589,Srinakhon,restaurant,Point (24.9453741 60.15919),24.9453741,60.15919,POI
2590,,recycling_glass,Point (24.9467396 60.1591451),24.9467396,60.1591451,POI
2591,,waste_basket,Point (24.9467026 60.1591296),24.9467026,60.1591296,POI
2592,P?iv?koti Luonnossa Kotonaan M?rrintupa,kindergarten,Point (24.9839729 60.2171341),24.9839729,60.2171341,POI
2593,Hiushuone Tunne,hairdresser,Point (24.9465146 60.1659884),24.9465146,60.1659884,POI
2594,Y?ky?peli,pub,Point (24.9499811 60.1653563),24.9499811,60.1653563,POI
2595,Rauhanpatsas,artwork,Point (24.9620595 60.1587301),24.9620595,60.1587301,POI
2596,,vending_parking,Point (24.9618617 60.159074),24.9618617,60.159074,POI
2597,,waste_basket,Point (24.9617971 60.1587966),24.9617971,60.1587966,POI
2598,,camera_surveillance,Point (24.9586222 60.1587304),24.9586222,60.1587304,POI
2599,,waste_basket,Point (24.9562446 60.1580315),24.9562446,60.1580315,POI
2600,,waste_basket,Point (24.9556912 60.1585782),24.9556912,60.1585782,POI
2601,,waste_basket,Point (24.9551702 60.1583505),24.9551702,60.1583505,POI
2602,Turkin suurl?hetyst?,embassy,Point (24.953994 60.1585599),24.953994,60.1585599,POI
2603,,bench,Point (24.9495041 60.1949306),24.9495041,60.1949306,POI
2604,,waste_basket,Point (24.9490668 60.1950691),24.9490668,60.1950691,POI
2605,,bench,Point (24.9490608 60.1950507),24.9490608,60.1950507,POI
2606,,waste_basket,Point (24.9495636 60.1948993),24.9495636,60.1948993,POI
2607,,post_box,Point (24.9642516 60.1940205),24.9642516,60.1940205,POI
2608,,bench,Point (24.9641864 60.2058563),24.9641864,60.2058563,POI
2609,,camera_surveillance,Point (24.9641196 60.2054451),24.9641196,60.2054451,POI
2610,,bench,Point (24.9646845 60.2057116),24.9646845,60.2057116,POI
2611,,camera_surveillance,Point (24.9641151 60.2051456),24.9641151,60.2051456,POI
2612,Unicafe,restaurant,Point (24.9639498 60.2055999),24.9639498,60.2055999,POI
2613,,vending_parking,Point (24.973338 60.167008),24.973338,60.167008,POI
2614,,waste_basket,Point (24.9680819 60.1968065),24.9680819,60.1968065,POI
2615,,waste_basket,Point (24.9666256 60.1971393),24.9666256,60.1971393,POI
2616,,waste_basket,Point (24.9670617 60.1970228),24.9670617,60.1970228,POI
2617,,camera_surveillance,Point (24.97325 60.1889762),24.97325,60.1889762,POI
2618,,camera_surveillance,Point (24.9731431 60.1890414),24.9731431,60.1890414,POI
2619,,camera_surveillance,Point (24.9731441 60.1890396),24.9731441,60.1890396,POI
2620,,camera_surveillance,Point (24.971759 60.1893847),24.971759,60.1893847,POI
2621,,camera_surveillance,Point (24.971764 60.1893853),24.971764,60.1893853,POI
2622,,camera_surveillance,Point (24.971201 60.1894363),24.971201,60.1894363,POI
2623,,camera_surveillance,Point (24.9517115 60.1932951),24.9517115,60.1932951,POI
2624,,camera_surveillance,Point (24.9523663 60.1929033),24.9523663,60.1929033,POI
2625,,vending_parking,Point (24.945313 60.195182),24.945313,60.195182,POI
2626,,vending_parking,Point (24.9578156 60.1947481),24.9578156,60.1947481,POI
2627,,waste_basket,Point (24.955782 60.1919155),24.955782,60.1919155,POI
2628,,waste_basket,Point (24.9865427 60.216024),24.9865427,60.216024,POI
2629,,waste_basket,Point (24.9477078 60.16771),24.9477078,60.16771,POI
2630,,waste_basket,Point (24.9460637 60.1676249),24.9460637,60.1676249,POI
2631,,waste_basket,Point (24.946081 60.1676658),24.946081,60.1676658,POI
2632,Katajanokan Pizzapalvelu,fast_food,Point (24.9753665 60.1681057),24.9753665,60.1681057,POI
2633,,bench,Point (24.979421 60.1680314),24.979421,60.1680314,POI
2634,,waste_basket,Point (24.9234959 60.1958071),24.9234959,60.1958071,POI
2635,,waste_basket,Point (24.9248054 60.1957755),24.9248054,60.1957755,POI
2636,,waste_basket,Point (24.9274956 60.1955271),24.9274956,60.1955271,POI
2637,,waste_basket,Point (24.9236774 60.1973426),24.9236774,60.1973426,POI
2638,,waste_basket,Point (24.9242396 60.1973522),24.9242396,60.1973522,POI
2639,,hairdresser,Point (24.9253807 60.1967291),24.9253807,60.1967291,POI
2640,"Ekopiste, Linnanm?ki",recycling,Point (24.9403352 60.1870299),24.9403352,60.1870299,POI
2641,"Ekopiste, Linnanm?ki",recycling,Point (24.9389444 60.1880098),24.9389444,60.1880098,POI
2642,Hypytin,attraction,Point (24.9427743 60.1883892),24.9427743,60.1883892,POI
2643,Helikopteri,attraction,Point (24.940189 60.1872356),24.940189,60.1872356,POI
2644,,waste_basket,Point (24.9876211 60.1754453),24.9876211,60.1754453,POI
2645,Salon Erik,hairdresser,Point (24.9321306 60.1659981),24.9321306,60.1659981,POI
2646,Hiushuone Decor,hairdresser,Point (24.9305971 60.1669271),24.9305971,60.1669271,POI
2647,One Pint Pub,pub,Point (24.9202845 60.1620717),24.9202845,60.1620717,POI
2648,,recycling_glass,Point (24.9037291 60.1987557),24.9037291,60.1987557,POI
2649,Ammattiopisto Live,school,Point (24.9081139 60.2023183),24.9081139,60.2023183,POI
2650,,post_box,Point (24.9147341 60.190658),24.9147341,60.190658,POI
2651,Itsudemo,restaurant,Point (24.9344989 60.1704928),24.9344989,60.1704928,POI
2652,,recycling_glass,Point (24.8919841 60.2118065),24.8919841,60.2118065,POI
2653,Rekkaralli,attraction,Point (24.9388715 60.1875575),24.9388715,60.1875575,POI
2654,Lohik??rme,attraction,Point (24.9395025 60.1876275),24.9395025,60.1876275,POI
2655,Muksupuksu,attraction,Point (24.9408344 60.1875803),24.9408344,60.1875803,POI
2656,Kalapoika,artwork,Point (24.940839 60.1885623),24.940839,60.1885623,POI
2657,,toilet,Point (24.939853 60.1891847),24.939853,60.1891847,POI
2658,Tappen,bar,Point (24.9560596 60.1886067),24.9560596,60.1886067,POI
2659,Hein?hattu,pub,Point (24.9550582 60.1884602),24.9550582,60.1884602,POI
2660,Siima Baari,pub,Point (24.9544404 60.1884645),24.9544404,60.1884645,POI
2661,Bar Molotow,bar,Point (24.9536176 60.1884876),24.9536176,60.1884876,POI
2662,Kanniston leipomo,bakery,Point (24.951661 60.1864292),24.951661,60.1864292,POI
2663,,bench,Point (24.9829756 60.2087534),24.9829756,60.2087534,POI
2664,Kuudes linja,nightclub,Point (24.95955 60.1837327),24.95955,60.1837327,POI
2665,Siltanen,nightclub,Point (24.9602884 60.1841252),24.9602884,60.1841252,POI
2666,,tourist_info,Point (24.9271075 60.2077558),24.9271075,60.2077558,POI
2667,,bench,Point (24.8959883 60.1979649),24.8959883,60.1979649,POI
2668,,bench,Point (24.8977561 60.1987728),24.8977561,60.1987728,POI
2669,,bench,Point (24.8946662 60.1974618),24.8946662,60.1974618,POI
2670,,waste_basket,Point (24.8961579 60.1982048),24.8961579,60.1982048,POI
2671,,bench,Point (24.8958205 60.1980081),24.8958205,60.1980081,POI
2672,,camera_surveillance,Point (24.8970139 60.1978628),24.8970139,60.1978628,POI
2673,,waste_basket,Point (24.8957211 60.1982334),24.8957211,60.1982334,POI
2674,,waste_basket,Point (24.8963216 60.1979691),24.8963216,60.1979691,POI
2675,,camera_surveillance,Point (24.8954707 60.1992637),24.8954707,60.1992637,POI
2676,,bench,Point (24.8960938 60.198184),24.8960938,60.198184,POI
2677,,camera_surveillance,Point (24.8951745 60.1996466),24.8951745,60.1996466,POI
2678,,camera_surveillance,Point (24.8954689 60.1992617),24.8954689,60.1992617,POI
2679,Hietalahden apteekki,pharmacy,Point (24.930053 60.1613165),24.930053,60.1613165,POI
2680,7 Veljest?,pub,Point (24.9385446 60.1949559),24.9385446,60.1949559,POI
2681,Ruuvi-S?ve,doityourself,Point (24.9403554 60.1934288),24.9403554,60.1934288,POI
2682,,post_box,Point (24.9434191 60.1922048),24.9434191,60.1922048,POI
2683,Lia,restaurant,Point (24.8774067 60.1993852),24.8774067,60.1993852,POI
2684,,bench,Point (24.95006 60.1841741),24.95006,60.1841741,POI
2685,,waste_basket,Point (24.9495818 60.1848653),24.9495818,60.1848653,POI
2686,,bench,Point (24.9500536 60.1842933),24.9500536,60.1842933,POI
2687,,waste_basket,Point (24.9491776 60.185096),24.9491776,60.185096,POI
2688,,waste_basket,Point (24.9499359 60.1843518),24.9499359,60.1843518,POI
2689,,waste_basket,Point (24.9493469 60.1850996),24.9493469,60.1850996,POI
2690,,waste_basket,Point (24.9549175 60.1855313),24.9549175,60.1855313,POI
2691,,bench,Point (24.923797 60.1914356),24.923797,60.1914356,POI
2692,,bench,Point (24.9239853 60.191628),24.9239853,60.191628,POI
2693,,bench,Point (24.9240077 60.1915967),24.9240077,60.1915967,POI
2694,Lasten liikennekaupunki,tourist_info,Point (24.9232449 60.1914876),24.9232449,60.1914876,POI
2695,,bench,Point (24.9240893 60.1916987),24.9240893,60.1916987,POI
2696,,picnic_site,Point (24.9235683 60.1914073),24.9235683,60.1914073,POI
2697,,waste_basket,Point (24.9488275 60.1844055),24.9488275,60.1844055,POI
2698,,camera_surveillance,Point (24.9247724 60.2046215),24.9247724,60.2046215,POI
2699,,camera_surveillance,Point (24.9250908 60.2043755),24.9250908,60.2043755,POI
2700,,camera_surveillance,Point (24.9248619 60.2047592),24.9248619,60.2047592,POI
2701,,camera_surveillance,Point (24.9252091 60.2042776),24.9252091,60.2042776,POI
2702,,camera_surveillance,Point (24.9256106 60.2042477),24.9256106,60.2042477,POI
2703,,camera_surveillance,Point (24.9251208 60.2042753),24.9251208,60.2042753,POI
2704,,camera_surveillance,Point (24.9257512 60.2041002),24.9257512,60.2041002,POI
2705,,bench,Point (24.9349024 60.1860984),24.9349024,60.1860984,POI
2706,,bench,Point (24.9330436 60.1861419),24.9330436,60.1861419,POI
2707,,bench,Point (24.9353166 60.1856989),24.9353166,60.1856989,POI
2708,Henrik Borgstr?m,memorial,Point (24.9331088 60.1860975),24.9331088,60.1860975,POI
2709,,bench,Point (24.9325068 60.1893456),24.9325068,60.1893456,POI
2710,,waste_basket,Point (24.9349144 60.1860844),24.9349144,60.1860844,POI
2711,,waste_basket,Point (24.9353292 60.1856878),24.9353292,60.1856878,POI
2712,,camera_surveillance,Point (24.9431214 60.1873548),24.9431214,60.1873548,POI
2713,,camera_surveillance,Point (24.9431459 60.1873522),24.9431459,60.1873522,POI
2714,Meritorppa,restaurant,Point (24.8721977 60.1926691),24.8721977,60.1926691,POI
2715,Made of sundays,doityourself,Point (24.9697632 60.2027905),24.9697632,60.2027905,POI
2716,K-Market,convenience,Point (24.8775036 60.198155),24.8775036,60.198155,POI
2717,,bench,Point (24.9350367 60.1863174),24.9350367,60.1863174,POI
2718,,waste_basket,Point (24.9350732 60.1854618),24.9350732,60.1854618,POI
2719,,waste_basket,Point (24.9352903 60.1854502),24.9352903,60.1854502,POI
2720,,waste_basket,Point (24.9779894 60.2121982),24.9779894,60.2121982,POI
2721,,bench,Point (24.9550433 60.2137693),24.9550433,60.2137693,POI
2722,,bench,Point (24.9547769 60.2136729),24.9547769,60.2136729,POI
2723,,waste_basket,Point (24.9459354 60.1673895),24.9459354,60.1673895,POI
2724,,waste_basket,Point (24.9243662 60.1970976),24.9243662,60.1970976,POI
2725,,camera_surveillance,Point (24.9245754 60.1971595),24.9245754,60.1971595,POI
2726,,camera_surveillance,Point (24.9252901 60.1971498),24.9252901,60.1971498,POI
2727,,waste_basket,Point (24.9256014 60.196899),24.9256014,60.196899,POI
2728,,camera_surveillance,Point (24.9249793 60.1972048),24.9249793,60.1972048,POI
2729,,camera_surveillance,Point (24.9254411 60.1968058),24.9254411,60.1968058,POI
2730,,waste_basket,Point (24.9258956 60.1964659),24.9258956,60.1964659,POI
2731,,camera_surveillance,Point (24.9249811 60.1963489),24.9249811,60.1963489,POI
2732,,camera_surveillance,Point (24.924996 60.1963479),24.924996,60.1963479,POI
2733,,camera_surveillance,Point (24.9245329 60.1965313),24.9245329,60.1965313,POI
2734,,bench,Point (24.9455523 60.1579758),24.9455523,60.1579758,POI
2735,,bench,Point (24.9451292 60.1580947),24.9451292,60.1580947,POI
2736,,waste_basket,Point (24.9449349 60.1580954),24.9449349,60.1580954,POI
2737,Kantipur,restaurant,Point (24.9331951 60.1646347),24.9331951,60.1646347,POI
2738,Omena-hotelli Helsinki Yrj?nkatu,hotel,Point (24.9376293 60.167667),24.9376293,60.167667,POI
2739,R-Kioski,kiosk,Point (24.8764043 60.1977383),24.8764043,60.1977383,POI
2740,,waste_basket,Point (24.9251317 60.2001578),24.9251317,60.2001578,POI
2741,,waste_basket,Point (24.9251767 60.1998294),24.9251767,60.1998294,POI
2742,Vanha Munkki,fast_food,Point (24.8732632 60.1952603),24.8732632,60.1952603,POI
2743,Pizzapaja Munkkiniemi,fast_food,Point (24.8795854 60.1978615),24.8795854,60.1978615,POI
2744,Max's Cafe,cafe,Point (24.8818295 60.197288),24.8818295,60.197288,POI
2745,Hiushuone Pihlaja,hairdresser,Point (24.9010307 60.1964652),24.9010307,60.1964652,POI
2746,,waste_basket,Point (24.8975119 60.1957686),24.8975119,60.1957686,POI
2747,,waste_basket,Point (24.8960355 60.1953308),24.8960355,60.1953308,POI
2748,,waste_basket,Point (24.8951751 60.1948875),24.8951751,60.1948875,POI
2749,,kindergarten,Point (24.8936224 60.1948672),24.8936224,60.1948672,POI
2750,Allergiatalo,kindergarten,Point (24.8940931 60.1943355),24.8940931,60.1943355,POI
2751,,waste_basket,Point (24.8990317 60.197242),24.8990317,60.197242,POI
2752,Gurans,restaurant,Point (24.8987806 60.2029401),24.8987806,60.2029401,POI
2753,,camera_surveillance,Point (24.8998466 60.1997335),24.8998466,60.1997335,POI
2754,,camera_surveillance,Point (24.899617 60.19997),24.899617,60.19997,POI
2755,,camera_surveillance,Point (24.8988572 60.2021407),24.8988572,60.2021407,POI
2756,,camera_surveillance,Point (24.898852 60.202138),24.898852,60.202138,POI
2757,,waste_basket,Point (24.8954774 60.2006531),24.8954774,60.2006531,POI
2758,,bench,Point (24.8933719 60.2025459),24.8933719,60.2025459,POI
2759,,bench,Point (24.8932405 60.2026166),24.8932405,60.2026166,POI
2760,,waste_basket,Point (24.8935277 60.2023833),24.8935277,60.2023833,POI
2761,,waste_basket,Point (24.8932771 60.2022615),24.8932771,60.2022615,POI
2762,,bench,Point (24.8933004 60.2025842),24.8933004,60.2025842,POI
2763,,bench,Point (24.8952246 60.2000186),24.8952246,60.2000186,POI
2764,,waste_basket,Point (24.8921225 60.2014595),24.8921225,60.2014595,POI
2765,,bench,Point (24.8933416 60.2025591),24.8933416,60.2025591,POI
2766,,bench,Point (24.8953888 60.200228),24.8953888,60.200228,POI
2767,Dentaurus,dentist,Point (24.8965435 60.1978036),24.8965435,60.1978036,POI
2768,,waste_basket,Point (24.8950714 60.1972565),24.8950714,60.1972565,POI
2769,Joy,hairdresser,Point (24.8929961 60.1957806),24.8929961,60.1957806,POI
2770,,waste_basket,Point (24.8939116 60.1963303),24.8939116,60.1963303,POI
2771,,waste_basket,Point (24.8925118 60.1955265),24.8925118,60.1955265,POI
2772,,waste_basket,Point (24.8949784 60.2021157),24.8949784,60.2021157,POI
2773,,waste_basket,Point (24.8940494 60.202254),24.8940494,60.202254,POI
2774,,waste_basket,Point (24.8933292 60.2012547),24.8933292,60.2012547,POI
2775,,bench,Point (24.883231 60.2030852),24.883231,60.2030852,POI
2776,,waste_basket,Point (24.8825476 60.2029497),24.8825476,60.2029497,POI
2777,,bench,Point (24.8826015 60.2029531),24.8826015,60.2029531,POI
2778,,waste_basket,Point (24.8831924 60.2030815),24.8831924,60.2030815,POI
2779,,bench,Point (24.8894243 60.2011479),24.8894243,60.2011479,POI
2780,,waste_basket,Point (24.8884525 60.1989614),24.8884525,60.1989614,POI
2781,,bench,Point (24.888438 60.1992286),24.888438,60.1992286,POI
2782,,waste_basket,Point (24.8937302 60.202481),24.8937302,60.202481,POI
2783,,waste_basket,Point (24.8895253 60.2012141),24.8895253,60.2012141,POI
2784,,waste_basket,Point (24.8889099 60.1996899),24.8889099,60.1996899,POI
2785,,bench,Point (24.8891213 60.199884),24.8891213,60.199884,POI
2786,McDonald's,fast_food,Point (24.9385867 60.1691839),24.9385867,60.1691839,POI
2787,,bench,Point (24.8850772 60.1983106),24.8850772,60.1983106,POI
2788,,waste_basket,Point (24.8851221 60.1983216),24.8851221,60.1983216,POI
2789,,bench,Point (24.886703 60.1991261),24.886703,60.1991261,POI
2790,,waste_basket,Point (24.8867369 60.1991625),24.8867369,60.1991625,POI
2791,,waste_basket,Point (24.8849382 60.2015145),24.8849382,60.2015145,POI
2792,,waste_basket,Point (24.8835452 60.201897),24.8835452,60.201897,POI
2793,,waste_basket,Point (24.8837931 60.2017355),24.8837931,60.2017355,POI
2794,Alepa,convenience,Point (24.8799873 60.1982767),24.8799873,60.1982767,POI
2795,,vending_parking,Point (24.962942 60.156569),24.962942,60.156569,POI
2796,,post_box,Point (24.9596491 60.1573767),24.9596491,60.1573767,POI
2797,Arvid M?rne,memorial,Point (24.9614774 60.1558362),24.9614774,60.1558362,POI
2798,Arvid M?rne,artwork,Point (24.9614774 60.1558362),24.9614774,60.1558362,POI
2799,,waste_basket,Point (24.8964265 60.203723),24.8964265,60.203723,POI
2800,Rara,restaurant,Point (24.8955964 60.2047665),24.8955964,60.2047665,POI
2801,,waste_basket,Point (24.8982607 60.203425),24.8982607,60.203425,POI
2802,Kampaamo Leena,hairdresser,Point (24.8962832 60.2038648),24.8962832,60.2038648,POI
2803,,waste_basket,Point (24.8977835 60.2034309),24.8977835,60.2034309,POI
2804,,waste_basket,Point (24.8939337 60.2049096),24.8939337,60.2049096,POI
2805,Pikku Huopalahden Hammasl??k?riasema Tandex Oy,dentist,Point (24.8921865 60.2057405),24.8921865,60.2057405,POI
2806,UFF T??l?,clothes,Point (24.9165228 60.1893897),24.9165228,60.1893897,POI
2807,,bench,Point (24.8678543 60.154197),24.8678543,60.154197,POI
2808,,waste_basket,Point (24.8682437 60.1542153),24.8682437,60.1542153,POI
2809,Salon Sina,hairdresser,Point (24.9578787 60.1884772),24.9578787,60.1884772,POI
2810,,camera_surveillance,Point (24.9602442 60.18834),24.9602442,60.18834,POI
2811,Picnic,cafe,Point (24.9177244 60.1839811),24.9177244,60.1839811,POI
2812,,waste_basket,Point (24.9317429 60.1848831),24.9317429,60.1848831,POI
2813,,waste_basket,Point (24.9314312 60.184209),24.9314312,60.184209,POI
2814,,camera_surveillance,Point (24.9277075 60.1801717),24.9277075,60.1801717,POI
2815,,vending_parking,Point (24.9252924 60.1775261),24.9252924,60.1775261,POI
2816,Cafe & Bistro Piritta,cafe,Point (24.9410918 60.1802791),24.9410918,60.1802791,POI
2817,,hairdresser,Point (24.9438836 60.2131877),24.9438836,60.2131877,POI
2818,,waste_basket,Point (24.8823752 60.1625291),24.8823752,60.1625291,POI
2819,,bench,Point (24.882096 60.1626016),24.882096,60.1626016,POI
2820,,bench,Point (24.8816696 60.1622236),24.8816696,60.1622236,POI
2821,,waste_basket,Point (24.8858567 60.1622008),24.8858567,60.1622008,POI
2822,,picnic_site,Point (24.8816561 60.1840027),24.8816561,60.1840027,POI
2823,,bench,Point (24.8846764 60.1868091),24.8846764,60.1868091,POI
2824,,bench,Point (24.8845883 60.187186),24.8845883,60.187186,POI
2825,,bench,Point (24.8846765 60.1870599),24.8846765,60.1870599,POI
2826,,bench,Point (24.8846759 60.1866887),24.8846759,60.1866887,POI
2827,,bench,Point (24.8845805 60.1870595),24.8845805,60.1870595,POI
2828,,bench,Point (24.8845795 60.1866875),24.8845795,60.1866875,POI
2829,,bench,Point (24.8845804 60.1869373),24.8845804,60.1869373,POI
2830,,bench,Point (24.8845727 60.1865663),24.8845727,60.1865663,POI
2831,,bench,Point (24.8846745 60.1865679),24.8846745,60.1865679,POI
2832,,bench,Point (24.8846748 60.1869363),24.8846748,60.1869363,POI
2833,,bench,Point (24.8846878 60.1871848),24.8846878,60.1871848,POI
2834,,bench,Point (24.8846746 60.186439),24.8846746,60.186439,POI
2835,,bench,Point (24.8845778 60.186808),24.8845778,60.186808,POI
2836,,bench,Point (24.8845726 60.1864361),24.8845726,60.1864361,POI
2837,,camera_surveillance,Point (24.9310682 60.1717793),24.9310682,60.1717793,POI
2838,,camera_surveillance,Point (24.9311027 60.1717906),24.9311027,60.1717906,POI
2839,,camera_surveillance,Point (24.930896 60.1718986),24.930896,60.1718986,POI
2840,,car_sharing,Point (24.9287027 60.1772634),24.9287027,60.1772634,POI
2841,,waste_basket,Point (24.9422892 60.1553303),24.9422892,60.1553303,POI
2842,,car_sharing,Point (24.9208602 60.1730823),24.9208602,60.1730823,POI
2843,Italian Suurl?hetyst?,embassy,Point (24.9387272 60.1576631),24.9387272,60.1576631,POI
2844,,waste_basket,Point (24.9415015 60.1558971),24.9415015,60.1558971,POI
2845,,waste_basket,Point (24.9443477 60.1552615),24.9443477,60.1552615,POI
2846,,bench,Point (24.944386 60.1552641),24.944386,60.1552641,POI
2847,,bench,Point (24.9441514 60.1552062),24.9441514,60.1552062,POI
2848,,bench,Point (24.9445564 60.1552815),24.9445564,60.1552815,POI
2849,,camera_surveillance,Point (24.9393793 60.1569836),24.9393793,60.1569836,POI
2850,,vending_parking,Point (24.935393 60.156015),24.935393,60.156015,POI
2851,,waste_basket,Point (24.9353806 60.1570424),24.9353806,60.1570424,POI
2852,,vending_parking,Point (24.93667 60.155497),24.93667,60.155497,POI
2853,Matkahuolto Kamppi - Rahtipalvelut,post_office,Point (24.9342701 60.1700092),24.9342701,60.1700092,POI
2854,Pilotti,attraction,Point (24.943103 60.1886355),24.943103,60.1886355,POI
2855,,bench,Point (24.9397138 60.1879343),24.9397138,60.1879343,POI
2856,Taikasirkus,attraction,Point (24.9422669 60.18782),24.9422669,60.18782,POI
2857,Linnunrata eXtra,attraction,Point (24.9402433 60.1879532),24.9402433,60.1879532,POI
2858,,waste_basket,Point (24.947151 60.1997535),24.947151,60.1997535,POI
2859,Lindex Hakaniemi,clothes,Point (24.9495552 60.1789996),24.9495552,60.1789996,POI
2860,,vending_parking,Point (24.95675 60.176313),24.95675,60.176313,POI
2861,Hotelli Fabian,hotel,Point (24.950139 60.1641624),24.950139,60.1641624,POI
2862,Kaarle XII,nightclub,Point (24.9474862 60.1656206),24.9474862,60.1656206,POI
2863,,waste_basket,Point (24.9481892 60.1783622),24.9481892,60.1783622,POI
2864,,vending_parking,Point (24.948185 60.1784236),24.948185,60.1784236,POI
2865,,camera_surveillance,Point (24.9531723 60.1746332),24.9531723,60.1746332,POI
2866,,bench,Point (24.9548549 60.1755702),24.9548549,60.1755702,POI
2867,,bench,Point (24.9548643 60.1754865),24.9548643,60.1754865,POI
2868,,bench,Point (24.9548603 60.1755107),24.9548603,60.1755107,POI
2869,,waste_basket,Point (24.9548965 60.1754508),24.9548965,60.1754508,POI
2870,,bench,Point (24.9549238 60.1755817),24.9549238,60.1755817,POI
2871,,bench,Point (24.9548576 60.1755405),24.9548576,60.1755405,POI
2872,,waste_basket,Point (24.9142178 60.1632127),24.9142178,60.1632127,POI
2873,,waste_basket,Point (24.9564887 60.1830458),24.9564887,60.1830458,POI
2874,Hills Dumplings,restaurant,Point (24.9510901 60.1815628),24.9510901,60.1815628,POI
2875,,bench,Point (24.875976 60.1618848),24.875976,60.1618848,POI
2876,,bench,Point (24.8790585 60.1641342),24.8790585,60.1641342,POI
2877,,bench,Point (24.8761277 60.1622229),24.8761277,60.1622229,POI
2878,,waste_basket,Point (24.8781709 60.1623838),24.8781709,60.1623838,POI
2879,,bench,Point (24.8791618 60.1640604),24.8791618,60.1640604,POI
2880,,vending_parking,Point (24.901969 60.161792),24.901969,60.161792,POI
2881,Felinas,clothes,Point (24.9240627 60.1797524),24.9240627,60.1797524,POI
2882,S-market,supermarket,Point (24.8782475 60.2060944),24.8782475,60.2060944,POI
2883,Munkkivuoren apteekki,pharmacy,Point (24.8792882 60.2056252),24.8792882,60.2056252,POI
2884,Pihlajalinna Dextra,hospital,Point (24.8793687 60.2055252),24.8793687,60.2055252,POI
2885,,waste_basket,Point (24.9542569 60.1812624),24.9542569,60.1812624,POI
2886,,waste_basket,Point (24.9532889 60.1807812),24.9532889,60.1807812,POI
2887,,hairdresser,Point (24.9559397 60.1808069),24.9559397,60.1808069,POI
2888,Kansan arkisto,clothes,Point (24.9542209 60.1812143),24.9542209,60.1812143,POI
2889,,bench,Point (24.9551506 60.1811364),24.9551506,60.1811364,POI
2890,,bench,Point (24.9554467 60.1810113),24.9554467,60.1810113,POI
2891,,bench,Point (24.9553812 60.1809879),24.9553812,60.1809879,POI
2892,,waste_basket,Point (24.9523852 60.1785555),24.9523852,60.1785555,POI
2893,,bench,Point (24.9561803 60.1805948),24.9561803,60.1805948,POI
2894,,bench,Point (24.9565945 60.1807062),24.9565945,60.1807062,POI
2895,,bench,Point (24.9560189 60.1806413),24.9560189,60.1806413,POI
2896,Unicafe,restaurant,Point (24.9588963 60.1811545),24.9588963,60.1811545,POI
2897,,waste_basket,Point (24.9597945 60.1792852),24.9597945,60.1792852,POI
2898,,waste_basket,Point (24.9030079 60.1974606),24.9030079,60.1974606,POI
2899,,waste_basket,Point (24.9031654 60.1974531),24.9031654,60.1974531,POI
2900,,waste_basket,Point (24.9042741 60.1989387),24.9042741,60.1989387,POI
2901,,vending_parking,Point (24.921985 60.173135),24.921985,60.173135,POI
2902,,waste_basket,Point (24.9000741 60.1975117),24.9000741,60.1975117,POI
2903,,bench,Point (24.9074931 60.198327),24.9074931,60.198327,POI
2904,Dylan B?le,restaurant,Point (24.92727 60.198417),24.92727,60.198417,POI
2905,Kakkugalleria,restaurant,Point (24.9335265 60.1629576),24.9335265,60.1629576,POI
2906,Kakkugalleria,bakery,Point (24.9335265 60.1629576),24.9335265,60.1629576,POI
2907,Cafferino Oba,cafe,Point (24.9292429 60.1643869),24.9292429,60.1643869,POI
2908,Kalevan Krouvi,pub,Point (24.9283085 60.1640612),24.9283085,60.1640612,POI
2909,Ruokal?hettil?s,cafe,Point (24.9311894 60.1713424),24.9311894,60.1713424,POI
2910,,bench,Point (24.8929154 60.2121369),24.8929154,60.2121369,POI
2911,Lounasravintola Brasserie,restaurant,Point (24.9664797 60.1657125),24.9664797,60.1657125,POI
2912,,waste_basket,Point (24.8919569 60.2117889),24.8919569,60.2117889,POI
2913,,waste_basket,Point (24.8919961 60.2118212),24.8919961,60.2118212,POI
2914,,waste_basket,Point (24.8965989 60.2144013),24.8965989,60.2144013,POI
2915,,bench,Point (24.8962952 60.2135611),24.8962952,60.2135611,POI
2916,,bench,Point (24.8950935 60.2136711),24.8950935,60.2136711,POI
2917,,waste_basket,Point (24.9507464 60.1954245),24.9507464,60.1954245,POI
2918,,camera_surveillance,Point (24.9490892 60.195591),24.9490892,60.195591,POI
2919,,camera_surveillance,Point (24.949401 60.1956169),24.949401,60.1956169,POI
2920,,bench,Point (24.8853067 60.1576479),24.8853067,60.1576479,POI
2921,,waste_basket,Point (24.8826466 60.1571592),24.8826466,60.1571592,POI
2922,,waste_basket,Point (24.8820336 60.156671),24.8820336,60.156671,POI
2923,,waste_basket,Point (24.8824532 60.1579074),24.8824532,60.1579074,POI
2924,,waste_basket,Point (24.8809982 60.1557953),24.8809982,60.1557953,POI
2925,Lauttasaaren El?inl??k?riasema,veterinary,Point (24.880294 60.1593277),24.880294,60.1593277,POI
2926,,waste_basket,Point (24.8790052 60.1555619),24.8790052,60.1555619,POI
2927,Picnic Melkonkatu,cafe,Point (24.8812588 60.1536936),24.8812588,60.1536936,POI
2928,Lauttasaaren kirkkoapteekki,pharmacy,Point (24.8795894 60.1542849),24.8795894,60.1542849,POI
2929,Bar '52,pub,Point (24.8799804 60.1543194),24.8799804,60.1543194,POI
2930,,waste_basket,Point (24.8968106 60.2163261),24.8968106,60.2163261,POI
2931,,waste_basket,Point (24.8957482 60.2179358),24.8957482,60.2179358,POI
2932,,waste_basket,Point (24.9547594 60.1969116),24.9547594,60.1969116,POI
2933,,waste_basket,Point (24.9547658 60.197164),24.9547658,60.197164,POI
2934,,bench,Point (24.8998259 60.2012332),24.8998259,60.2012332,POI
2935,,waste_basket,Point (24.9007912 60.2012302),24.9007912,60.2012302,POI
2936,,bench,Point (24.9006184 60.2012485),24.9006184,60.2012485,POI
2937,,post_box,Point (24.8761047 60.2159324),24.8761047,60.2159324,POI
2938,,post_box,Point (24.8779908 60.2150309),24.8779908,60.2150309,POI
2939,Shell,car_wash,Point (24.9420495 60.21338),24.9420495,60.21338,POI
2940,,waste_basket,Point (24.9420062 60.2133326),24.9420062,60.2133326,POI
2941,,camera_surveillance,Point (24.9421881 60.2133262),24.9421881,60.2133262,POI
2942,,camera_surveillance,Point (24.9422227 60.2133907),24.9422227,60.2133907,POI
2943,,camera_surveillance,Point (24.9422379 60.2133531),24.9422379,60.2133531,POI
2944,,camera_surveillance,Point (24.9477015 60.1652953),24.9477015,60.1652953,POI
2945,,camera_surveillance,Point (24.9500012 60.1644762),24.9500012,60.1644762,POI
2946,,camera_surveillance,Point (24.9515951 60.1648904),24.9515951,60.1648904,POI
2947,,camera_surveillance,Point (24.9499687 60.1647233),24.9499687,60.1647233,POI
2948,,waste_basket,Point (24.9460697 60.1636959),24.9460697,60.1636959,POI
2949,,camera_surveillance,Point (24.9512966 60.1927832),24.9512966,60.1927832,POI
2950,,bench,Point (24.9433608 60.1616711),24.9433608,60.1616711,POI
2951,Ravintola Puisto (Park Hotel K?pyl?),restaurant,Point (24.9531265 60.2166826),24.9531265,60.2166826,POI
2952,Th¨¦huone,cafe,Point (24.9353408 60.1671249),24.9353408,60.1671249,POI
2953,Leipomo Keisari,cafe,Point (24.9540296 60.1740168),24.9540296,60.1740168,POI
2954,Scandinavian Outdoor,outdoor_shop,Point (24.9370325 60.1685908),24.9370325,60.1685908,POI
2955,S?rdough,restaurant,Point (24.9290814 60.1628893),24.9290814,60.1628893,POI
2956,Helsingin yliopiston p??kirjasto,library,Point (24.9482594 60.1713848),24.9482594,60.1713848,POI
2957,,restaurant,Point (24.9527106 60.1729842),24.9527106,60.1729842,POI
2958,Olivia,restaurant,Point (24.9533779 60.1756623),24.9533779,60.1756623,POI
2959,Unicafe,restaurant,Point (24.94935 60.1718807),24.94935,60.1718807,POI
2960,Unicafe,restaurant,Point (24.9492317 60.1726583),24.9492317,60.1726583,POI
2961,Unicafe,restaurant,Point (24.9489119 60.1700753),24.9489119,60.1700753,POI
2962,Topelia,library,Point (24.9493415 60.1712923),24.9493415,60.1712923,POI
2963,Unicafe,restaurant,Point (24.9617693 60.2044199),24.9617693,60.2044199,POI
2964,,camera_surveillance,Point (24.9397739 60.1838141),24.9397739,60.1838141,POI
2965,Monal,restaurant,Point (24.9420071 60.1630705),24.9420071,60.1630705,POI
2966,,bench,Point (24.9497684 60.171043),24.9497684,60.171043,POI
2967,,fountain,Point (24.9497877 60.1710707),24.9497877,60.1710707,POI
2968,,bench,Point (24.9498169 60.1711116),24.9498169,60.1711116,POI
2969,,bench,Point (24.9497692 60.17111),24.9497692,60.17111,POI
2970,,bench,Point (24.9498222 60.1710483),24.9498222,60.1710483,POI
2971,,bench,Point (24.9260417 60.1723116),24.9260417,60.1723116,POI
2972,,bench,Point (24.9258012 60.1724083),24.9258012,60.1724083,POI
2973,,bench,Point (24.9258566 60.172452),24.9258566,60.172452,POI
2974,,bench,Point (24.9259944 60.1722598),24.9259944,60.1722598,POI
2975,,waste_basket,Point (24.9528045 60.1606838),24.9528045,60.1606838,POI
2976,,bench,Point (24.9528453 60.1607168),24.9528453,60.1607168,POI
2977,,bench,Point (24.9527191 60.1606939),24.9527191,60.1606939,POI
2978,,bench,Point (24.976341 60.1661693),24.976341,60.1661693,POI
2979,,bench,Point (24.9767199 60.1662982),24.9767199,60.1662982,POI
2980,,bench,Point (24.977129 60.166434),24.977129,60.166434,POI
2981,,bench,Point (24.9766235 60.1657846),24.9766235,60.1657846,POI
2982,,bench,Point (24.9768227 60.1659355),24.9768227,60.1659355,POI
2983,,bench,Point (24.976301 60.1656078),24.976301,60.1656078,POI
2984,,camera_surveillance,Point (24.9534359 60.1603687),24.9534359,60.1603687,POI
2985,,bench,Point (24.9713795 60.1685542),24.9713795,60.1685542,POI
2986,,bench,Point (24.9720591 60.1687418),24.9720591,60.1687418,POI
2987,Itsepesu Quick Wash,car_wash,Point (24.9623178 60.1832544),24.9623178,60.1832544,POI
2988,,camera_surveillance,Point (24.9596825 60.1827567),24.9596825,60.1827567,POI
2989,,car_wash,Point (24.9625791 60.1834884),24.9625791,60.1834884,POI
2990,,waste_basket,Point (24.8873247 60.2092379),24.8873247,60.2092379,POI
2991,,hairdresser,Point (24.8864768 60.2092831),24.8864768,60.2092831,POI
2992,Frendi,restaurant,Point (24.8862726 60.2102899),24.8862726,60.2102899,POI
2993,Arvo Turtiaisen muistomerkki,memorial,Point (24.9540862 60.1839724),24.9540862,60.1839724,POI
2994,Helsingin kuvataidelukio,school,Point (24.9562207 60.183389),24.9562207,60.183389,POI
2995,P?iv?koti Terhi,kindergarten,Point (24.9536028 60.1825128),24.9536028,60.1825128,POI
2996,Kallion lukio,school,Point (24.9561611 60.1833286),24.9561611,60.1833286,POI
2997,,vending_any,Point (24.9838654 60.1491218),24.9838654,60.1491218,POI
2998,,vending_any,Point (24.9556736 60.1674138),24.9556736,60.1674138,POI
2999,,vending_any,Point (24.9396088 60.1715233),24.9396088,60.1715233,POI
3000,,bench,Point (24.9174807 60.1760882),24.9174807,60.1760882,POI
3001,,bench,Point (24.9163743 60.1764132),24.9163743,60.1764132,POI
3002,,bench,Point (24.917291 60.1764243),24.917291,60.1764243,POI
3003,,vending_parking,Point (24.963316 60.184071),24.963316,60.184071,POI
3004,Hesekielin ankkuri,memorial,Point (24.9691086 60.164422),24.9691086,60.164422,POI
3005,Tamminiementien Kahvila,cafe,Point (24.8839983 60.1914735),24.8839983,60.1914735,POI
3006,,car_sharing,Point (24.9274817 60.1696862),24.9274817,60.1696862,POI
3007,Stindebinde,pub,Point (24.9542762 60.1882268),24.9542762,60.1882268,POI
3008,Apollo,fast_food,Point (24.9577686 60.1882423),24.9577686,60.1882423,POI
3009,Cella,restaurant,Point (24.9534752 60.186508),24.9534752,60.186508,POI
3010,Struts,pub,Point (24.9534519 60.1862837),24.9534519,60.1862837,POI
3011,Kallion Express,fast_food,Point (24.9534638 60.1862149),24.9534638,60.1862149,POI
3012,Brooke,pub,Point (24.9534724 60.1860976),24.9534724,60.1860976,POI
3013,Sivukirjasto,pub,Point (24.9533451 60.1843994),24.9533451,60.1843994,POI
3014,K-Rauta,doityourself,Point (24.9086223 60.1635069),24.9086223,60.1635069,POI
3015,Terveystalo Ruoholahti,clinic,Point (24.9094822 60.164054),24.9094822,60.164054,POI
3016,K-Market,convenience,Point (24.9145472 60.1628556),24.9145472,60.1628556,POI
3017,KiipeilyAreena Salmisaari,sports_centre,Point (24.903671 60.16603),24.903671,60.16603,POI
3018,TalletusOtto,atm,Point (24.9108742 60.1636657),24.9108742,60.1636657,POI
3019,Parturi-kampaamo Hiusfashion,hairdresser,Point (24.9099553 60.1634284),24.9099553,60.1634284,POI
3020,Ruyi,restaurant,Point (24.920249 60.1637101),24.920249,60.1637101,POI
3021,Zuhat,fast_food,Point (24.9189713 60.1836132),24.9189713,60.1836132,POI
3022,P?iv?koti Ratikka,kindergarten,Point (24.9209084 60.1845181),24.9209084,60.1845181,POI
3023,Korjaamo,bar,Point (24.919796 60.1842069),24.919796,60.1842069,POI
3024,Lukla,restaurant,Point (24.9263861 60.1815946),24.9263861,60.1815946,POI
3025,Runebergin Pizza-Kebab,fast_food,Point (24.9237741 60.180264),24.9237741,60.180264,POI
3026,Rosa izakaya bistro & cocktail,restaurant,Point (24.9239242 60.1795877),24.9239242,60.1795877,POI
3027,Pizzeria da Chicco,fast_food,Point (24.9214169 60.1746921),24.9214169,60.1746921,POI
3028,Hopia,cafe,Point (24.9264443 60.1776772),24.9264443,60.1776772,POI
3029,,vending_any,Point (24.9429182 60.1707508),24.9429182,60.1707508,POI
3030,Ravintola Mountain,restaurant,Point (24.9169656 60.1863164),24.9169656,60.1863164,POI
3031,Parturi-kampaamo Tukkatalo,hairdresser,Point (24.8774275 60.2057603),24.8774275,60.2057603,POI
3032,SOL,laundry,Point (24.8775187 60.2056878),24.8775187,60.2056878,POI
3033,,post_box,Point (24.9251006 60.1833713),24.9251006,60.1833713,POI
3034,Runebergin Kukka,florist,Point (24.9245922 60.1801409),24.9245922,60.1801409,POI
3035,,post_box,Point (24.9233403 60.1789554),24.9233403,60.1789554,POI
3036,K?sity?talo Priima,doityourself,Point (24.9507933 60.1968145),24.9507933,60.1968145,POI
3037,,post_box,Point (24.9122045 60.1906667),24.9122045,60.1906667,POI
3038,Lidl,supermarket,Point (24.9638567 60.1881968),24.9638567,60.1881968,POI
3039,,waste_basket,Point (24.8748355 60.2041963),24.8748355,60.2041963,POI
3040,,bench,Point (24.8749178 60.2043253),24.8749178,60.2043253,POI
3041,,waste_basket,Point (24.9093265 60.1997002),24.9093265,60.1997002,POI
3042,Soup,restaurant,Point (24.9247209 60.1808648),24.9247209,60.1808648,POI
3043,,waste_basket,Point (24.8833168 60.2045303),24.8833168,60.2045303,POI
3044,,waste_basket,Point (24.8825595 60.2049795),24.8825595,60.2049795,POI
3045,,bench,Point (24.8822312 60.2050532),24.8822312,60.2050532,POI
3046,,bench,Point (24.8828657 60.2049456),24.8828657,60.2049456,POI
3047,,bench,Point (24.8863137 60.2054257),24.8863137,60.2054257,POI
3048,,waste_basket,Point (24.8862542 60.205412),24.8862542,60.205412,POI
3049,,waste_basket,Point (24.8877066 60.2056081),24.8877066,60.2056081,POI
3050,,waste_basket,Point (24.8885793 60.2055533),24.8885793,60.2055533,POI
3051,,waste_basket,Point (24.8867973 60.2066028),24.8867973,60.2066028,POI
3052,,bench,Point (24.8886138 60.2055635),24.8886138,60.2055635,POI
3053,,waste_basket,Point (24.8867061 60.2070508),24.8867061,60.2070508,POI
3054,,camera_surveillance,Point (24.8878375 60.2060831),24.8878375,60.2060831,POI
3055,,camera_surveillance,Point (24.8883661 60.2062561),24.8883661,60.2062561,POI
3056,,camera_surveillance,Point (24.888102 60.2064484),24.888102,60.2064484,POI
3057,,camera_surveillance,Point (24.8881278 60.2064446),24.8881278,60.2064446,POI
3058,,bench,Point (24.8727219 60.2057926),24.8727219,60.2057926,POI
3059,,waste_basket,Point (24.8725517 60.2039339),24.8725517,60.2039339,POI
3060,,waste_basket,Point (24.8715882 60.2038955),24.8715882,60.2038955,POI
3061,,waste_basket,Point (24.867192 60.2067448),24.867192,60.2067448,POI
3062,,waste_basket,Point (24.8659351 60.209448),24.8659351,60.209448,POI
3063,,post_box,Point (24.9069627 60.1914073),24.9069627,60.1914073,POI
3064,,post_box,Point (24.905388 60.1940829),24.905388,60.1940829,POI
3065,,post_box,Point (24.8940104 60.1957329),24.8940104,60.1957329,POI
3066,Street Bar,bar,Point (24.9529671 60.1811619),24.9529671,60.1811619,POI
3067,Gastro Cafe Kallio,cafe,Point (24.9532812 60.1847596),24.9532812,60.1847596,POI
3068,K?pyl?n v?est?h?lytin,tower,Point (24.9576513 60.2120642),24.9576513,60.2120642,POI
3069,Kultajussi,jeweller,Point (24.942249 60.1912565),24.942249,60.1912565,POI
3070,,camera_surveillance,Point (24.866517 60.1861444),24.866517,60.1861444,POI
3071,Kampin Klipoteekki,hairdresser,Point (24.9327727 60.1670753),24.9327727,60.1670753,POI
3072,Mashiro sushi,restaurant,Point (24.9476088 60.1943504),24.9476088,60.1943504,POI
3073,Korkkari 37,shoe_shop,Point (24.9457462 60.1917738),24.9457462,60.1917738,POI
3074,Kaah express,kiosk,Point (24.9382254 60.1992004),24.9382254,60.1992004,POI
3075,Salon Aino-Kaisa,hairdresser,Point (24.9360013 60.1991083),24.9360013,60.1991083,POI
3076,Salon Viktoria,hairdresser,Point (24.9359423 60.1990217),24.9359423,60.1990217,POI
3077,Clippany Hair,hairdresser,Point (24.9476769 60.1948913),24.9476769,60.1948913,POI
3078,Hammasl??k?riasema Ruohonjuuri,dentist,Point (24.913795 60.1610593),24.913795,60.1610593,POI
3079,Attendo Hammasl??k?ri Kamppi,dentist,Point (24.924615 60.1697915),24.924615,60.1697915,POI
3080,,post_box,Point (24.9187277 60.1809933),24.9187277,60.1809933,POI
3081,Ravintola Messenius,restaurant,Point (24.9147828 60.1881662),24.9147828,60.1881662,POI
3082,Hanhiparvi,artwork,Point (24.9629407 60.184477),24.9629407,60.184477,POI
3083,Ravintola S?vel,restaurant,Point (24.9509034 60.1804144),24.9509034,60.1804144,POI
3084,Kivel?n terveysasema,clinic,Point (24.9185692 60.1809075),24.9185692,60.1809075,POI
3085,Rytmi,bar,Point (24.9500102 60.1808412),24.9500102,60.1808412,POI
3086,Kakku & Leip? Keisari,bakery,Point (24.9232869 60.1787228),24.9232869,60.1787228,POI
3087,Mehil?inen Ympyr?talo,clinic,Point (24.949153 60.1800441),24.949153,60.1800441,POI
3088,Easy Wash,laundry,Point (24.9177312 60.1844207),24.9177312,60.1844207,POI
3089,Itsepalvelupesula Pesukaari Ky,laundry,Point (24.9194013 60.1725936),24.9194013,60.1725936,POI
3090,Instrumentarium,optician,Point (24.9235089 60.1787091),24.9235089,60.1787091,POI
3091,Runebergin Silm?lasi,optician,Point (24.9250138 60.1805762),24.9250138,60.1805762,POI
3092,,bench,Point (24.9336984 60.1550905),24.9336984,60.1550905,POI
3093,,bench,Point (24.9338304 60.1551112),24.9338304,60.1551112,POI
3094,,bench,Point (24.9337667 60.1551008),24.9337667,60.1551008,POI
3095,Europcar,car_rental,Point (24.9397835 60.1723723),24.9397835,60.1723723,POI
3096,Junk Y Vegan,restaurant,Point (24.9374481 60.172276),24.9374481,60.172276,POI
3097,Morrison's Grill & Green,restaurant,Point (24.9435664 60.169604),24.9435664,60.169604,POI
3098,Bhangra,bar,Point (24.9218738 60.1746504),24.9218738,60.1746504,POI
3099,,post_box,Point (24.9225099 60.1674948),24.9225099,60.1674948,POI
3100,Merkki,museum,Point (24.9453401 60.1657046),24.9453401,60.1657046,POI
3101,Hotel Finn,hotel,Point (24.9390315 60.1680366),24.9390315,60.1680366,POI
3102,Subway,fast_food,Point (24.9310828 60.1680326),24.9310828,60.1680326,POI
3103,T??l?n apteekki,pharmacy,Point (24.930792 60.1683525),24.930792,60.1683525,POI
3104,Hostel Diana Park (Erottajanpuisto),hostel,Point (24.9417764 60.1649395),24.9417764,60.1649395,POI
3105,South China,restaurant,Point (24.9342573 60.2008949),24.9342573,60.2008949,POI
3106,Warhammer,toy_shop,Point (24.932145 60.1700689),24.932145,60.1700689,POI
3107,Diesel,clothes,Point (24.9424613 60.1668013),24.9424613,60.1668013,POI
3108,Sinisen huvilan kahvila,viewpoint,Point (24.9369419 60.1813069),24.9369419,60.1813069,POI
3109,Linnunlaulu,viewpoint,Point (24.9384172 60.1816815),24.9384172,60.1816815,POI
3110,Famia Sushibar,restaurant,Point (24.898378 60.2161973),24.898378,60.2161973,POI
3111,Lulu Thai,restaurant,Point (24.8870765 60.2077926),24.8870765,60.2077926,POI
3112,Kurt Seibt & Arthur Beukert,memorial,Point (24.8885134 60.2083963),24.8885134,60.2083963,POI
3113,,bench,Point (24.8683074 60.2099905),24.8683074,60.2099905,POI
3114,,bench,Point (24.8683664 60.2100065),24.8683664,60.2100065,POI
3115,,bench,Point (24.8683503 60.2100385),24.8683503,60.2100385,POI
3116,,playground,Point (24.8694484 60.2114683),24.8694484,60.2114683,POI
3117,Stadin Panimobaari,beverages,Point (24.9711562 60.1870652),24.9711562,60.1870652,POI
3118,Bar Lab,pub,Point (24.9463414 60.1856073),24.9463414,60.1856073,POI
3119,Kirstin keidas,restaurant,Point (24.9471148 60.1855772),24.9471148,60.1855772,POI
3120,Neste K,convenience,Point (24.9773093 60.1924251),24.9773093,60.1924251,POI
3121,,post_box,Point (24.9384714 60.1604982),24.9384714,60.1604982,POI
3122,,post_box,Point (24.9343792 60.1589116),24.9343792,60.1589116,POI
3123,,recycling_clothes,Point (24.9432784 60.1621315),24.9432784,60.1621315,POI
3124,Augustin Ehrensv?rdin hauta,memorial,Point (24.9851404 60.1442574),24.9851404,60.1442574,POI
3125,Suomenlinnan Panimo,pub,Point (24.9846411 60.1488445),24.9846411,60.1488445,POI
3126,Suomenlinnan kes?teatteri,theatre,Point (24.9876096 60.1427193),24.9876096,60.1427193,POI
3127,Suomenlinnan kirjasto,library,Point (24.9867462 60.1466442),24.9867462,60.1466442,POI
3128,Tullimuseo,museum,Point (24.9816279 60.1442568),24.9816279,60.1442568,POI
3129,T??l?n urheilutalo,sports_centre,Point (24.9117326 60.1898575),24.9117326,60.1898575,POI
3130,,bench,Point (24.8941428 60.1584519),24.8941428,60.1584519,POI
3131,Haaksirikkoiset,artwork,Point (24.9553472 60.1618531),24.9553472,60.1618531,POI
3132,Adolf Erik Nordenski?ldin muistomerkki,memorial,Point (24.9564017 60.1541732),24.9564017,60.1541732,POI
3133,Adolf Erik Nordenski?ldin muistomerkki,artwork,Point (24.9564017 60.1541732),24.9564017,60.1541732,POI
3134,,bench,Point (24.8732368 60.1555682),24.8732368,60.1555682,POI
3135,,bench,Point (24.8738398 60.1558353),24.8738398,60.1558353,POI
3136,Lauttasaaren l?hiliikuntapaikka,tourist_info,Point (24.8748554 60.1577182),24.8748554,60.1577182,POI
3137,Merikylpyl?npuiston liikuntalaiva,tourist_info,Point (24.872567 60.1554074),24.872567,60.1554074,POI
3138,Salon Green Door,hairdresser,Point (24.901842 60.19782),24.901842,60.19782,POI
3139,McDonald's,fast_food,Point (24.8908158 60.1954528),24.8908158,60.1954528,POI
3140,Nooa S??st?pankki,bank,Point (24.944107 60.1666264),24.944107,60.1666264,POI
3141,,bench,Point (24.9449524 60.1868352),24.9449524,60.1868352,POI
3142,Akateeminen Kirjakauppa,bookshop,Point (24.9436448 60.1679924),24.9436448,60.1679924,POI
3143,Steissin Apteekki,pharmacy,Point (24.940702 60.1717338),24.940702,60.1717338,POI
3144,Street Bar Wursti,fast_food,Point (24.9420005 60.1711978),24.9420005,60.1711978,POI
3145,Upper Crust,fast_food,Point (24.9413546 60.1710961),24.9413546,60.1710961,POI
3146,Casa Largo,restaurant,Point (24.9390984 60.1703163),24.9390984,60.1703163,POI
3147,Happy Farmer,cafe,Point (24.9390144 60.170758),24.9390144,60.170758,POI
3148,Grand Shanghai,restaurant,Point (24.9442525 60.1695461),24.9442525,60.1695461,POI
3149,Tokio Karaoke,bar,Point (24.9450241 60.1697093),24.9450241,60.1697093,POI
3150,10. Kerros,restaurant,Point (24.93887 60.1702551),24.93887,60.1702551,POI
3151,McDonald's,fast_food,Point (24.9393843 60.1688652),24.9393843,60.1688652,POI
3152,Mount Everest,restaurant,Point (24.9445626 60.172104),24.9445626,60.172104,POI
3153,Br?ner Berlin D?ner,fast_food,Point (24.9404267 60.172044),24.9404267,60.172044,POI
3154,Nordea,bank,Point (24.9392916 60.1697527),24.9392916,60.1697527,POI
3155,Pino,bar,Point (24.9405117 60.170161),24.9405117,60.170161,POI
3156,Kitty's Public House,pub,Point (24.9404068 60.1693312),24.9404068,60.1693312,POI
3157,Radisson Blu Plaza,hotel,Point (24.9454936 60.1724288),24.9454936,60.1724288,POI
3158,Rautatieaseman grilli,fast_food,Point (24.9429295 60.1707245),24.9429295,60.1707245,POI
3159,Friends & Brgrs Helsinki,fast_food,Point (24.9451438 60.1696956),24.9451438,60.1696956,POI
3160,Brasserie Le Havre,restaurant,Point (24.9395098 60.1700749),24.9395098,60.1700749,POI
3161,Super Bowl,fast_food,Point (24.9415832 60.171104),24.9415832,60.171104,POI
3162,Rosebud,bookshop,Point (24.9419539 60.1697522),24.9419539,60.1697522,POI
3163,Original Sokos Hotel Vaakuna,hotel,Point (24.9390173 60.1705952),24.9390173,60.1705952,POI
3164,Hotelli NH Collection Helsinki Grand Hansa,hotel,Point (24.9402136 60.1693307),24.9402136,60.1693307,POI
3165,Yliopiston apteekki,pharmacy,Point (24.939536 60.1695749),24.939536,60.1695749,POI
3166,Zetor,restaurant,Point (24.9407655 60.1693868),24.9407655,60.1693868,POI
3167,Otto. automaatti,atm,Point (24.9385938 60.1711401),24.9385938,60.1711401,POI
3168,Pilailu-Puoti,gift_shop,Point (24.9509779 60.175708),24.9509779,60.175708,POI
3169,Convolvulus,artwork,Point (24.944566 60.1733194),24.944566,60.1733194,POI
3170,Fredrik Pacius,memorial,Point (24.9433627 60.1741577),24.9433627,60.1741577,POI
3171,Esirippu / Ida Aalbergin muistomerkki,memorial,Point (24.9437742 60.173044),24.9437742,60.173044,POI
3172,Puun syleilyss?,artwork,Point (24.9444233 60.1730933),24.9444233,60.1730933,POI
3173,Aussie bar,pub,Point (24.9329882 60.169973),24.9329882,60.169973,POI
3174,Presidentti Club,pub,Point (24.9321491 60.1706751),24.9321491,60.1706751,POI
3175,Bistro Manu,restaurant,Point (24.9325238 60.1703164),24.9325238,60.1703164,POI
3176,Teerenpeli,pub,Point (24.9335482 60.1701542),24.9335482,60.1701542,POI
3177,D'Wok,fast_food,Point (24.9355208 60.1692073),24.9355208,60.1692073,POI
3178,Ph? Vi?t Vietnamese Kitchen,restaurant,Point (24.9375974 60.1678101),24.9375974,60.1678101,POI
3179,Semifinal,nightclub,Point (24.9328535 60.1682571),24.9328535,60.1682571,POI
3180,Tavastia Klubi,nightclub,Point (24.9329693 60.1685036),24.9329693,60.1685036,POI
3181,,toilet,Point (24.9875015 60.1432604),24.9875015,60.1432604,POI
3182,Ravintola Saari,restaurant,Point (24.9424957 60.1520749),24.9424957,60.1520749,POI
3183,,tourist_info,Point (24.9852473 60.1483512),24.9852473,60.1483512,POI
3184,Uunisaari,cafe,Point (24.9523311 60.1530584),24.9523311,60.1530584,POI
3185,,bench,Point (24.9882732 60.1465738),24.9882732,60.1465738,POI
3186,,bench,Point (24.9885439 60.1465439),24.9885439,60.1465439,POI
3187,Kirkkopuisto,tourist_info,Point (24.9862609 60.1472171),24.9862609,60.1472171,POI
3188,,bench,Point (24.9867765 60.1445195),24.9867765,60.1445195,POI
3189,,waste_basket,Point (24.9882833 60.1465936),24.9882833,60.1465936,POI
3190,,waste_basket,Point (24.988238 60.1426932),24.988238,60.1426932,POI
3191,,bench,Point (24.9867952 60.1445344),24.9867952,60.1445344,POI
3192,Mortuis,memorial,Point (24.9860611 60.1414756),24.9860611,60.1414756,POI
3193,,post_box,Point (24.9888116 60.1457715),24.9888116,60.1457715,POI
3194,Sotamuseon Maneesi,museum,Point (24.9889585 60.1457744),24.9889585,60.1457744,POI
3195,,viewpoint,Point (24.982574 60.1451155),24.982574,60.1451155,POI
3196,,picnic_site,Point (24.9806322 60.1731287),24.9806322,60.1731287,POI
3197,Bistro Gimis,restaurant,Point (24.9242485 60.1621151),24.9242485,60.1621151,POI
3198,Aleksanteri II,memorial,Point (24.9522692 60.1695065),24.9522692,60.1695065,POI
3199,Salon Loco Vision,hairdresser,Point (24.9506163 60.1753582),24.9506163,60.1753582,POI
3200,V?est?nsuojelumuseo,museum,Point (24.9540705 60.1764418),24.9540705,60.1764418,POI
3201,,hairdresser,Point (24.9572929 60.1715751),24.9572929,60.1715751,POI
3202,Unioninkukka,florist,Point (24.9507764 60.1742133),24.9507764,60.1742133,POI
3203,,post_box,Point (24.9506939 60.174767),24.9506939,60.174767,POI
3204,Havis Amanda,fountain,Point (24.9513987 60.1675863),24.9513987,60.1675863,POI
3205,Havis Amanda,artwork,Point (24.9513987 60.1675863),24.9513987,60.1675863,POI
3206,Kappeli,restaurant,Point (24.9503054 60.1673894),24.9503054,60.1673894,POI
3207,Keisarinnankivi,memorial,Point (24.9544392 60.1676605),24.9544392,60.1676605,POI
3208,Arthur,restaurant,Point (24.947954 60.1729642),24.947954,60.1729642,POI
3209,Hotel Arthur,hotel,Point (24.9476729 60.172921),24.9476729,60.172921,POI
3210,Henry¡¯s Pub,pub,Point (24.9454889 60.1712606),24.9454889,60.1712606,POI
3211,Osuuspankki,bank,Point (24.9456344 60.1705921),24.9456344,60.1705921,POI
3212,Jone's karaoke bar,pub,Point (24.9484687 60.1723015),24.9484687,60.1723015,POI
3213,Oluthuone Kaisla,pub,Point (24.9470863 60.1719054),24.9470863,60.1719054,POI
3214,Finnkino Kinopalatsi,cinema,Point (24.9463262 60.1715291),24.9463262,60.1715291,POI
3215,Molly Malone's,pub,Point (24.9461999 60.1708577),24.9461999,60.1708577,POI
3216,On The Rocks,pub,Point (24.9455076 60.1711047),24.9455076,60.1711047,POI
3217,Roasberg,cafe,Point (24.9455653 60.1704436),24.9455653,60.1704436,POI
3218,Public Corner,pub,Point (24.9454797 60.1714184),24.9454797,60.1714184,POI
3219,Vapiano,restaurant,Point (24.945571 60.1709525),24.945571,60.1709525,POI
3220,Juova Hanahuone,bar,Point (24.9472225 60.1712041),24.9472225,60.1712041,POI
3221,,kiosk,Point (24.9472561 60.1717578),24.9472561,60.1717578,POI
3222,Varsapuistikon yleis?vessa,toilet,Point (24.9495791 60.1731452),24.9495791,60.1731452,POI
3223,Sea Horse,biergarten,Point (24.9471463 60.1592529),24.9471463,60.1592529,POI
3224,American Bar,bar,Point (24.9387572 60.1676932),24.9387572,60.1676932,POI
3225,Atelj¨¦e Bar Hotel Torni,bar,Point (24.9386445 60.16781),24.9386445,60.16781,POI
3226,O'Malleys,pub,Point (24.9384159 60.1678406),24.9384159,60.1678406,POI
3227,Apteekki Bulevardia,pharmacy,Point (24.9366904 60.1643803),24.9366904,60.1643803,POI
3228,Domo,restaurant,Point (24.9349746 60.1664179),24.9349746,60.1664179,POI
3229,Hair Salon Diamond,hairdresser,Point (24.9308866 60.1657473),24.9308866,60.1657473,POI
3230,Eerikin pippuri,fast_food,Point (24.9329111 60.1665111),24.9329111,60.1665111,POI
3231,Ihminen nousee roskalaatikosta / Arvo Kustaa Parkkila,memorial,Point (24.9318314 60.1661891),24.9318314,60.1661891,POI
3232,K-Market,convenience,Point (24.9334857 60.1667068),24.9334857,60.1667068,POI
3233,Ravintola Kannas,restaurant,Point (24.9247454 60.1636376),24.9247454,60.1636376,POI
3234,Aangan,restaurant,Point (24.927851 60.163146),24.927851,60.163146,POI
3235,Hemingway's Hietalahti,pub,Point (24.9289209 60.1621931),24.9289209,60.1621931,POI
3236,Ravintola Hieta,restaurant,Point (24.9285051 60.1620441),24.9285051,60.1620441,POI
3237,Ravintola Piilo,restaurant,Point (24.929836 60.1631626),24.929836,60.1631626,POI
3238,Caf¨¦ Bar Valimo,bar,Point (24.9823173 60.1460167),24.9823173,60.1460167,POI
3239,Radisson Blu Aleksanteri Hotel,hotel,Point (24.9331884 60.16422),24.9331884,60.16422,POI
3240,The Riff,pub,Point (24.9433222 60.1640144),24.9433222,60.1640144,POI
3241,R/H,clothes,Point (24.9394301 60.162435),24.9394301,60.162435,POI
3242,Annantalon kahvila,cafe,Point (24.9346742 60.1677953),24.9346742,60.1677953,POI
3243,Panimoravintola Bruuveri,pub,Point (24.9315961 60.1683953),24.9315961,60.1683953,POI
3244,Dragon Spring,restaurant,Point (24.9324112 60.1683),24.9324112,60.1683,POI
3245,Leijuva Lahna,pub,Point (24.9344331 60.1668173),24.9344331,60.1668173,POI
3246,Ilves,restaurant,Point (24.9326922 60.16839),24.9326922,60.16839,POI
3247,Konditoria Briossi,cafe,Point (24.9380094 60.1674438),24.9380094,60.1674438,POI
3248,Long Wall,restaurant,Point (24.9360473 60.1673257),24.9360473,60.1673257,POI
3249,Nabi Korean BBQ,restaurant,Point (24.9347007 60.1669068),24.9347007,60.1669068,POI
3250,Pikku Nepal,restaurant,Point (24.9358008 60.1678526),24.9358008,60.1678526,POI
3251,?lhus Stockholm,pub,Point (24.936119 60.1676457),24.936119,60.1676457,POI
3252,Scandic Simonkentt?,hotel,Point (24.9349238 60.1690976),24.9349238,60.1690976,POI
3253,Simonkatu,restaurant,Point (24.9356581 60.1690483),24.9356581,60.1690483,POI
3254,Sky Express,fast_food,Point (24.9353103 60.1682043),24.9353103,60.1682043,POI
3255,,post_box,Point (24.9368723 60.1670293),24.9368723,60.1670293,POI
3256,,post_box,Point (24.9330133 60.1675658),24.9330133,60.1675658,POI
3257,Mount Everest,restaurant,Point (24.927555 60.1670067),24.927555,60.1670067,POI
3258,Ravintola Sivukaide,restaurant,Point (24.930538 60.1668033),24.930538,60.1668033,POI
3259,Wanha kettu,pub,Point (24.9296613 60.1674928),24.9296613,60.1674928,POI
3260,Alepa,convenience,Point (24.9280055 60.1682551),24.9280055,60.1682551,POI
3261,Kampin apteekki,pharmacy,Point (24.9278344 60.1681201),24.9278344,60.1681201,POI
3262,Tandoor,restaurant,Point (24.9282631 60.1683379),24.9282631,60.1683379,POI
3263,Grill it,restaurant,Point (24.9296354 60.1678894),24.9296354,60.1678894,POI
3264,McDonald's,fast_food,Point (24.9300413 60.168996),24.9300413,60.168996,POI
3265,Satkar,restaurant,Point (24.9297216 60.1692236),24.9297216,60.1692236,POI
3266,Taco Bell,fast_food,Point (24.9401204 60.1679502),24.9401204,60.1679502,POI
3267,Punavuoren Rauta,doityourself,Point (24.9405577 60.160259),24.9405577,60.160259,POI
3268,Parturi Raija,hairdresser,Point (24.9352041 60.1602212),24.9352041,60.1602212,POI
3269,Saslik,restaurant,Point (24.9488196 60.1585886),24.9488196,60.1585886,POI
3270,amigo,restaurant,Point (24.9496692 60.1583951),24.9496692,60.1583951,POI
3271,Sea Horse,restaurant,Point (24.9465562 60.1587642),24.9465562,60.1587642,POI
3272,,bench,Point (24.947307 60.1673624),24.947307,60.1673624,POI
3273,,bench,Point (24.9472776 60.167383),24.9472776,60.167383,POI
3274,,bench,Point (24.9479131 60.167375),24.9479131,60.167375,POI
3275,,bench,Point (24.9479414 60.1673983),24.9479414,60.1673983,POI
3276,,bench,Point (24.9465239 60.1674101),24.9465239,60.1674101,POI
3277,,bench,Point (24.9467418 60.1674145),24.9467418,60.1674145,POI
3278,,bench,Point (24.9468489 60.1674184),24.9468489,60.1674184,POI
3279,,bench,Point (24.946984 60.1674218),24.946984,60.1674218,POI
3280,,bench,Point (24.9470353 60.1674231),24.9470353,60.1674231,POI
3281,,bench,Point (24.9472525 60.1674085),24.9472525,60.1674085,POI
3282,,bench,Point (24.9471849 60.167427),24.9471849,60.167427,POI
3283,,bench,Point (24.9479687 60.1674276),24.9479687,60.1674276,POI
3284,,bench,Point (24.9480472 60.1674488),24.9480472,60.1674488,POI
3285,,bench,Point (24.9481453 60.1674512),24.9481453,60.1674512,POI
3286,,bench,Point (24.948203 60.1674525),24.948203,60.1674525,POI
3287,,bench,Point (24.9482772 60.1674543),24.9482772,60.1674543,POI
3288,,bench,Point (24.9484106 60.1674575),24.9484106,60.1674575,POI
3289,,bench,Point (24.9484846 60.1674593),24.9484846,60.1674593,POI
3290,,bench,Point (24.9486047 60.1674622),24.9486047,60.1674622,POI
3291,,bench,Point (24.9486472 60.1674632),24.9486472,60.1674632,POI
3292,,bench,Point (24.9465066 60.1674988),24.9465066,60.1674988,POI
3293,,bench,Point (24.9465621 60.1675002),24.9465621,60.1675002,POI
3294,,bench,Point (24.9466112 60.1675014),24.9466112,60.1675014,POI
3295,,bench,Point (24.9468009 60.167506),24.9468009,60.167506,POI
3296,,bench,Point (24.9468479 60.1675071),24.9468479,60.1675071,POI
3297,,bench,Point (24.9469819 60.1675103),24.9469819,60.1675103,POI
3298,,bench,Point (24.9470454 60.1675119),24.9470454,60.1675119,POI
3299,,bench,Point (24.9471685 60.1675149),24.9471685,60.1675149,POI
3300,,bench,Point (24.947235 60.1675371),24.947235,60.1675371,POI
3301,,bench,Point (24.9480254 60.1675408),24.9480254,60.1675408,POI
3302,,bench,Point (24.9480822 60.1675421),24.9480822,60.1675421,POI
3303,,bench,Point (24.9479534 60.1675578),24.9479534,60.1675578,POI
3304,,bench,Point (24.9481977 60.1675447),24.9481977,60.1675447,POI
3305,,bench,Point (24.9482751 60.1675464),24.9482751,60.1675464,POI
3306,,bench,Point (24.9484014 60.1675502),24.9484014,60.1675502,POI
3307,,bench,Point (24.9484678 60.1675523),24.9484678,60.1675523,POI
3308,,bench,Point (24.9486132 60.1675557),24.9486132,60.1675557,POI
3309,,bench,Point (24.9472547 60.1675631),24.9472547,60.1675631,POI
3310,,bench,Point (24.9472797 60.167587),24.9472797,60.167587,POI
3311,,bench,Point (24.9479229 60.1675801),24.9479229,60.1675801,POI
3312,,bench,Point (24.9478956 60.1676034),24.9478956,60.1676034,POI
3313,Johan Ludvig Runeberg,memorial,Point (24.9476009 60.1674842),24.9476009,60.1674842,POI
3314,Ravintola Pen¨¦lope,restaurant,Point (24.9456477 60.169902),24.9456477,60.169902,POI
3315,Belge,restaurant,Point (24.9476344 60.1693633),24.9476344,60.1693633,POI
3316,Korea Bowl,restaurant,Point (24.9334771 60.1692096),24.9334771,60.1692096,POI
3317,Kolme sepp??,artwork,Point (24.9409553 60.1686688),24.9409553,60.1686688,POI
3318,Ravintola Kosmos,restaurant,Point (24.9397352 60.1680264),24.9397352,60.1680264,POI
3319,U. Kaleva Bar,pub,Point (24.9396253 60.1679929),24.9396253,60.1679929,POI
3320,Yrj?nkadun uimahalli,sports_centre,Point (24.9390757 60.1683368),24.9390757,60.1683368,POI
3321,Sushi Bar Rice Garden,restaurant,Point (24.9493809 60.1784434),24.9493809,60.1784434,POI
3322,McDonald's,fast_food,Point (24.9496263 60.1784751),24.9496263,60.1784751,POI
3323,Nyrkkeilij?t,artwork,Point (24.9482529 60.1783175),24.9482529,60.1783175,POI
3324,Alko,beverages,Point (24.9352568 60.1707934),24.9352568,60.1707934,POI
3325,BioRex Lasipalatsi,cinema,Point (24.9360162 60.1705904),24.9360162,60.1705904,POI
3326,Caf¨¦ Lasipalatsi,cafe,Point (24.9368063 60.1704709),24.9368063,60.1704709,POI
3327,Pub Ikkuna,pub,Point (24.9338976 60.1698906),24.9338976,60.1698906,POI
3328,El Patron,nightclub,Point (24.9371717 60.1692743),24.9371717,60.1692743,POI
3329,Kampin Pippuri,restaurant,Point (24.9283809 60.1685632),24.9283809,60.1685632,POI
3330,Lasipalatsi,restaurant,Point (24.9369528 60.1703705),24.9369528,60.1703705,POI
3331,Luonnontieteellinen museo,museum,Point (24.9312241 60.1714446),24.9312241,60.1714446,POI
3332,Finnkino Tennispalatsi,cinema,Point (24.9306899 60.169444),24.9306899,60.169444,POI
3333,,post_box,Point (24.9373879 60.1693609),24.9373879,60.1693609,POI
3334,Pikkuparlamentin kahvila,cafe,Point (24.9344616 60.1713067),24.9344616,60.1713067,POI
3335,,bench,Point (24.937844 60.1559498),24.937844,60.1559498,POI
3336,,bench,Point (24.9379912 60.1559625),24.9379912,60.1559625,POI
3337,,bench,Point (24.9373736 60.156628),24.9373736,60.156628,POI
3338,,bench,Point (24.9372966 60.1566715),24.9372966,60.1566715,POI
3339,,bench,Point (24.9373483 60.1567201),24.9373483,60.1567201,POI
3340,,bench,Point (24.9380143 60.1566831),24.9380143,60.1566831,POI
3341,,bench,Point (24.9380563 60.1567344),24.9380563,60.1567344,POI
3342,,bench,Point (24.9375744 60.1567475),24.9375744,60.1567475,POI
3343,,bench,Point (24.9376491 60.1567534),24.9376491,60.1567534,POI
3344,,bench,Point (24.9377259 60.1567604),24.9377259,60.1567604,POI
3345,,bench,Point (24.9379746 60.1567722),24.9379746,60.1567722,POI
3346,Halikarnas,restaurant,Point (24.9260949 60.1650075),24.9260949,60.1650075,POI
3347,Nu Venue,nightclub,Point (24.9279791 60.1700659),24.9279791,60.1700659,POI
3348,Hotel Helka,hotel,Point (24.9272559 60.1698473),24.9272559,60.1698473,POI
3349,,bench,Point (24.928887 60.1730779),24.928887,60.1730779,POI
3350,,bench,Point (24.9288485 60.1730946),24.9288485,60.1730946,POI
3351,,bench,Point (24.9284283 60.1734701),24.9284283,60.1734701,POI
3352,,bench,Point (24.9284774 60.173488),24.9284774,60.173488,POI
3353,KuuKuu,restaurant,Point (24.9249853 60.1752082),24.9249853,60.1752082,POI
3354,Marocco,cafe,Point (24.928263 60.1749128),24.928263,60.1749128,POI
3355,,bench,Point (24.9227279 60.1725495),24.9227279,60.1725495,POI
3356,,bench,Point (24.9227575 60.1725776),24.9227575,60.1725776,POI
3357,,bench,Point (24.9227159 60.1726285),24.9227159,60.1726285,POI
3358,,bench,Point (24.9226989 60.1726503),24.9226989,60.1726503,POI
3359,,bench,Point (24.9226573 60.1727026),24.9226573,60.1727026,POI
3360,,bench,Point (24.9226397 60.172725),24.9226397,60.172725,POI
3361,,bench,Point (24.9225874 60.1727914),24.9225874,60.1727914,POI
3362,,bench,Point (24.9225719 60.1728107),24.9225719,60.1728107,POI
3363,,bench,Point (24.9225006 60.172897),24.9225006,60.172897,POI
3364,,bench,Point (24.9224858 60.172917),24.9224858,60.172917,POI
3365,,bench,Point (24.9221352 60.1729364),24.9221352,60.1729364,POI
3366,,bench,Point (24.922171 60.1729416),24.922171,60.1729416,POI
3367,Levain,cafe,Point (24.9231568 60.173058),24.9231568,60.173058,POI
3368,,post_box,Point (24.9228397 60.1734193),24.9228397,60.1734193,POI
3369,Alepa,convenience,Point (24.9217131 60.1748075),24.9217131,60.1748075,POI
3370,Mr. Don,pub,Point (24.9218802 60.174477),24.9218802,60.174477,POI
3371,Q-teatteri,theatre,Point (24.9234241 60.1740763),24.9234241,60.1740763,POI
3372,Vastarannan Kiiski,pub,Point (24.9219522 60.1741678),24.9219522,60.1741678,POI
3373,Tennis Club Taivallahti,cafe,Point (24.9147288 60.1748932),24.9147288,60.1748932,POI
3374,,bench,Point (24.9164915 60.1734568),24.9164915,60.1734568,POI
3375,,bench,Point (24.9166203 60.1734568),24.9166203,60.1734568,POI
3376,,bench,Point (24.9160733 60.17391),24.9160733,60.17391,POI
3377,Flamingo Juice Bar,cafe,Point (24.9274795 60.1749752),24.9274795,60.1749752,POI
3378,Anton & Anton,convenience,Point (24.9243744 60.1752587),24.9243744,60.1752587,POI
3379,Hellsten Helsinki Parliament,hotel,Point (24.9279858 60.1746974),24.9279858,60.1746974,POI
3380,ProStudio,hairdresser,Point (24.929757 60.1747718),24.929757,60.1747718,POI
3381,Hilda Viola,clothes,Point (24.9280485 60.1749279),24.9280485,60.1749279,POI
3382,Nuud,beauty_shop,Point (24.9272504 60.1750238),24.9272504,60.1750238,POI
3383,Kyl?kauppa,convenience,Point (24.9272359 60.1747691),24.9272359,60.1747691,POI
3384,GROOM Retro,hairdresser,Point (24.9295103 60.1747905),24.9295103,60.1747905,POI
3385,Be Beautiful,beauty_shop,Point (24.9296418 60.1747785),24.9296418,60.1747785,POI
3386,Mika Waltari - Kuningasajatus,memorial,Point (24.9228176 60.1762399),24.9228176,60.1762399,POI
3387,Runebergin apteekki,pharmacy,Point (24.9218024 60.1760513),24.9218024,60.1760513,POI
3388,Avoimet Ovet,theatre,Point (24.9445669 60.1647614),24.9445669,60.1647614,POI
3389,Elite,restaurant,Point (24.9230647 60.1765592),24.9230647,60.1765592,POI
3390,Alko,beverages,Point (24.9238768 60.1786758),24.9238768,60.1786758,POI
3391,Caf¨¦ Tin Tin Tango,cafe,Point (24.9251754 60.1786712),24.9251754,60.1786712,POI
3392,Kuu,restaurant,Point (24.9251554 60.1801986),24.9251554,60.1801986,POI
3393,Malt & Wine,pub,Point (24.9267168 60.181877),24.9267168,60.181877,POI
3394,,fountain,Point (24.9286473 60.181468),24.9286473,60.181468,POI
3395,Umeshu,restaurant,Point (24.9244645 60.17745),24.9244645,60.17745,POI
3396,Suunnistajan kauppa,outdoor_shop,Point (24.9244779 60.1750039),24.9244779,60.1750039,POI
3397,Coma,restaurant,Point (24.9277956 60.1747118),24.9277956,60.1747118,POI
3398,,waste_basket,Point (24.9282181 60.1747038),24.9282181,60.1747038,POI
3399,,waste_basket,Point (24.9296517 60.1755536),24.9296517,60.1755536,POI
3400,Crowne Plaza Helsinki,hotel,Point (24.9273634 60.1799584),24.9273634,60.1799584,POI
3401,,tourist_info,Point (24.92208 60.1958391),24.92208,60.1958391,POI
3402,,waste_basket,Point (24.9234893 60.1946522),24.9234893,60.1946522,POI
3403,,waste_basket,Point (24.923689 60.1954321),24.923689,60.1954321,POI
3404,Kruununhaan apteekki,pharmacy,Point (24.9535338 60.1742029),24.9535338,60.1742029,POI
3405,,bench,Point (24.8750311 60.2049291),24.8750311,60.2049291,POI
3406,,waste_basket,Point (24.9722033 60.2082625),24.9722033,60.2082625,POI
3407,,waste_basket,Point (24.9757613 60.2096334),24.9757613,60.2096334,POI
3408,,post_box,Point (24.9763759 60.2101584),24.9763759,60.2101584,POI
3409,,waste_basket,Point (24.9784096 60.2120852),24.9784096,60.2120852,POI
3410,,waste_basket,Point (24.9619532 60.179579),24.9619532,60.179579,POI
3411,,waste_basket,Point (24.963274 60.1788796),24.963274,60.1788796,POI
3412,,camera_surveillance,Point (24.9607246 60.1783938),24.9607246,60.1783938,POI
3413,,waste_basket,Point (24.9630735 60.1802251),24.9630735,60.1802251,POI
3414,Ty?l?inen on l?htenyt,memorial,Point (24.9683585 60.184443),24.9683585,60.184443,POI
3415,Ty?l?inen on l?htenyt,artwork,Point (24.9683585 60.184443),24.9683585,60.184443,POI
3416,Hanasaaren voimalaitos,tourist_info,Point (24.9680141 60.1842547),24.9680141,60.1842547,POI
3417,Karhuministeri,pub,Point (24.9171905 60.1894802),24.9171905,60.1894802,POI
3418,Mec-Shoe,shoe_shop,Point (24.9163536 60.1848971),24.9163536,60.1848971,POI
3419,Vankkuripy?r?,attraction,Point (24.9399322 60.188081),24.9399322,60.188081,POI
3420,Rumpukaruselli,attraction,Point (24.9405738 60.1873748),24.9405738,60.1873748,POI
3421,Maa,artwork,Point (24.9410353 60.1883872),24.9410353,60.1883872,POI
3422,,waste_basket,Point (24.9405314 60.1881992),24.9405314,60.1881992,POI
3423,Mustekala,attraction,Point (24.943272 60.1888329),24.943272,60.1888329,POI
3424,Bug,artwork,Point (24.9407806 60.1887347),24.9407806,60.1887347,POI
3425,Ukko,attraction,Point (24.94074 60.189136),24.94074,60.189136,POI
3426,,toilet,Point (24.9387745 60.1878886),24.9387745,60.1878886,POI
3427,,waste_basket,Point (24.9415989 60.1873041),24.9415989,60.1873041,POI
3428,,toilet,Point (24.9416731 60.1882052),24.9416731,60.1882052,POI
3429,Onginta,attraction,Point (24.9409555 60.1876613),24.9409555,60.1876613,POI
3430,Autorata,attraction,Point (24.9392518 60.1879591),24.9392518,60.1879591,POI
3431,,toilet,Point (24.9415894 60.1881763),24.9415894,60.1881763,POI
3432,Kehr?,attraction,Point (24.9395194 60.1881262),24.9395194,60.1881262,POI
3433,Vesileikki,attraction,Point (24.9411797 60.1876679),24.9411797,60.1876679,POI
3434,,post_box,Point (24.9405499 60.188194),24.9405499,60.188194,POI
3435,Viikinkilaiva,attraction,Point (24.9393631 60.1870303),24.9393631,60.1870303,POI
3436,Lapsia sateenvarjon alla,artwork,Point (24.9407423 60.1883343),24.9407423,60.1883343,POI
3437,Aurinko,artwork,Point (24.9405088 60.1881719),24.9405088,60.1881719,POI
3438,,tourist_info,Point (24.9411544 60.1878612),24.9411544,60.1878612,POI
3439,,bench,Point (24.9395656 60.1885017),24.9395656,60.1885017,POI
3440,Puputti,attraction,Point (24.9392033 60.1876715),24.9392033,60.1876715,POI
3441,,picnic_site,Point (24.9408628 60.1870848),24.9408628,60.1870848,POI
3442,,bench,Point (24.9396502 60.1885091),24.9396502,60.1885091,POI
3443,Kuu,artwork,Point (24.9409966 60.1877827),24.9409966,60.1877827,POI
3444,,bench,Point (24.939485 60.1885017),24.939485,60.1885017,POI
3445,,picnic_site,Point (24.9410748 60.1871029),24.9410748,60.1871029,POI
3446,Popparitehdas,kiosk,Point (24.9400928 60.1883565),24.9400928,60.1883565,POI
3447,Info,tourist_info,Point (24.9393894 60.1881263),24.9393894,60.1881263,POI
3448,,tourist_info,Point (24.9389979 60.187628),24.9389979,60.187628,POI
3449,Leikkiv?t karhut,artwork,Point (24.9401828 60.1883733),24.9401828,60.1883733,POI
3450,T?htipallot,attraction,Point (24.9425027 60.1879685),24.9425027,60.1879685,POI
3451,Onnenveto,attraction,Point (24.9418467 60.1877353),24.9418467,60.1877353,POI
3452,Kammokuja,attraction,Point (24.9421002 60.1877837),24.9421002,60.1877837,POI
3453,,fountain,Point (24.9408327 60.1883582),24.9408327,60.1883582,POI
3454,Montreuxin ruusu,artwork,Point (24.9409537 60.1871818),24.9409537,60.1871818,POI
3455,Resiina,artwork,Point (24.943695 60.1976094),24.943695,60.1976094,POI
3456,,vending_parking,Point (24.9581507 60.1734185),24.9581507,60.1734185,POI
3457,,vending_parking,Point (24.956362 60.171698),24.956362,60.171698,POI
3458,,vending_parking,Point (24.954338 60.171525),24.954338,60.171525,POI
3459,,waste_basket,Point (24.952309 60.1655762),24.952309,60.1655762,POI
3460,,camera_surveillance,Point (24.9523093 60.1657892),24.9523093,60.1657892,POI
3461,,waste_basket,Point (24.9523545 60.165224),24.9523545,60.165224,POI
3462,,camera_surveillance,Point (24.95233 60.1653006),24.95233,60.1653006,POI
3463,,camera_surveillance,Point (24.9523341 60.1658248),24.9523341,60.1658248,POI
3464,,camera_surveillance,Point (24.9523352 60.1658103),24.9523352,60.1658103,POI
3465,,camera_surveillance,Point (24.9523253 60.165355),24.9523253,60.165355,POI
3466,Palazzo,hairdresser,Point (24.9523445 60.1650291),24.9523445,60.1650291,POI
3467,,waste_basket,Point (24.9529744 60.1657899),24.9529744,60.1657899,POI
3468,,vending_parking,Point (24.921889 60.164778),24.921889,60.164778,POI
3469,,bench,Point (24.92244 60.1629854),24.92244,60.1629854,POI
3470,,camera_surveillance,Point (24.9222223 60.16384),24.9222223,60.16384,POI
3471,,bench,Point (24.9226964 60.1628769),24.9226964,60.1628769,POI
3472,,bench,Point (24.9222026 60.1631714),24.9222026,60.1631714,POI
3473,,vending_parking,Point (24.9223688 60.1635831),24.9223688,60.1635831,POI
3474,,camera_surveillance,Point (24.9223243 60.164171),24.9223243,60.164171,POI
3475,,camera_surveillance,Point (24.9223295 60.1644965),24.9223295,60.1644965,POI
3476,,camera_surveillance,Point (24.9221062 60.1645095),24.9221062,60.1645095,POI
3477,,camera_surveillance,Point (24.9224039 60.1644604),24.9224039,60.1644604,POI
3478,,camera_surveillance,Point (24.9457682 60.1657333),24.9457682,60.1657333,POI
3479,,camera_surveillance,Point (24.9451501 60.1657195),24.9451501,60.1657195,POI
3480,,vending_parking,Point (24.953006 60.186682),24.953006,60.186682,POI
3481,,camera_surveillance,Point (24.9780467 60.2101969),24.9780467,60.2101969,POI
3482,,camera_surveillance,Point (24.9780655 60.2101995),24.9780655,60.2101995,POI
3483,Lastentarhamuseo,museum,Point (24.9582217 60.1877081),24.9582217,60.1877081,POI
3484,Maison Cafe,cafe,Point (24.9256965 60.1702963),24.9256965,60.1702963,POI
3485,Unicafe,cafe,Point (24.9628913 60.2048979),24.9628913,60.2048979,POI
3486,,toilet,Point (24.9637791 60.2056016),24.9637791,60.2056016,POI
3487,Valo ja aine,artwork,Point (24.9623705 60.2052934),24.9623705,60.2052934,POI
3488,Ravintola Mexi,pub,Point (24.916448 60.1899456),24.916448,60.1899456,POI
3489,,bench,Point (24.95932 60.1896324),24.95932,60.1896324,POI
3490,,bench,Point (24.9589899 60.1896732),24.9589899,60.1896732,POI
3491,,bench,Point (24.9593126 60.1896955),24.9593126,60.1896955,POI
3492,,bench,Point (24.9590235 60.1897242),24.9590235,60.1897242,POI
3493,,bench,Point (24.9593051 60.1897511),24.9593051,60.1897511,POI
3494,,bench,Point (24.9590496 60.1897687),24.9590496,60.1897687,POI
3495,,bench,Point (24.9590794 60.1898197),24.9590794,60.1898197,POI
3496,Sodanajan naisen muistomerkki,memorial,Point (24.9487603 60.1811033),24.9487603,60.1811033,POI
3497,,waste_basket,Point (24.9543895 60.183953),24.9543895,60.183953,POI
3498,,waste_basket,Point (24.9545555 60.1833938),24.9545555,60.1833938,POI
3499,,waste_basket,Point (24.9550071 60.1835901),24.9550071,60.1835901,POI
3500,,waste_basket,Point (24.9546237 60.184187),24.9546237,60.184187,POI
3501,Kokoro Sushi,restaurant,Point (24.950846 60.193948),24.950846,60.193948,POI
3502,,bench,Point (24.9592775 60.1599722),24.9592775,60.1599722,POI
3503,,waste_basket,Point (24.9558197 60.1600935),24.9558197,60.1600935,POI
3504,,bench,Point (24.9584573 60.1601061),24.9584573,60.1601061,POI
3505,,waste_basket,Point (24.9585892 60.1601187),24.9585892,60.1601187,POI
3506,,waste_basket,Point (24.9581954 60.1601475),24.9581954,60.1601475,POI
3507,,camera_surveillance,Point (24.9558471 60.1610631),24.9558471,60.1610631,POI
3508,,waste_basket,Point (24.9585027 60.1605044),24.9585027,60.1605044,POI
3509,,waste_basket,Point (24.9585313 60.160604),24.9585313,60.160604,POI
3510,,vending_parking,Point (24.9578175 60.1608581),24.9578175,60.1608581,POI
3511,,vending_parking,Point (24.9573854 60.1608923),24.9573854,60.1608923,POI
3512,,waste_basket,Point (24.9569748 60.1613152),24.9569748,60.1613152,POI
3513,,bench,Point (24.9085 60.2165),24.9085,60.2165,POI
3514,P?iv?koti Tapio,kindergarten,Point (24.9516827 60.1873938),24.9516827,60.1873938,POI
3515,,vending_parking,Point (24.950935 60.186923),24.950935,60.186923,POI
3516,,waste_basket,Point (24.9513408 60.1870165),24.9513408,60.1870165,POI
3517,,artwork,Point (24.9516557 60.1871151),24.9516557,60.1871151,POI
3518,,vending_parking,Point (24.952895 60.187591),24.952895,60.187591,POI
3519,Spirit Hair,hairdresser,Point (24.9078537 60.1926741),24.9078537,60.1926741,POI
3520,,waste_basket,Point (24.9076866 60.1915302),24.9076866,60.1915302,POI
3521,,bench,Point (24.9082894 60.1914023),24.9082894,60.1914023,POI
3522,Posti 00510,post_office,Point (24.9531983 60.1922691),24.9531983,60.1922691,POI
3523,,waste_basket,Point (24.9236861 60.1741459),24.9236861,60.1741459,POI
3524,,camera_surveillance,Point (24.9223624 60.1789323),24.9223624,60.1789323,POI
3525,,camera_surveillance,Point (24.9441257 60.1878927),24.9441257,60.1878927,POI
3526,,waste_basket,Point (24.9438516 60.1969558),24.9438516,60.1969558,POI
3527,,waste_basket,Point (24.9447076 60.1974143),24.9447076,60.1974143,POI
3528,,waste_basket,Point (24.9444603 60.1978055),24.9444603,60.1978055,POI
3529,,waste_basket,Point (24.9394939 60.1969171),24.9394939,60.1969171,POI
3530,,waste_basket,Point (24.9233243 60.1768988),24.9233243,60.1768988,POI
3531,,waste_basket,Point (24.8869865 60.193378),24.8869865,60.193378,POI
3532,,waste_basket,Point (24.8911291 60.1942672),24.8911291,60.1942672,POI
3533,,waste_basket,Point (24.8877219 60.1933747),24.8877219,60.1933747,POI
3534,,bench,Point (24.8877047 60.1933811),24.8877047,60.1933811,POI
3535,,bench,Point (24.8897937 60.1959728),24.8897937,60.1959728,POI
3536,K-Market,convenience,Point (24.892333 60.1950883),24.892333,60.1950883,POI
3537,,waste_basket,Point (24.9388238 60.1908385),24.9388238,60.1908385,POI
3538,,waste_basket,Point (24.9378405 60.1910635),24.9378405,60.1910635,POI
3539,,waste_basket,Point (24.9379338 60.1914054),24.9379338,60.1914054,POI
3540,Kahvila S?vy,cafe,Point (24.9585236 60.189209),24.9585236,60.189209,POI
3541,Wax&Beauty,beauty_shop,Point (24.9199955 60.1599982),24.9199955,60.1599982,POI
3542,,vending_parking,Point (24.9598926 60.1874098),24.9598926,60.1874098,POI
3543,,camera_surveillance,Point (24.957073 60.1872058),24.957073,60.1872058,POI
3544,,camera_surveillance,Point (24.9571913 60.1872153),24.9571913,60.1872153,POI
3545,Pinta,hairdresser,Point (24.9521897 60.1867852),24.9521897,60.1867852,POI
3546,,waste_basket,Point (24.9413109 60.18591),24.9413109,60.18591,POI
3547,,waste_basket,Point (24.9445102 60.1860554),24.9445102,60.1860554,POI
3548,,tourist_info,Point (24.9620991 60.187516),24.9620991,60.187516,POI
3549,,waste_basket,Point (24.9092103 60.2035706),24.9092103,60.2035706,POI
3550,,waste_basket,Point (24.9079823 60.2043326),24.9079823,60.2043326,POI
3551,Osaka Sushi,restaurant,Point (24.9309121 60.1679111),24.9309121,60.1679111,POI
3552,Happy Food Garden,restaurant,Point (24.9347188 60.1663086),24.9347188,60.1663086,POI
3553,Eerikin kulma,pub,Point (24.93147 60.1657636),24.93147,60.1657636,POI
3554,Mendocino,pub,Point (24.9317609 60.1658466),24.9317609,60.1658466,POI
3555,Nanking,restaurant,Point (24.9336838 60.1657042),24.9336838,60.1657042,POI
3556,Forenom Eerikinkatu,hotel,Point (24.9325037 60.1661249),24.9325037,60.1661249,POI
3557,RTV,doityourself,Point (24.9329281 60.1662352),24.9329281,60.1662352,POI
3558,,post_box,Point (24.9325566 60.1661761),24.9325566,60.1661761,POI
3559,Nuori hirvi,artwork,Point (24.9428412 60.1738252),24.9428412,60.1738252,POI
3560,Puun henki,artwork,Point (24.9432446 60.1736534),24.9432446,60.1736534,POI
3561,Viinikahvila Viola,restaurant,Point (24.9465409 60.1758972),24.9465409,60.1758972,POI
3562,?idinrakkaus,artwork,Point (24.9501574 60.1735562),24.9501574,60.1735562,POI
3563,,camera_surveillance,Point (24.9850292 60.2160382),24.9850292,60.2160382,POI
3564,,camera_surveillance,Point (24.985036 60.216039),24.985036,60.216039,POI
3565,K-Supermarket,supermarket,Point (24.9003632 60.197568),24.9003632,60.197568,POI
3566,Alepa,convenience,Point (24.9012106 60.1950771),24.9012106,60.1950771,POI
3567,Ravintola Hook,restaurant,Point (24.9266641 60.1828337),24.9266641,60.1828337,POI
3568,William K,pub,Point (24.9238001 60.1834919),24.9238001,60.1834919,POI
3569,Hanami Sushi T??l?,restaurant,Point (24.9158947 60.1855055),24.9158947,60.1855055,POI
3570,FX Hair,hairdresser,Point (24.948209 60.1607621),24.948209,60.1607621,POI
3571,Mimosa,fast_food,Point (24.9465546 60.1619071),24.9465546,60.1619071,POI
3572,,bench,Point (24.9630431 60.1561338),24.9630431,60.1561338,POI
3573,,waste_basket,Point (24.9553092 60.1571068),24.9553092,60.1571068,POI
3574,Itsen?isyyden kuusen muistokivi,memorial,Point (24.9554863 60.1580161),24.9554863,60.1580161,POI
3575,Itsen?isyyden kuusen muistokivi,artwork,Point (24.9554863 60.1580161),24.9554863,60.1580161,POI
3576,R-Kioski,kiosk,Point (24.9148301 60.1585496),24.9148301,60.1585496,POI
3577,,post_box,Point (24.9154759 60.1614944),24.9154759,60.1614944,POI
3578,Shabu House,restaurant,Point (24.9631396 60.1876662),24.9631396,60.1876662,POI
3579,Leikkipaikka Katri Valan puisto,playground,Point (24.9644733 60.1857034),24.9644733,60.1857034,POI
3580,S-market,supermarket,Point (24.9524782 60.1898457),24.9524782,60.1898457,POI
3581,D?ner Harju,restaurant,Point (24.9532196 60.1886904),24.9532196,60.1886904,POI
3582,On the Rocks Kallio,bar,Point (24.9525904 60.1885135),24.9525904,60.1885135,POI
3583,Ty?l?is?iti,memorial,Point (24.9478003 60.189262),24.9478003,60.189262,POI
3584,,post_box,Point (24.946291 60.1887293),24.946291,60.1887293,POI
3585,Kuikka,pub,Point (24.9465943 60.1862898),24.9465943,60.1862898,POI
3586,Daddy Greens,restaurant,Point (24.9514846 60.183825),24.9514846,60.183825,POI
3587,Hendricks Pub Kallio,pub,Point (24.9527763 60.1849923),24.9527763,60.1849923,POI
3588,Hesari 13,bar,Point (24.9557614 60.1873805),24.9557614,60.1873805,POI
3589,Helsingin Klubitalo,community_centre,Point (24.9620817 60.1879205),24.9620817,60.1879205,POI
3590,,bench,Point (24.9570435 60.1855105),24.9570435,60.1855105,POI
3591,,bench,Point (24.9571656 60.1855973),24.9571656,60.1855973,POI
3592,GROOM Rock,hairdresser,Point (24.9297988 60.1663102),24.9297988,60.1663102,POI
3593,Arcum tendit Apollo,artwork,Point (24.9293888 60.1665073),24.9293888,60.1665073,POI
3594,,vending_parking,Point (24.9537382 60.1651324),24.9537382,60.1651324,POI
3595,Sushibar+Wine,restaurant,Point (24.961531 60.1859999),24.961531,60.1859999,POI
3596,Ho Ting,restaurant,Point (24.9544737 60.1795487),24.9544737,60.1795487,POI
3597,Yamy bar&bistro,restaurant,Point (24.9550179 60.1795478),24.9550179,60.1795478,POI
3598,KotKot Kallio,fast_food,Point (24.9527111 60.184131),24.9527111,60.184131,POI
3599,Happy Sloth Cafe,cafe,Point (24.9570566 60.1815183),24.9570566,60.1815183,POI
3600,Madonna Restaurant,restaurant,Point (24.9575767 60.1812224),24.9575767,60.1812224,POI
3601,K-Market,convenience,Point (24.9548606 60.1818611),24.9548606,60.1818611,POI
3602,Autobot-logo on tram rails,artwork,Point (24.9459007 60.1688843),24.9459007,60.1688843,POI
3603,Hius Balance,hairdresser,Point (24.9536934 60.1795298),24.9536934,60.1795298,POI
3604,Hiusduetto,hairdresser,Point (24.9536232 60.1795287),24.9536232,60.1795287,POI
3605,Simply Good,restaurant,Point (24.9553904 60.1820621),24.9553904,60.1820621,POI
3606,Nesteen kahvio,cafe,Point (24.962522 60.1834425),24.962522,60.1834425,POI
3607,,post_box,Point (24.9577216 60.1815544),24.9577216,60.1815544,POI
3608,,camera_surveillance,Point (24.9672902 60.1859259),24.9672902,60.1859259,POI
3609,Sea ball cafe,cafe,Point (24.9630749 60.1796427),24.9630749,60.1796427,POI
3610,Box Tuohi,restaurant,Point (24.9515381 60.177971),24.9515381,60.177971,POI
3611,,post_box,Point (24.9504696 60.1773949),24.9504696,60.1773949,POI
3612,Munkkiniemenranta,kiosk,Point (24.8705366 60.1949413),24.8705366,60.1949413,POI
3613,,camera_surveillance,Point (24.9694079 60.1846109),24.9694079,60.1846109,POI
3614,,camera_surveillance,Point (24.9702093 60.1850694),24.9702093,60.1850694,POI
3615,,camera_surveillance,Point (24.9695203 60.1852568),24.9695203,60.1852568,POI
3616,,waste_basket,Point (24.9812933 60.2086802),24.9812933,60.2086802,POI
3617,R-Kioski,kiosk,Point (24.9559098 60.194739),24.9559098,60.194739,POI
3618,Ravintola Lent?v? Lehtipihvi,restaurant,Point (24.9394738 60.1886179),24.9394738,60.1886179,POI
3619,Easyrent,car_rental,Point (24.9541651 60.1843983),24.9541651,60.1843983,POI
3620,Parturi-kampaaja Paja,hairdresser,Point (24.9466958 60.1779687),24.9466958,60.1779687,POI
3621,Vuorovaikutus-reliefi,artwork,Point (24.946714 60.1782584),24.946714,60.1782584,POI
3622,,waste_basket,Point (24.9486734 60.1782912),24.9486734,60.1782912,POI
3623,California Nails,beauty_shop,Point (24.9490902 60.1785426),24.9490902,60.1785426,POI
3624,Studio Siltasaari,beauty_shop,Point (24.9471215 60.177839),24.9471215,60.177839,POI
3625,,lighthouse,Point (24.9863812 60.1478324),24.9863812,60.1478324,POI
3626,,viewpoint,Point (24.9556321 60.1618242),24.9556321,60.1618242,POI
3627,,bench,Point (24.9627093 60.1575961),24.9627093,60.1575961,POI
3628,,vending_parking,Point (24.9623257 60.1580414),24.9623257,60.1580414,POI
3629,,bench,Point (24.8873704 60.2044047),24.8873704,60.2044047,POI
3630,,bench,Point (24.8874486 60.2044639),24.8874486,60.2044639,POI
3631,,bench,Point (24.887531 60.204498),24.887531,60.204498,POI
3632,,bench,Point (24.8870658 60.2046508),24.8870658,60.2046508,POI
3633,,bench,Point (24.8871474 60.204688),24.8871474,60.204688,POI
3634,,bench,Point (24.8872325 60.2047252),24.8872325,60.2047252,POI
3635,,bench,Point (24.8867901 60.2049011),24.8867901,60.2049011,POI
3636,,bench,Point (24.8868854 60.2049341),24.8868854,60.2049341,POI
3637,,bench,Point (24.8869766 60.2049607),24.8869766,60.2049607,POI
3638,,bench,Point (24.8865331 60.2051522),24.8865331,60.2051522,POI
3639,,bench,Point (24.8866318 60.2051844),24.8866318,60.2051844,POI
3640,,bench,Point (24.8867288 60.2052097),24.8867288,60.2052097,POI
3641,,bench,Point (24.8861897 60.2053995),24.8861897,60.2053995,POI
3642,,bench,Point (24.8863943 60.205439),24.8863943,60.205439,POI
3643,Leipomo Keisari,bakery,Point (24.9138103 60.1630657),24.9138103,60.1630657,POI
3644,Parturi M Room,hairdresser,Point (24.91371 60.1631607),24.91371,60.1631607,POI
3645,Ravintola Il Trio,restaurant,Point (24.9149837 60.1905909),24.9149837,60.1905909,POI
3646,,waste_basket,Point (24.8912769 60.204003),24.8912769,60.204003,POI
3647,,waste_basket,Point (24.8930766 60.205485),24.8930766,60.205485,POI
3648,,waste_basket,Point (24.8937741 60.206747),24.8937741,60.206747,POI
3649,,camera_surveillance,Point (24.8855171 60.2140568),24.8855171,60.2140568,POI
3650,,waste_basket,Point (24.9525563 60.202023),24.9525563,60.202023,POI
3651,,waste_basket,Point (24.9526146 60.1609341),24.9526146,60.1609341,POI
3652,,memorial,Point (24.9514232 60.1610847),24.9514232,60.1610847,POI
3653,,waste_basket,Point (24.9515348 60.1611299),24.9515348,60.1611299,POI
3654,Torso,artwork,Point (24.9529202 60.1611971),24.9529202,60.1611971,POI
3655,,waste_basket,Point (24.9524201 60.1613417),24.9524201,60.1613417,POI
3656,Roji,cafe,Point (24.9475443 60.1828642),24.9475443,60.1828642,POI
3657,Caf¨¦ Talo,bar,Point (24.9506971 60.1803394),24.9506971,60.1803394,POI
3658,Yummy Buffet,restaurant,Point (24.9459908 60.1710457),24.9459908,60.1710457,POI
3659,La Famiglia,restaurant,Point (24.9431989 60.1684937),24.9431989,60.1684937,POI
3660,Marian konditorio,cafe,Point (24.9151376 60.1853468),24.9151376,60.1853468,POI
3661,Sirdie,pub,Point (24.9468123 60.1834848),24.9468123,60.1834848,POI
3662,Sunn,restaurant,Point (24.9516576 60.1689126),24.9516576,60.1689126,POI
3663,,vending_parking,Point (24.9516943 60.1953196),24.9516943,60.1953196,POI
3664,,waste_basket,Point (24.9461988 60.1985715),24.9461988,60.1985715,POI
3665,,waste_basket,Point (24.9458967 60.1987513),24.9458967,60.1987513,POI
3666,,waste_basket,Point (24.9528185 60.2022115),24.9528185,60.2022115,POI
3667,Pro Clip,hairdresser,Point (24.915963 60.1614733),24.915963,60.1614733,POI
3668,Gaijin,restaurant,Point (24.9419939 60.1658966),24.9419939,60.1658966,POI
3669,Granit,furniture_shop,Point (24.9431737 60.1663234),24.9431737,60.1663234,POI
3670,Blancco,restaurant,Point (24.8759926 60.2148543),24.8759926,60.2148543,POI
3671,Itsekkyyden muistomerkki,memorial,Point (24.9370649 60.1822392),24.9370649,60.1822392,POI
3672,,waste_basket,Point (24.9561549 60.1828107),24.9561549,60.1828107,POI
3673,,waste_basket,Point (24.9561889 60.1830271),24.9561889,60.1830271,POI
3674,Octopus Parturi-kampaamo,hairdresser,Point (24.9157818 60.1625229),24.9157818,60.1625229,POI
3675,Heidi¡¯s Bier Bar Helsinki,nightclub,Point (24.9391505 60.1674407),24.9391505,60.1674407,POI
3676,Subway,fast_food,Point (24.9212251 60.1563553),24.9212251,60.1563553,POI
3677,P?iv?koti Fregatti,kindergarten,Point (24.9130252 60.1593134),24.9130252,60.1593134,POI
3678,Etola,doityourself,Point (24.94269 60.1637847),24.94269,60.1637847,POI
3679,DTM Gay Night Club,nightclub,Point (24.9725417 60.1904741),24.9725417,60.1904741,POI
3680,Prof Hair Design,hairdresser,Point (24.9213231 60.1835922),24.9213231,60.1835922,POI
3681,Sevilla,hairdresser,Point (24.9199444 60.1864541),24.9199444,60.1864541,POI
3682,YP - Parturi T??l?,hairdresser,Point (24.923669 60.1844189),24.923669,60.1844189,POI
3683,Studio Quattro,hairdresser,Point (24.9202985 60.1853554),24.9202985,60.1853554,POI
3684,Volyme,hairdresser,Point (24.9203199 60.184918),24.9203199,60.184918,POI
3685,,waste_basket,Point (24.9792756 60.2063748),24.9792756,60.2063748,POI
3686,,waste_basket,Point (24.9786693 60.2066371),24.9786693,60.2066371,POI
3687,Happy State,hairdresser,Point (24.9778075 60.2068436),24.9778075,60.2068436,POI
3688,Ciao!,cafe,Point (24.9512035 60.168824),24.9512035,60.168824,POI
3689,,gift_shop,Point (24.9516117 60.1689493),24.9516117,60.1689493,POI
3690,,playground,Point (24.9137252 60.160751),24.9137252,60.160751,POI
3691,Saaga Lappish restaurant,restaurant,Point (24.9333995 60.1629118),24.9333995,60.1629118,POI
3692,,waste_basket,Point (24.9580995 60.1754644),24.9580995,60.1754644,POI
3693,,waste_basket,Point (24.9660555 60.1881849),24.9660555,60.1881849,POI
3694,,vending_parking,Point (24.9530461 60.1729742),24.9530461,60.1729742,POI
3695,,bench,Point (24.9562729 60.169461),24.9562729,60.169461,POI
3696,,bench,Point (24.9563179 60.1694627),24.9563179,60.1694627,POI
3697,,waste_basket,Point (24.9332368 60.1732522),24.9332368,60.1732522,POI
3698,,vending_parking,Point (24.969538 60.165682),24.969538,60.165682,POI
3699,Haaga-Helian kirjasto,library,Point (24.9339535 60.201814),24.9339535,60.201814,POI
3700,P??t?n Kana,pub,Point (24.9439086 60.2139896),24.9439086,60.2139896,POI
3701,Taverna Pohjan Akka,restaurant,Point (24.9440381 60.2142881),24.9440381,60.2142881,POI
3702,Lemon Grass,restaurant,Point (24.9490393 60.1823293),24.9490393,60.1823293,POI
3703,N2,hairdresser,Point (24.9319687 60.1659379),24.9319687,60.1659379,POI
3704,Saxc¨¦,hairdresser,Point (24.9318821 60.1659087),24.9318821,60.1659087,POI
3705,,bench,Point (24.9064482 60.1671913),24.9064482,60.1671913,POI
3706,,camera_surveillance,Point (24.9751623 60.2077992),24.9751623,60.2077992,POI
3707,,waste_basket,Point (24.974814 60.2083925),24.974814,60.2083925,POI
3708,,vending_parking,Point (24.932728 60.167621),24.932728,60.167621,POI
3709,Black and White,hairdresser,Point (24.9232484 60.1795763),24.9232484,60.1795763,POI
3710,,waste_basket,Point (24.9235432 60.1796173),24.9235432,60.1796173,POI
3711,Kahvila Milla,cafe,Point (24.9628198 60.1965429),24.9628198,60.1965429,POI
3712,Pesuheikki,laundry,Point (24.9633396 60.1953965),24.9633396,60.1953965,POI
3713,Green Hippo,restaurant,Point (24.9243652 60.1786385),24.9243652,60.1786385,POI
3714,Hiushuone Stage,hairdresser,Point (24.923312 60.1686172),24.923312,60.1686172,POI
3715,Pub Chen,pub,Point (24.9168685 60.1632738),24.9168685,60.1632738,POI
3716,Urban Hair,hairdresser,Point (24.9151944 60.163033),24.9151944,60.163033,POI
3717,Posti,post_office,Point (24.9211211 60.1561927),24.9211211,60.1561927,POI
3718,Salon Cutside,hairdresser,Point (24.9178756 60.1632861),24.9178756,60.1632861,POI
3719,Ravintola Vaunu,restaurant,Point (24.9353101 60.1999512),24.9353101,60.1999512,POI
3720,Parturi-kampaamo Fredika,hairdresser,Point (24.9363117 60.2004759),24.9363117,60.2004759,POI
3721,Asemamies,restaurant,Point (24.9384561 60.2012918),24.9384561,60.2012918,POI
3722,Parturi-kampaamo Rami,hairdresser,Point (24.9254652 60.2002574),24.9254652,60.2002574,POI
3723,L?nsi-Pasilan Apteekki,pharmacy,Point (24.9275091 60.1969035),24.9275091,60.1969035,POI
3724,Kampaamo Takkutukka,hairdresser,Point (24.9273374 60.195573),24.9273374,60.195573,POI
3725,,camera_surveillance,Point (24.9554535 60.1554727),24.9554535,60.1554727,POI
3726,,waste_basket,Point (24.9631503 60.1924813),24.9631503,60.1924813,POI
3727,,waste_basket,Point (24.9630682 60.1929236),24.9630682,60.1929236,POI
3728,,camera_surveillance,Point (24.9620048 60.1933278),24.9620048,60.1933278,POI
3729,,camera_surveillance,Point (24.9616134 60.1935328),24.9616134,60.1935328,POI
3730,Publics,arts_centre,Point (24.9597851 60.1956767),24.9597851,60.1956767,POI
3731,,post_box,Point (24.9597062 60.1956738),24.9597062,60.1956738,POI
3732,Schick Salon & Lifestyle,hairdresser,Point (24.960446 60.1960203),24.960446,60.1960203,POI
3733,,toilet,Point (24.9126957 60.1656956),24.9126957,60.1656956,POI
3734,Laituri,restaurant,Point (24.91317 60.1657698),24.91317,60.1657698,POI
3735,,vending_parking,Point (24.949928 60.173188),24.949928,60.173188,POI
3736,Mullikka,restaurant,Point (24.9068404 60.1931289),24.9068404,60.1931289,POI
3737,Manskun pizza kebab,fast_food,Point (24.9066744 60.193181),24.9066744,60.193181,POI
3738,Bon Temps Cafe,cafe,Point (24.9061434 60.1933666),24.9061434,60.1933666,POI
3739,Aurinkopoika,artwork,Point (24.9809711 60.2118233),24.9809711,60.2118233,POI
3740,,camera_surveillance,Point (24.9305113 60.1931809),24.9305113,60.1931809,POI
3741,,waste_basket,Point (24.9558 60.2121558),24.9558,60.2121558,POI
3742,Ravintola Meelom,restaurant,Point (24.9573761 60.2132576),24.9573761,60.2132576,POI
3743,Kukkakauppa Kirsikankukka,florist,Point (24.9594034 60.2132809),24.9594034,60.2132809,POI
3744,La Storia,hairdresser,Point (24.9595422 60.2133177),24.9595422,60.2133177,POI
3745,,waste_basket,Point (24.9309291 60.1844456),24.9309291,60.1844456,POI
3746,,bench,Point (24.9309106 60.184464),24.9309106,60.184464,POI
3747,,bench,Point (24.9307166 60.1850222),24.9307166,60.1850222,POI
3748,,bench,Point (24.9300169 60.1850341),24.9300169,60.1850341,POI
3749,,waste_basket,Point (24.9307297 60.1850363),24.9307297,60.1850363,POI
3750,,waste_basket,Point (24.9300126 60.1850504),24.9300126,60.1850504,POI
3751,,camera_surveillance,Point (24.9281916 60.1850308),24.9281916,60.1850308,POI
3752,,vending_parking,Point (24.9256514 60.1841463),24.9256514,60.1841463,POI
3753,,waste_basket,Point (24.9268854 60.1824895),24.9268854,60.1824895,POI
3754,,waste_basket,Point (24.9266227 60.1833175),24.9266227,60.1833175,POI
3755,,waste_basket,Point (24.9268791 60.1833224),24.9268791,60.1833224,POI
3756,,waste_basket,Point (24.9266128 60.1839919),24.9266128,60.1839919,POI
3757,,waste_basket,Point (24.9319038 60.1835492),24.9319038,60.1835492,POI
3758,,waste_basket,Point (24.9320519 60.1838277),24.9320519,60.1838277,POI
3759,Oopperan optiikka,optician,Point (24.9257791 60.1824977),24.9257791,60.1824977,POI
3760,,waste_basket,Point (24.9255937 60.1847342),24.9255937,60.1847342,POI
3761,,bench,Point (24.9257614 60.1848005),24.9257614,60.1848005,POI
3762,,bench,Point (24.9257987 60.1848137),24.9257987,60.1848137,POI
3763,,waste_basket,Point (24.9258344 60.1848268),24.9258344,60.1848268,POI
3764,,bench,Point (24.9260145 60.1848874),24.9260145,60.1848874,POI
3765,,bench,Point (24.9260518 60.1849005),24.9260518,60.1849005,POI
3766,,waste_basket,Point (24.926086 60.1849187),24.926086,60.1849187,POI
3767,,waste_basket,Point (24.9260949 60.1844477),24.9260949,60.1844477,POI
3768,,bench,Point (24.9262109 60.1844915),24.9262109,60.1844915,POI
3769,,bench,Point (24.9262482 60.1845046),24.9262482,60.1845046,POI
3770,,waste_basket,Point (24.92634 60.1845432),24.92634,60.1845432,POI
3771,,waste_basket,Point (24.9265312 60.1849295),24.9265312,60.1849295,POI
3772,,waste_basket,Point (24.9272543 60.1844321),24.9272543,60.1844321,POI
3773,,waste_basket,Point (24.9287434 60.184029),24.9287434,60.184029,POI
3774,,waste_basket,Point (24.931871 60.1851621),24.931871,60.1851621,POI
3775,,vending_parking,Point (24.925963 60.168139),24.925963,60.168139,POI
3776,,vending_parking,Point (24.928136 60.170519),24.928136,60.170519,POI
3777,,vending_parking,Point (24.9254884 60.1708123),24.9254884,60.1708123,POI
3778,,post_box,Point (24.9282305 60.1712945),24.9282305,60.1712945,POI
3779,,vending_parking,Point (24.955211 60.182389),24.955211,60.182389,POI
3780,,vending_parking,Point (24.9622987 60.1940421),24.9622987,60.1940421,POI
3781,,vending_parking,Point (24.9531609 60.1651046),24.9531609,60.1651046,POI
3782,,waste_basket,Point (24.9569308 60.1548822),24.9569308,60.1548822,POI
3783,,waste_basket,Point (24.9573585 60.1550881),24.9573585,60.1550881,POI
3784,,waste_basket,Point (24.9576381 60.1554021),24.9576381,60.1554021,POI
3785,,vending_parking,Point (24.9611073 60.155357),24.9611073,60.155357,POI
3786,Etola Hakaniemi,doityourself,Point (24.9525585 60.1799578),24.9525585,60.1799578,POI
3787,MK,hairdresser,Point (24.9301844 60.172159),24.9301844,60.172159,POI
3788,Salon Anuette,beauty_shop,Point (24.9293248 60.1718924),24.9293248,60.1718924,POI
3789,Kauneushoitola Ella Bach¨¦,beauty_shop,Point (24.9281725 60.1713103),24.9281725,60.1713103,POI
3790,Lettileena,hairdresser,Point (24.9280325 60.1713323),24.9280325,60.1713323,POI
3791,Kampaamo Raija Rantanen,hairdresser,Point (24.9281119 60.1704947),24.9281119,60.1704947,POI
3792,Parturiliike The Barber Shop,hairdresser,Point (24.9417389 60.1611294),24.9417389,60.1611294,POI
3793,,bench,Point (24.9123989 60.1813411),24.9123989,60.1813411,POI
3794,,waste_basket,Point (24.8933614 60.2038932),24.8933614,60.2038932,POI
3795,,camera_surveillance,Point (24.934857 60.1746187),24.934857,60.1746187,POI
3796,,vending_parking,Point (24.933868 60.1762958),24.933868,60.1762958,POI
3797,,waste_basket,Point (24.9564897 60.2159054),24.9564897,60.2159054,POI
3798,,hairdresser,Point (24.8994981 60.2042427),24.8994981,60.2042427,POI
3799,,camera_surveillance,Point (24.8974664 60.2081026),24.8974664,60.2081026,POI
3800,,camera_surveillance,Point (24.9055177 60.208142),24.9055177,60.208142,POI
3801,Karaoke Bar Satumaa,bar,Point (24.9301091 60.1694916),24.9301091,60.1694916,POI
3802,,camera_surveillance,Point (24.9484933 60.1895235),24.9484933,60.1895235,POI
3803,Wanha Herra,pub,Point (24.8821859 60.1489305),24.8821859,60.1489305,POI
3804,Ramona,hairdresser,Point (24.953783 60.1884887),24.953783,60.1884887,POI
3805,Tuk Tuk,restaurant,Point (24.9564424 60.1884812),24.9564424,60.1884812,POI
3806,,camera_surveillance,Point (24.9833495 60.1884528),24.9833495,60.1884528,POI
3807,,vending_parking,Point (24.941338 60.154124),24.941338,60.154124,POI
3808,,vending_parking,Point (24.944194 60.154328),24.944194,60.154328,POI
3809,,vending_parking,Point (24.938809 60.154633),24.938809,60.154633,POI
3810,,vending_parking,Point (24.953876 60.15464),24.953876,60.15464,POI
3811,,vending_parking,Point (24.936583 60.154692),24.936583,60.154692,POI
3812,,vending_parking,Point (24.935722 60.155104),24.935722,60.155104,POI
3813,,vending_parking,Point (24.930302 60.1563811),24.930302,60.1563811,POI
3814,,vending_parking,Point (24.9328876 60.156795),24.9328876,60.156795,POI
3815,,vending_parking,Point (24.947278 60.158389),24.947278,60.158389,POI
3816,,vending_parking,Point (24.941041 60.160604),24.941041,60.160604,POI
3817,,vending_parking,Point (24.903918 60.161374),24.903918,60.161374,POI
3818,,vending_parking,Point (24.927389 60.161612),24.927389,60.161612,POI
3819,,vending_parking,Point (24.939574 60.161811),24.939574,60.161811,POI
3820,,vending_parking,Point (24.9239241 60.1619604),24.9239241,60.1619604,POI
3821,,vending_parking,Point (24.942864 60.162208),24.942864,60.162208,POI
3822,,vending_parking,Point (24.930058 60.162342),24.930058,60.162342,POI
3823,,vending_parking,Point (24.930879 60.162438),24.930879,60.162438,POI
3824,,vending_parking,Point (24.939041 60.162486),24.939041,60.162486,POI
3825,,vending_parking,Point (24.946152 60.162496),24.946152,60.162496,POI
3826,,vending_parking,Point (24.93071 60.16257),24.93071,60.16257,POI
3827,,vending_parking,Point (24.937257 60.163167),24.937257,60.163167,POI
3828,,vending_parking,Point (24.900186 60.163231),24.900186,60.163231,POI
3829,,vending_parking,Point (24.947868 60.163447),24.947868,60.163447,POI
3830,,vending_parking,Point (24.927344 60.163524),24.927344,60.163524,POI
3831,,vending_parking,Point (24.931188 60.163879),24.931188,60.163879,POI
3832,,vending_parking,Point (24.900351 60.163919),24.900351,60.163919,POI
3833,,vending_parking,Point (24.936306 60.164717),24.936306,60.164717,POI
3834,,vending_parking,Point (24.945878 60.16489),24.945878,60.16489,POI
3835,,vending_parking,Point (24.934971 60.165214),24.934971,60.165214,POI
3836,,vending_parking,Point (24.951431 60.165531),24.951431,60.165531,POI
3837,,vending_parking,Point (24.8997558 60.1655621),24.8997558,60.1655621,POI
3838,,vending_parking,Point (24.950127 60.165598),24.950127,60.165598,POI
3839,,vending_parking,Point (24.951854 60.165773),24.951854,60.165773,POI
3840,,vending_parking,Point (24.925176 60.165796),24.925176,60.165796,POI
3841,,vending_parking,Point (24.974548 60.165806),24.974548,60.165806,POI
3842,,vending_parking,Point (24.967274 60.165881),24.967274,60.165881,POI
3843,,vending_parking,Point (24.934128 60.165902),24.934128,60.165902,POI
3844,,vending_parking,Point (24.96612 60.165957),24.96612,60.165957,POI
3845,,vending_parking,Point (24.94686 60.166017),24.94686,60.166017,POI
3846,,vending_parking,Point (24.9434222 60.1660664),24.9434222,60.1660664,POI
3847,,vending_parking,Point (24.9495121 60.1661707),24.9495121,60.1661707,POI
3848,,vending_parking,Point (24.934905 60.166177),24.934905,60.166177,POI
3849,,vending_parking,Point (24.971997 60.166336),24.971997,60.166336,POI
3850,,vending_parking,Point (24.941186 60.1664),24.941186,60.1664,POI
3851,,vending_parking,Point (24.95289 60.166428),24.95289,60.166428,POI
3852,,vending_parking,Point (24.93133 60.166464),24.93133,60.166464,POI
3853,,vending_parking,Point (24.947827 60.166538),24.947827,60.166538,POI
3854,,vending_parking,Point (24.961985 60.166532),24.961985,60.166532,POI
3855,,vending_parking,Point (24.9532031 60.1665897),24.9532031,60.1665897,POI
3856,,vending_parking,Point (24.951361 60.166635),24.951361,60.166635,POI
3857,,vending_parking,Point (24.936371 60.166686),24.936371,60.166686,POI
3858,,vending_parking,Point (24.977184 60.166685),24.977184,60.166685,POI
3859,,vending_parking,Point (24.975193 60.166806),24.975193,60.166806,POI
3860,,vending_parking,Point (24.9494408 60.1668849),24.9494408,60.1668849,POI
3861,,vending_parking,Point (24.938442 60.166908),24.938442,60.166908,POI
3862,,vending_parking,Point (24.937579 60.167105),24.937579,60.167105,POI
3863,,vending_any,Point (24.9554358 60.1672629),24.9554358,60.1672629,POI
3864,,vending_parking,Point (24.958898 60.1672798),24.958898,60.1672798,POI
3865,,vending_parking,Point (24.968229 60.167175),24.968229,60.167175,POI
3866,,vending_parking,Point (24.946698 60.167207),24.946698,60.167207,POI
3867,,vending_parking,Point (24.954307 60.167289),24.954307,60.167289,POI
3868,,vending_parking,Point (24.939743 60.167437),24.939743,60.167437,POI
3869,,vending_parking,Point (24.9552618 60.1674599),24.9552618,60.1674599,POI
3870,,vending_parking,Point (24.92898 60.167616),24.92898,60.167616,POI
3871,,vending_parking,Point (24.962516 60.167739),24.962516,60.167739,POI
3872,,vending_parking,Point (24.9319992 60.1677684),24.9319992,60.1677684,POI
3873,,vending_parking,Point (24.929869 60.167844),24.929869,60.167844,POI
3874,,vending_parking,Point (24.946464 60.167849),24.946464,60.167849,POI
3875,,vending_parking,Point (24.9681876 60.1679119),24.9681876,60.1679119,POI
3876,,vending_parking,Point (24.976101 60.167939),24.976101,60.167939,POI
3877,,vending_parking,Point (24.937239 60.167951),24.937239,60.167951,POI
3878,,vending_parking,Point (24.970617 60.168079),24.970617,60.168079,POI
3879,,vending_parking,Point (24.978 60.168226),24.978,60.168226,POI
3880,,vending_parking,Point (24.961439 60.168279),24.961439,60.168279,POI
3881,,vending_parking,Point (24.963461 60.16851),24.963461,60.16851,POI
3882,,vending_parking,Point (24.9657639 60.168899),24.9657639,60.168899,POI
3883,,vending_parking,Point (24.939253 60.169096),24.939253,60.169096,POI
3884,,vending_parking,Point (24.9587924 60.1699175),24.9587924,60.1699175,POI
3885,,vending_parking,Point (24.95006 60.169961),24.95006,60.169961,POI
3886,,vending_parking,Point (24.922774 60.170096),24.922774,60.170096,POI
3887,,vending_parking,Point (24.919286 60.170366),24.919286,60.170366,POI
3888,,vending_parking,Point (24.959603 60.170467),24.959603,60.170467,POI
3889,,vending_parking,Point (24.955782 60.170482),24.955782,60.170482,POI
3890,,vending_parking,Point (24.940647 60.170566),24.940647,60.170566,POI
3891,,vending_parking,Point (24.9476974 60.1706342),24.9476974,60.1706342,POI
3892,,vending_parking,Point (24.941745 60.170592),24.941745,60.170592,POI
3893,,vending_parking,Point (24.958668 60.170873),24.958668,60.170873,POI
3894,,vending_parking,Point (24.9524172 60.1708891),24.9524172,60.1708891,POI
3895,,vending_parking,Point (24.954485 60.170945),24.954485,60.170945,POI
3896,,vending_parking,Point (24.923761 60.171206),24.923761,60.171206,POI
3897,,vending_parking,Point (24.929925 60.171251),24.929925,60.171251,POI
3898,,vending_parking,Point (24.918738 60.171563),24.918738,60.171563,POI
3899,,vending_parking,Point (24.960183 60.171649),24.960183,60.171649,POI
3900,,vending_parking,Point (24.937351 60.171832),24.937351,60.171832,POI
3901,,vending_parking,Point (24.946581 60.172138),24.946581,60.172138,POI
3902,,vending_parking,Point (24.954339 60.172241),24.954339,60.172241,POI
3903,,vending_parking,Point (24.922401 60.172293),24.922401,60.172293,POI
3904,,vending_parking,Point (24.945056 60.172327),24.945056,60.172327,POI
3905,,vending_parking,Point (24.947227 60.172801),24.947227,60.172801,POI
3906,,vending_parking,Point (24.960768 60.17283),24.960768,60.17283,POI
3907,,vending_parking,Point (24.931477 60.173184),24.931477,60.173184,POI
3908,,vending_parking,Point (24.9562434 60.1732689),24.9562434,60.1732689,POI
3909,,vending_parking,Point (24.917935 60.173577),24.917935,60.173577,POI
3910,,vending_parking,Point (24.9311208 60.1740121),24.9311208,60.1740121,POI
3911,,vending_parking,Point (24.920417 60.174149),24.920417,60.174149,POI
3912,,vending_parking,Point (24.955131 60.174227),24.955131,60.174227,POI
3913,,vending_parking,Point (24.92774 60.174262),24.92774,60.174262,POI
3914,,vending_parking,Point (24.920637 60.174609),24.920637,60.174609,POI
3915,,vending_parking,Point (24.9300686 60.1748958),24.9300686,60.1748958,POI
3916,,vending_parking,Point (24.920339 60.175449),24.920339,60.175449,POI
3917,,vending_parking,Point (24.9582323 60.1757268),24.9582323,60.1757268,POI
3918,,vending_parking,Point (24.960549 60.175824),24.960549,60.175824,POI
3919,,vending_parking,Point (24.929443 60.175867),24.929443,60.175867,POI
3920,,vending_parking,Point (24.919199 60.175942),24.919199,60.175942,POI
3921,,vending_parking,Point (24.921459 60.176299),24.921459,60.176299,POI
3922,,vending_parking,Point (24.918754 60.176778),24.918754,60.176778,POI
3923,,vending_parking,Point (24.921098 60.177053),24.921098,60.177053,POI
3924,,vending_parking,Point (24.9284008 60.1772147),24.9284008,60.1772147,POI
3925,,vending_parking,Point (24.928759 60.177876),24.928759,60.177876,POI
3926,,vending_parking,Point (24.927527 60.1783282),24.927527,60.1783282,POI
3927,,vending_parking,Point (24.921229 60.178865),24.921229,60.178865,POI
3928,,vending_parking,Point (24.923794 60.179068),24.923794,60.179068,POI
3929,,vending_parking,Point (24.922515 60.179099),24.922515,60.179099,POI
3930,,vending_parking,Point (24.947276 60.179217),24.947276,60.179217,POI
3931,,vending_parking,Point (24.9255477 60.1793321),24.9255477,60.1793321,POI
3932,,vending_parking,Point (24.92421 60.179367),24.92421,60.179367,POI
3933,,vending_parking,Point (24.948274 60.179516),24.948274,60.179516,POI
3934,,vending_parking,Point (24.9491611 60.1796915),24.9491611,60.1796915,POI
3935,,vending_parking,Point (24.94839 60.180838),24.94839,60.180838,POI
3936,,vending_parking,Point (24.9210392 60.1811324),24.9210392,60.1811324,POI
3937,,vending_parking,Point (24.952767 60.181134),24.952767,60.181134,POI
3938,,vending_parking,Point (24.943514 60.182824),24.943514,60.182824,POI
3939,,vending_parking,Point (24.955676 60.183172),24.955676,60.183172,POI
3940,,vending_parking,Point (24.918457 60.183222),24.918457,60.183222,POI
3941,,vending_parking,Point (24.916359 60.183436),24.916359,60.183436,POI
3942,,vending_parking,Point (24.94066 60.18346),24.94066,60.18346,POI
3943,,vending_parking,Point (24.92072 60.183641),24.92072,60.183641,POI
3944,,vending_parking,Point (24.918655 60.183828),24.918655,60.183828,POI
3945,,vending_parking,Point (24.9613 60.184252),24.9613,60.184252,POI
3946,,vending_parking,Point (24.952903 60.184331),24.952903,60.184331,POI
3947,,vending_parking,Point (24.954994 60.184376),24.954994,60.184376,POI
3948,,vending_parking,Point (24.921178 60.184947),24.921178,60.184947,POI
3949,,vending_parking,Point (24.943927 60.185081),24.943927,60.185081,POI
3950,,vending_parking,Point (24.913937 60.185202),24.913937,60.185202,POI
3951,,vending_parking,Point (24.949064 60.185347),24.949064,60.185347,POI
3952,,vending_parking,Point (24.95631 60.185357),24.95631,60.185357,POI
3953,,vending_parking,Point (24.919245 60.185362),24.919245,60.185362,POI
3954,,vending_parking,Point (24.918514 60.185482),24.918514,60.185482,POI
3955,,vending_parking,Point (24.924086 60.185538),24.924086,60.185538,POI
3956,,vending_parking,Point (24.9204868 60.1856014),24.9204868,60.1856014,POI
3957,,vending_parking,Point (24.959364 60.186096),24.959364,60.186096,POI
3958,,vending_parking,Point (24.95621 60.186468),24.95621,60.186468,POI
3959,,vending_parking,Point (24.918089 60.186576),24.918089,60.186576,POI
3960,,vending_parking,Point (24.958458 60.186922),24.958458,60.186922,POI
3961,,vending_parking,Point (24.913211 60.188548),24.913211,60.188548,POI
3962,,vending_parking,Point (24.958605 60.189197),24.958605,60.189197,POI
3963,,vending_parking,Point (24.915159 60.189484),24.915159,60.189484,POI
3964,,vending_parking,Point (24.909321 60.189925),24.909321,60.189925,POI
3965,,vending_parking,Point (24.915309 60.191444),24.915309,60.191444,POI
3966,,vending_parking,Point (24.900065 60.191844),24.900065,60.191844,POI
3967,,vending_parking,Point (24.950876 60.192869),24.950876,60.192869,POI
3968,,vending_parking,Point (24.905326 60.192945),24.905326,60.192945,POI
3969,,vending_parking,Point (24.903155 60.193339),24.903155,60.193339,POI
3970,,vending_parking,Point (24.949663 60.193371),24.949663,60.193371,POI
3971,,vending_parking,Point (24.957471 60.193998),24.957471,60.193998,POI
3972,,vending_parking,Point (24.947921 60.194096),24.947921,60.194096,POI
3973,,vending_parking,Point (24.896757 60.194344),24.896757,60.194344,POI
3974,,vending_parking,Point (24.899831 60.195066),24.899831,60.195066,POI
3975,,vending_parking,Point (24.9261471 60.2000923),24.9261471,60.2000923,POI
3976,,vending_parking,Point (24.9255336 60.2006837),24.9255336,60.2006837,POI
3977,,vending_parking,Point (24.9259153 60.2016738),24.9259153,60.2016738,POI
3978,,vending_parking,Point (24.921907 60.1826506),24.921907,60.1826506,POI
3979,,camera_surveillance,Point (24.9072579 60.2023979),24.9072579,60.2023979,POI
3980,,vending_parking,Point (24.9081295 60.2025903),24.9081295,60.2025903,POI
3981,,waste_basket,Point (24.9077539 60.202395),24.9077539,60.202395,POI
3982,,waste_basket,Point (24.9072928 60.2026081),24.9072928,60.2026081,POI
3983,Tapas BarCelona,restaurant,Point (24.9450061 60.1682009),24.9450061,60.1682009,POI
3984,Helsingin Nallepaja,toy_shop,Point (24.9211712 60.156236),24.9211712,60.156236,POI
3985,,waste_basket,Point (24.9034601 60.172827),24.9034601,60.172827,POI
3986,,waste_basket,Point (24.9793816 60.2067535),24.9793816,60.2067535,POI
3987,,waste_basket,Point (24.9790335 60.2069143),24.9790335,60.2069143,POI
3988,,waste_basket,Point (24.9036857 60.1729862),24.9036857,60.1729862,POI
3989,,waste_basket,Point (24.9042116 60.1728317),24.9042116,60.1728317,POI
3990,,waste_basket,Point (24.8835894 60.1765506),24.8835894,60.1765506,POI
3991,,waste_basket,Point (24.885684 60.1849205),24.885684,60.1849205,POI
3992,Pelago Bicycles,bicycle_shop,Point (24.9326687 60.1653544),24.9326687,60.1653544,POI
3993,,camera_surveillance,Point (24.9768512 60.1913885),24.9768512,60.1913885,POI
3994,Studio Play,hairdresser,Point (24.9703503 60.2031098),24.9703503,60.2031098,POI
3995,,camera_surveillance,Point (24.9822933 60.2125173),24.9822933,60.2125173,POI
3996,Starabia,hairdresser,Point (24.9679806 60.2029286),24.9679806,60.2029286,POI
3997,Ravintola Caruzello,restaurant,Point (24.9393253 60.1888),24.9393253,60.1888,POI
3998,Suomen Sukututkimusseuran kirjasto,library,Point (24.9540966 60.1740082),24.9540966,60.1740082,POI
3999,,waste_basket,Point (24.9748496 60.2056489),24.9748496,60.2056489,POI
4000,Fairytale,bar,Point (24.9574227 60.1875195),24.9574227,60.1875195,POI
4001,Tenho,bar,Point (24.954706 60.1872868),24.954706,60.1872868,POI
4002,,waste_basket,Point (24.9639727 60.1945124),24.9639727,60.1945124,POI
4003,Bar Loose,pub,Point (24.9374004 60.1666872),24.9374004,60.1666872,POI
4004,,bench,Point (24.942422 60.2098483),24.942422,60.2098483,POI
4005,,bench,Point (24.9425079 60.2100859),24.9425079,60.2100859,POI
4006,Peloton Cycling Eatery,restaurant,Point (24.9733682 60.186668),24.9733682,60.186668,POI
4007,Peloton Cycling Eatery,bicycle_shop,Point (24.9733682 60.186668),24.9733682,60.186668,POI
4008,,camera_surveillance,Point (24.9670684 60.2029116),24.9670684,60.2029116,POI
4009,Wotkin's Tehtaanmyym?l?,butcher,Point (24.9762351 60.1914641),24.9762351,60.1914641,POI
4010,,bench,Point (24.9228344 60.165102),24.9228344,60.165102,POI
4011,,bench,Point (24.9228774 60.165221),24.9228774,60.165221,POI
4012,,bench,Point (24.92301 60.1655149),24.92301,60.1655149,POI
4013,,bench,Point (24.9230166 60.1655321),24.9230166,60.1655321,POI
4014,,bench,Point (24.9230232 60.1655493),24.9230232,60.1655493,POI
4015,,bench,Point (24.9230298 60.1655665),24.9230298,60.1655665,POI
4016,,bench,Point (24.9230364 60.1655838),24.9230364,60.1655838,POI
4017,,bench,Point (24.923043 60.165601),24.923043,60.165601,POI
4018,M?kikupla,restaurant,Point (24.9602402 60.1859308),24.9602402,60.1859308,POI
4019,,camera_surveillance,Point (24.9631602 60.1856432),24.9631602,60.1856432,POI
4020,,camera_surveillance,Point (24.9647766 60.185202),24.9647766,60.185202,POI
4021,,camera_surveillance,Point (24.9637996 60.1854814),24.9637996,60.1854814,POI
4022,,camera_surveillance,Point (24.9607297 60.1785298),24.9607297,60.1785298,POI
4023,,camera_surveillance,Point (24.9608242 60.1962634),24.9608242,60.1962634,POI
4024,Kahvila Samovarbar,cafe,Point (24.9914884 60.1457984),24.9914884,60.1457984,POI
4025,Linna Bar,pub,Point (24.989305 60.1460134),24.989305,60.1460134,POI
4026,Ehrensv?rd-museo,museum,Point (24.9855336 60.1441929),24.9855336,60.1441929,POI
4027,,waste_basket,Point (24.9854372 60.1410721),24.9854372,60.1410721,POI
4028,,toilet,Point (24.9847831 60.1488642),24.9847831,60.1488642,POI
4029,Everlast,clothes,Point (24.9561056 60.1823633),24.9561056,60.1823633,POI
4030,,waste_basket,Point (24.9587629 60.1829587),24.9587629,60.1829587,POI
4031,,camera_surveillance,Point (24.9591304 60.1835486),24.9591304,60.1835486,POI
4032,,camera_surveillance,Point (24.9593234 60.1837227),24.9593234,60.1837227,POI
4033,Scandia Rent,car_rental,Point (24.9647032 60.1889695),24.9647032,60.1889695,POI
4034,K-Market,convenience,Point (24.9195762 60.160318),24.9195762,60.160318,POI
4035,,vending_any,Point (24.920758 60.1561331),24.920758,60.1561331,POI
4036,,recycling,Point (24.9209247 60.1562153),24.9209247,60.1562153,POI
4037,Pub Aleksis K.,pub,Point (24.9574607 60.189218),24.9574607,60.189218,POI
4038,,camera_surveillance,Point (24.954726 60.1892473),24.954726,60.1892473,POI
4039,,camera_surveillance,Point (24.9542168 60.1892745),24.9542168,60.1892745,POI
4040,,waste_basket,Point (24.9647166 60.1859943),24.9647166,60.1859943,POI
4041,,waste_basket,Point (24.965352 60.1862995),24.965352,60.1862995,POI
4042,,camera_surveillance,Point (24.9614156 60.1934705),24.9614156,60.1934705,POI
4043,,camera_surveillance,Point (24.9614907 60.1935106),24.9614907,60.1935106,POI
4044,Du Dii,restaurant,Point (24.9541759 60.1830878),24.9541759,60.1830878,POI
4045,HogoHuone,bar,Point (24.9543267 60.1830292),24.9543267,60.1830292,POI
4046,Decepticon-logo ratikan raiteilla,artwork,Point (24.9316963 60.1682259),24.9316963,60.1682259,POI
4047,Jing Cheng,restaurant,Point (24.9277231 60.1771744),24.9277231,60.1771744,POI
4048,Musta Kissa,pub,Point (24.9468228 60.1823697),24.9468228,60.1823697,POI
4049,,post_box,Point (24.9496523 60.1821571),24.9496523,60.1821571,POI
4050,,bench,Point (24.9570396 60.1536184),24.9570396,60.1536184,POI
4051,,bench,Point (24.9575992 60.1536163),24.9575992,60.1536163,POI
4052,Kallio Bar,bar,Point (24.9531387 60.1812246),24.9531387,60.1812246,POI
4053,Bella Bandidas,beauty_shop,Point (24.9519998 60.1808188),24.9519998,60.1808188,POI
4054,Parturi-kampaamo Hius-Haka,hairdresser,Point (24.9515242 60.1806478),24.9515242,60.1806478,POI
4055,Salon Show,hairdresser,Point (24.9532565 60.1812714),24.9532565,60.1812714,POI
4056,,hairdresser,Point (24.9505555 60.1813624),24.9505555,60.1813624,POI
4057,Punk Shop - Helsinki,clothes,Point (24.9507889 60.1803711),24.9507889,60.1803711,POI
4058,Salon Leilamarja,hairdresser,Point (24.9518401 60.1807586),24.9518401,60.1807586,POI
4059,Arena-n?ytt?m?,theatre,Point (24.9503818 60.1802289),24.9503818,60.1802289,POI
4060,Alepa,convenience,Point (24.9597035 60.1960664),24.9597035,60.1960664,POI
4061,,hairdresser,Point (24.9524491 60.1826192),24.9524491,60.1826192,POI
4062,Koko Jazz Club,restaurant,Point (24.9534891 60.1806797),24.9534891,60.1806797,POI
4063,Bokn?s,furniture_shop,Point (24.9236881 60.1836143),24.9236881,60.1836143,POI
4064,T??l?n Poni,hairdresser,Point (24.9230768 60.1836337),24.9230768,60.1836337,POI
4065,Irjan kukka,florist,Point (24.9569435 60.1874828),24.9569435,60.1874828,POI
4066,,camera_surveillance,Point (24.9529492 60.195827),24.9529492,60.195827,POI
4067,,camera_surveillance,Point (24.9529522 60.1958289),24.9529522,60.1958289,POI
4068,Etel?-Afrikan suurl?hetyst?,embassy,Point (24.9508808 60.1655412),24.9508808,60.1655412,POI
4069,Majava Baari,pub,Point (24.95277 60.1828064),24.95277,60.1828064,POI
4070,R-Kioski,kiosk,Point (24.9534615 60.1884879),24.9534615,60.1884879,POI
4071,Naughty BRGR,restaurant,Point (24.952955 60.1921777),24.952955,60.1921777,POI
4072,,camera_surveillance,Point (24.9541052 60.1895512),24.9541052,60.1895512,POI
4073,,camera_surveillance,Point (24.9539898 60.1895595),24.9539898,60.1895595,POI
4074,,camera_surveillance,Point (24.9528966 60.1909067),24.9528966,60.1909067,POI
4075,,camera_surveillance,Point (24.9528959 60.1909177),24.9528959,60.1909177,POI
4076,,camera_surveillance,Point (24.9525266 60.1914016),24.9525266,60.1914016,POI
4077,,camera_surveillance,Point (24.9521923 60.1915404),24.9521923,60.1915404,POI
4078,,camera_surveillance,Point (24.9553615 60.1964896),24.9553615,60.1964896,POI
4079,,waste_basket,Point (24.9556909 60.1965615),24.9556909,60.1965615,POI
4080,Lounasravintola Gusto,restaurant,Point (24.9647601 60.1987883),24.9647601,60.1987883,POI
4081,Helsingin hovioikeus,courthouse,Point (24.9000549 60.1636857),24.9000549,60.1636857,POI
4082,The Saigonese,restaurant,Point (24.9265843 60.1671166),24.9265843,60.1671166,POI
4083,CheapSleep Hostel,hostel,Point (24.956026 60.193792),24.956026,60.193792,POI
4084,Arabianrannan kirjasto,library,Point (24.9764087 60.20899),24.9764087,60.20899,POI
4085,Salon Robertiina,hairdresser,Point (24.9481173 60.1839324),24.9481173,60.1839324,POI
4086,Selma Palmu,clothes,Point (24.9484494 60.1838015),24.9484494,60.1838015,POI
4087,Onni Pizzeria,fast_food,Point (24.9468144 60.1883515),24.9468144,60.1883515,POI
4088,Parturi-kampaamo Sumer,hairdresser,Point (24.9480864 60.1875135),24.9480864,60.1875135,POI
4089,,bench,Point (24.98768 60.145397),24.98768,60.145397,POI
4090,,bench,Point (24.9876817 60.1454099),24.9876817,60.1454099,POI
4091,,bench,Point (24.987691 60.1454521),24.987691,60.1454521,POI
4092,Kahvila-Ravintola Nuppu,restaurant,Point (24.947996 60.1891267),24.947996,60.1891267,POI
4093,K-Market,convenience,Point (24.9407442 60.1705899),24.9407442,60.1705899,POI
4094,Juna-aikataulu,tourist_info,Point (24.9402055 60.1713711),24.9402055,60.1713711,POI
4095,GROOM Classic,hairdresser,Point (24.9296954 60.164284),24.9296954,60.164284,POI
4096,Sweet hair,hairdresser,Point (24.9446856 60.1833159),24.9446856,60.1833159,POI
4097,,camera_surveillance,Point (24.9439391 60.1830325),24.9439391,60.1830325,POI
4098,Ravintola Hurlumhei,restaurant,Point (24.9430278 60.1883009),24.9430278,60.1883009,POI
4099,,bench,Point (24.9421235 60.1879483),24.9421235,60.1879483,POI
4100,,bench,Point (24.9419948 60.1879881),24.9419948,60.1879881,POI
4101,,bench,Point (24.9421873 60.1879675),24.9421873,60.1879675,POI
4102,,bench,Point (24.9423833 60.1880354),24.9423833,60.1880354,POI
4103,,bench,Point (24.9419658 60.188002),24.9419658,60.188002,POI
4104,,bench,Point (24.9424064 60.1880638),24.9424064,60.1880638,POI
4105,,bench,Point (24.9419368 60.1880241),24.9419368,60.1880241,POI
4106,,bench,Point (24.94235 60.1881057),24.94235,60.1881057,POI
4107,,bench,Point (24.9423787 60.1880833),24.9423787,60.1880833,POI
4108,,bench,Point (24.9399897 60.1871191),24.9399897,60.1871191,POI
4109,,bench,Point (24.9399425 60.1871262),24.9399425,60.1871262,POI
4110,,bench,Point (24.9432579 60.1885748),24.9432579,60.1885748,POI
4111,,bench,Point (24.9433052 60.1885833),24.9433052,60.1885833,POI
4112,,bench,Point (24.9433394 60.1885983),24.9433394,60.1885983,POI
4113,,waste_basket,Point (24.9399109 60.1871347),24.9399109,60.1871347,POI
4114,,waste_basket,Point (24.9432304 60.1885722),24.9432304,60.1885722,POI
4115,,camera_surveillance,Point (24.9313089 60.1716081),24.9313089,60.1716081,POI
4116,,camera_surveillance,Point (24.9312436 60.1716893),24.9312436,60.1716893,POI
4117,,camera_surveillance,Point (24.9320704 60.175058),24.9320704,60.175058,POI
4118,,camera_surveillance,Point (24.9316428 60.1754338),24.9316428,60.1754338,POI
4119,,bench,Point (24.9328713 60.1537688),24.9328713,60.1537688,POI
4120,,bench,Point (24.9329218 60.1537805),24.9329218,60.1537805,POI
4121,,bench,Point (24.9329752 60.1537883),24.9329752,60.1537883,POI
4122,,bench,Point (24.9330274 60.1537936),24.9330274,60.1537936,POI
4123,,bench,Point (24.9334186 60.1538645),24.9334186,60.1538645,POI
4124,,bench,Point (24.9334696 60.1538789),24.9334696,60.1538789,POI
4125,,bench,Point (24.933523 60.153891),24.933523,60.153891,POI
4126,,bench,Point (24.9335725 60.1539004),24.9335725,60.1539004,POI
4127,,bench,Point (24.8894359 60.1529663),24.8894359,60.1529663,POI
4128,,bench,Point (24.8884956 60.1536194),24.8884956,60.1536194,POI
4129,,bench,Point (24.8889587 60.153284),24.8889587,60.153284,POI
4130,,bench,Point (24.8890316 60.1532922),24.8890316,60.1532922,POI
4131,,bench,Point (24.889133 60.1536708),24.889133,60.1536708,POI
4132,,bench,Point (24.8893083 60.1533016),24.8893083,60.1533016,POI
4133,,bench,Point (24.8884232 60.1536153),24.8884232,60.1536153,POI
4134,Pihka Meclu,restaurant,Point (24.9217561 60.1642983),24.9217561,60.1642983,POI
4135,Savor,restaurant,Point (24.9483761 60.1972191),24.9483761,60.1972191,POI
4136,Nomart,furniture_shop,Point (24.9729834 60.166878),24.9729834,60.166878,POI
4137,,bench,Point (24.9731288 60.1671498),24.9731288,60.1671498,POI
4138,,camera_surveillance,Point (24.9637562 60.1665108),24.9637562,60.1665108,POI
4139,P?iv?koti Saukko,kindergarten,Point (24.9085067 60.158768),24.9085067,60.158768,POI
4140,,bench,Point (24.9738234 60.1673311),24.9738234,60.1673311,POI
4141,,waste_basket,Point (24.9742149 60.1674322),24.9742149,60.1674322,POI
4142,,recycling_clothes,Point (24.9746311 60.1676778),24.9746311,60.1676778,POI
4143,,recycling_clothes,Point (24.9746135 60.1676918),24.9746135,60.1676918,POI
4144,Lippakiska,cafe,Point (24.9528709 60.1840843),24.9528709,60.1840843,POI
4145,Lintsi Cafe,cafe,Point (24.9417619 60.191589),24.9417619,60.191589,POI
4146,UFF,clothes,Point (24.9511474 60.1864187),24.9511474,60.1864187,POI
4147,Bar All In,bar,Point (24.945371 60.1719525),24.945371,60.1719525,POI
4148,Scandic Paasi,hotel,Point (24.9479264 60.1785824),24.9479264,60.1785824,POI
4149,Saloon Arizona,pub,Point (24.9468794 60.1849314),24.9468794,60.1849314,POI
4150,,waste_basket,Point (24.976411 60.1666176),24.976411,60.1666176,POI
4151,,bench,Point (24.9762993 60.1675498),24.9762993,60.1675498,POI
4152,,hairdresser,Point (24.9756481 60.1675683),24.9756481,60.1675683,POI
4153,,bench,Point (24.9760696 60.1678393),24.9760696,60.1678393,POI
4154,,waste_basket,Point (24.9751357 60.1678559),24.9751357,60.1678559,POI
4155,,waste_basket,Point (24.9777353 60.1682782),24.9777353,60.1682782,POI
4156,,waste_basket,Point (24.9776336 60.1683766),24.9776336,60.1683766,POI
4157,Bokn?s,furniture_shop,Point (24.9496682 60.1684481),24.9496682,60.1684481,POI
4158,,camera_surveillance,Point (24.949701 60.1667571),24.949701,60.1667571,POI
4159,,camera_surveillance,Point (24.9494292 60.1668236),24.9494292,60.1668236,POI
4160,,camera_surveillance,Point (24.9494096 60.1669816),24.9494096,60.1669816,POI
4161,,camera_surveillance,Point (24.9656543 60.1656592),24.9656543,60.1656592,POI
4162,Rautakauppa,doityourself,Point (24.9233939 60.1762299),24.9233939,60.1762299,POI
4163,,hairdresser,Point (24.9211955 60.1739276),24.9211955,60.1739276,POI
4164,,waste_basket,Point (24.8812744 60.204976),24.8812744,60.204976,POI
4165,,bench,Point (24.8812599 60.204988),24.8812599,60.204988,POI
4166,Ruskeasuon hyppyrim?ki,ruins,Point (24.9184778 60.1983339),24.9184778,60.1983339,POI
4167,,picnic_site,Point (24.9158968 60.1970458),24.9158968,60.1970458,POI
4168,,bench,Point (24.9158292 60.1971398),24.9158292,60.1971398,POI
4169,,picnic_site,Point (24.9099644 60.2138612),24.9099644,60.2138612,POI
4170,,picnic_site,Point (24.9108877 60.2145795),24.9108877,60.2145795,POI
4171,,toilet,Point (24.9963118 60.2070282),24.9963118,60.2070282,POI
4172,,cafe,Point (24.9315798 60.1896243),24.9315798,60.1896243,POI
4173,,waste_basket,Point (24.9364103 60.1898627),24.9364103,60.1898627,POI
4174,Lemppari,hairdresser,Point (24.9320731 60.1659797),24.9320731,60.1659797,POI
4175,Alepa,convenience,Point (24.9228409 60.1641245),24.9228409,60.1641245,POI
4176,Studio Primero,hairdresser,Point (24.9309311 60.1666204),24.9309311,60.1666204,POI
4177,BLINIt,restaurant,Point (24.9451876 60.1879372),24.9451876,60.1879372,POI
4178,,waste_basket,Point (24.9370337 60.1899961),24.9370337,60.1899961,POI
4179,,waste_basket,Point (24.9364758 60.1906308),24.9364758,60.1906308,POI
4180,,waste_basket,Point (24.9367332 60.1890253),24.9367332,60.1890253,POI
4181,,waste_basket,Point (24.9366045 60.1883533),24.9366045,60.1883533,POI
4182,,waste_basket,Point (24.9339437 60.1877185),24.9339437,60.1877185,POI
4183,,bench,Point (24.9339652 60.1877239),24.9339652,60.1877239,POI
4184,,waste_basket,Point (24.9340725 60.1878412),24.9340725,60.1878412,POI
4185,,waste_basket,Point (24.9339715 60.1881805),24.9339715,60.1881805,POI
4186,,bench,Point (24.9339927 60.1881294),24.9339927,60.1881294,POI
4187,,bench,Point (24.9315619 60.1898414),24.9315619,60.1898414,POI
4188,,bench,Point (24.9293518 60.1897347),24.9293518,60.1897347,POI
4189,,waste_basket,Point (24.9294376 60.1897294),24.9294376,60.1897294,POI
4190,,waste_basket,Point (24.9289012 60.1896974),24.9289012,60.1896974,POI
4191,,toilet,Point (24.9878024 60.1452924),24.9878024,60.1452924,POI
4192,,camera_surveillance,Point (24.9704927 60.167455),24.9704927,60.167455,POI
4193,,post_box,Point (24.9528789 60.1843198),24.9528789,60.1843198,POI
4194,Roberts Coffee Cityk?yt?v?,cafe,Point (24.9416895 60.1692014),24.9416895,60.1692014,POI
4195,Santa Fe,restaurant,Point (24.9442808 60.1691795),24.9442808,60.1691795,POI
4196,La Torrefazione,cafe,Point (24.943798 60.168735),24.943798,60.168735,POI
4197,Amarillo,restaurant,Point (24.9449551 60.1687127),24.9449551,60.1687127,POI
4198,WTC Hair Care,hairdresser,Point (24.9450852 60.1693996),24.9450852,60.1693996,POI
4199,Terveystalo Keskuskatu,clinic,Point (24.9435041 60.1695572),24.9435041,60.1695572,POI
4200,Cafe Esplanad,cafe,Point (24.9446339 60.1678307),24.9446339,60.1678307,POI
4201,,waste_basket,Point (24.9449889 60.1818204),24.9449889,60.1818204,POI
4202,,waste_basket,Point (24.9452757 60.1819285),24.9452757,60.1819285,POI
4203,,waste_basket,Point (24.9453432 60.182112),24.9453432,60.182112,POI
4204,,waste_basket,Point (24.9458908 60.1822053),24.9458908,60.1822053,POI
4205,Seremonia,clothes,Point (24.9492066 60.1657419),24.9492066,60.1657419,POI
4206,,recycling_glass,Point (24.8789083 60.2063306),24.8789083,60.2063306,POI
4207,Sushi Wagocoro,restaurant,Point (24.9252267 60.1806844),24.9252267,60.1806844,POI
4208,DesignCafe Helsinki,cafe,Point (24.9556446 60.1940464),24.9556446,60.1940464,POI
4209,Pieni hyllykauppa,furniture_shop,Point (24.9557726 60.1941041),24.9557726,60.1941041,POI
4210,Sininen baari,restaurant,Point (24.9260637 60.171408),24.9260637,60.171408,POI
4211,Osteria dei Gusti,restaurant,Point (24.9316911 60.1734665),24.9316911,60.1734665,POI
4212,,camera_surveillance,Point (24.9686389 60.1685367),24.9686389,60.1685367,POI
4213,,camera_surveillance,Point (24.9591085 60.1680594),24.9591085,60.1680594,POI
4214,,bench,Point (24.9163877 60.1815671),24.9163877,60.1815671,POI
4215,,waste_basket,Point (24.8834071 60.2095231),24.8834071,60.2095231,POI
4216,,recycling_paper,Point (24.8845204 60.2095619),24.8845204,60.2095619,POI
4217,,waste_basket,Point (24.8858607 60.2097784),24.8858607,60.2097784,POI
4218,Ren He,restaurant,Point (24.8830782 60.2103371),24.8830782,60.2103371,POI
4219,Eira Plaza,fast_food,Point (24.9428135 60.160153),24.9428135,60.160153,POI
4220,La Maision,restaurant,Point (24.94215 60.1581847),24.94215,60.1581847,POI
4221,Haru Plus Sushi,restaurant,Point (24.941378 60.1635285),24.941378,60.1635285,POI
4222,Sushibar+wine,restaurant,Point (24.9404945 60.1644666),24.9404945,60.1644666,POI
4223,Wellamo,restaurant,Point (24.9684649 60.1684032),24.9684649,60.1684032,POI
4224,P?ivikki ja Sakari Sohlbergin kotimuseo,museum,Point (24.9673102 60.1672432),24.9673102,60.1672432,POI
4225,Ajanpesu,laundry,Point (24.9675084 60.1678845),24.9675084,60.1678845,POI
4226,Everest Nokka,restaurant,Point (24.9666238 60.1678809),24.9666238,60.1678809,POI
4227,,waste_basket,Point (24.9665172 60.1884445),24.9665172,60.1884445,POI
4228,,camera_surveillance,Point (24.9655685 60.1651677),24.9655685,60.1651677,POI
4229,,camera_surveillance,Point (24.9655418 60.1652354),24.9655418,60.1652354,POI
4230,,waste_basket,Point (24.9606672 60.1676495),24.9606672,60.1676495,POI
4231,,waste_basket,Point (24.8858649 60.2130625),24.8858649,60.2130625,POI
4232,,waste_basket,Point (24.9525183 60.1790106),24.9525183,60.1790106,POI
4233,,tower,Point (24.9187653 60.152077),24.9187653,60.152077,POI
4234,,tower,Point (24.9194036 60.1526709),24.9194036,60.1526709,POI
4235,P?iv?koti Katajanokka,kindergarten,Point (24.9670077 60.1669589),24.9670077,60.1669589,POI
4236,K-Market,convenience,Point (24.918532 60.1875733),24.918532,60.1875733,POI
4237,Hotelli- ja ravintolamuseo,museum,Point (24.9057582 60.1618537),24.9057582,60.1618537,POI
4238,Teatterimuseo,museum,Point (24.9056664 60.1620207),24.9056664,60.1620207,POI
4239,,camera_surveillance,Point (24.9591012 60.1809644),24.9591012,60.1809644,POI
4240,,camera_surveillance,Point (24.959122 60.1809653),24.959122,60.1809653,POI
4241,,camera_surveillance,Point (24.972601 60.1884056),24.972601,60.1884056,POI
4242,,camera_surveillance,Point (24.972743 60.1884659),24.972743,60.1884659,POI
4243,,camera_surveillance,Point (24.9712119 60.1887318),24.9712119,60.1887318,POI
4244,,camera_surveillance,Point (24.9710757 60.188802),24.9710757,60.188802,POI
4245,Kellohalli,restaurant,Point (24.9715124 60.1902937),24.9715124,60.1902937,POI
4246,,bench,Point (24.9288211 60.1907667),24.9288211,60.1907667,POI
4247,Fredi Pizzeria,restaurant,Point (24.9322975 60.1678465),24.9322975,60.1678465,POI
4248,Alepa,convenience,Point (24.9211177 60.1702945),24.9211177,60.1702945,POI
4249,Mekong,restaurant,Point (24.9267128 60.1665025),24.9267128,60.1665025,POI
4250,Passio,restaurant,Point (24.9371786 60.1671577),24.9371786,60.1671577,POI
4251,Bar Kaps?kki,restaurant,Point (24.964131 60.1902833),24.964131,60.1902833,POI
4252,Musiikkiteatteri Kaps?kki,theatre,Point (24.9641698 60.190423),24.9641698,60.190423,POI
4253,,camera_surveillance,Point (24.9498165 60.1657475),24.9498165,60.1657475,POI
4254,,camera_surveillance,Point (24.9692841 60.1663131),24.9692841,60.1663131,POI
4255,,bench,Point (24.968621 60.1664255),24.968621,60.1664255,POI
4256,,camera_surveillance,Point (24.9697716 60.1665327),24.9697716,60.1665327,POI
4257,,bench,Point (24.9698385 60.1667582),24.9698385,60.1667582,POI
4258,,bench,Point (24.9700653 60.1668126),24.9700653,60.1668126,POI
4259,,bench,Point (24.9698929 60.1669117),24.9698929,60.1669117,POI
4260,,bench,Point (24.9686778 60.1670776),24.9686778,60.1670776,POI
4261,,bench,Point (24.9691028 60.1672858),24.9691028,60.1672858,POI
4262,,bench,Point (24.9690923 60.1673535),24.9690923,60.1673535,POI
4263,,camera_surveillance,Point (24.9702093 60.1673865),24.9702093,60.1673865,POI
4264,,playground,Point (24.9697551 60.1675305),24.9697551,60.1675305,POI
4265,,bench,Point (24.9685805 60.1675541),24.9685805,60.1675541,POI
4266,,playground,Point (24.969419 60.1675726),24.969419,60.1675726,POI
4267,,bench,Point (24.9685741 60.1676376),24.9685741,60.1676376,POI
4268,,bench,Point (24.9685707 60.1676818),24.9685707,60.1676818,POI
4269,,waste_basket,Point (24.9684943 60.1677767),24.9684943,60.1677767,POI
4270,,bench,Point (24.9685925 60.1677868),24.9685925,60.1677868,POI
4271,,bench,Point (24.9686203 60.1677931),24.9686203,60.1677931,POI
4272,,bench,Point (24.9686869 60.1678083),24.9686869,60.1678083,POI
4273,,bench,Point (24.9687189 60.1678156),24.9687189,60.1678156,POI
4274,,bench,Point (24.9687978 60.1678336),24.9687978,60.1678336,POI
4275,,bench,Point (24.9688325 60.1678415),24.9688325,60.1678415,POI
4276,,bench,Point (24.9688724 60.1678506),24.9688724,60.1678506,POI
4277,,bench,Point (24.9689087 60.1678589),24.9689087,60.1678589,POI
4278,,bench,Point (24.9689726 60.1678735),24.9689726,60.1678735,POI
4279,,bench,Point (24.9690016 60.1678801),24.9690016,60.1678801,POI
4280,Ravintola Linnankellari,restaurant,Point (24.9691859 60.1665907),24.9691859,60.1665907,POI
4281,Lyhdynkantajat,artwork,Point (24.9412167 60.1707129),24.9412167,60.1707129,POI
4282,Lyhdynkantajat,artwork,Point (24.9412582 60.170714),24.9412582,60.170714,POI
4283,Lyhdynkantajat,artwork,Point (24.9417552 60.1707276),24.9417552,60.1707276,POI
4284,Lyhdynkantajat,artwork,Point (24.9417967 60.1707291),24.9417967,60.1707291,POI
4285,Terassi Linnanpiha,restaurant,Point (24.9690612 60.1667844),24.9690612,60.1667844,POI
4286,Plein,restaurant,Point (24.9584862 60.1934813),24.9584862,60.1934813,POI
4287,Ravintola H?meentie,restaurant,Point (24.9604862 60.1845637),24.9604862,60.1845637,POI
4288,Cafetoria roastery,cafe,Point (24.923091 60.1733414),24.923091,60.1733414,POI
4289,Cafe 7,cafe,Point (24.8844072 60.1985731),24.8844072,60.1985731,POI
4290,Ravintola Lumbini,restaurant,Point (24.8837856 60.1998115),24.8837856,60.1998115,POI
4291,Munkkiniemen Pizzeria Kebab,fast_food,Point (24.8844468 60.1984807),24.8844468,60.1984807,POI
4292,Pikku Baari,pub,Point (24.8837107 60.1999549),24.8837107,60.1999549,POI
4293,T`UOMO Menswear,clothes,Point (24.9425106 60.1664027),24.9425106,60.1664027,POI
4294,Venezuelan suurl?hetyst?,embassy,Point (24.9425828 60.166521),24.9425828,60.166521,POI
4295,SmartEat,restaurant,Point (24.8748019 60.2167704),24.8748019,60.2167704,POI
4296,Lunch Factory,restaurant,Point (24.8792938 60.2179249),24.8792938,60.2179249,POI
4297,Variantti,restaurant,Point (24.8779023 60.2176986),24.8779023,60.2176986,POI
4298,Lounasbistro Dylan Milk,restaurant,Point (24.909249 60.1649528),24.909249,60.1649528,POI
4299,,waste_basket,Point (24.9686857 60.1674966),24.9686857,60.1674966,POI
4300,,waste_basket,Point (24.9295118 60.1763315),24.9295118,60.1763315,POI
4301,Munkkiniemen Puisto apteekki,pharmacy,Point (24.8789126 60.1978791),24.8789126,60.1978791,POI
4302,Brooklyn Cafe,cafe,Point (24.9418403 60.1610618),24.9418403,60.1610618,POI
4303,Giwa,restaurant,Point (24.9350075 60.1637879),24.9350075,60.1637879,POI
4304,,vending_parking,Point (24.942843 60.18636),24.942843,60.18636,POI
4305,Ravintola Central,restaurant,Point (24.946711 60.1572739),24.946711,60.1572739,POI
4306,,post_box,Point (24.9390212 60.1649014),24.9390212,60.1649014,POI
4307,Kallio Snadi Pub,pub,Point (24.9511895 60.1815265),24.9511895,60.1815265,POI
4308,Flavour Heaven,restaurant,Point (24.9588779 60.1796731),24.9588779,60.1796731,POI
4309,,bench,Point (24.9775025 60.2128857),24.9775025,60.2128857,POI
4310,,bench,Point (24.9775693 60.2129718),24.9775693,60.2129718,POI
4311,Diva Boutique Helsinki,clothes,Point (24.9636334 60.1889975),24.9636334,60.1889975,POI
4312,AK Nails Kynsistudio,beauty_shop,Point (24.9532414 60.1791558),24.9532414,60.1791558,POI
4313,Hakaniemen Lihakauppa,butcher,Point (24.9532606 60.1785865),24.9532606,60.1785865,POI
4314,RH Hair & Beauty,hairdresser,Point (24.9523225 60.1800784),24.9523225,60.1800784,POI
4315,Hermannin Pizza,fast_food,Point (24.9665342 60.1947551),24.9665342,60.1947551,POI
4316,Palema,restaurant,Point (24.9713916 60.1898954),24.9713916,60.1898954,POI
4317,SIXT,car_rental,Point (24.9721969 60.1894936),24.9721969,60.1894936,POI
4318,Puutarhurinverstas,garden_centre,Point (24.9675625 60.1870752),24.9675625,60.1870752,POI
4319,,waste_basket,Point (24.9252759 60.1771015),24.9252759,60.1771015,POI
4320,Beard Park Cafe,cafe,Point (24.9518973 60.1843224),24.9518973,60.1843224,POI
4321,,camera_surveillance,Point (24.9533581 60.1677707),24.9533581,60.1677707,POI
4322,Alfamer,bookshop,Point (24.9486071 60.1724227),24.9486071,60.1724227,POI
4323,Bar Haven,bar,Point (24.9515553 60.1664528),24.9515553,60.1664528,POI
4324,Bar Socis,bar,Point (24.9399383 60.1700788),24.9399383,60.1700788,POI
4325,Ho Khao,restaurant,Point (24.949086 60.1657275),24.949086,60.1657275,POI
4326,Eromanga,cafe,Point (24.9503329 60.1655788),24.9503329,60.1655788,POI
4327,Cafe Le Paris,cafe,Point (24.9626078 60.1677726),24.9626078,60.1677726,POI
4328,R-Kioski,kiosk,Point (24.9456409 60.1583474),24.9456409,60.1583474,POI
4329,Sushi'n'Roll,restaurant,Point (24.9455455 60.1571703),24.9455455,60.1571703,POI
4330,Karaoke Bar Erottaja,pub,Point (24.9441676 60.1658598),24.9441676,60.1658598,POI
4331,Natura Restaurant,restaurant,Point (24.9422917 60.1636399),24.9422917,60.1636399,POI
4332,Caf¨¦ Bar No 9,cafe,Point (24.9419103 60.1649537),24.9419103,60.1649537,POI
4333,avgust,restaurant,Point (24.9420466 60.1650264),24.9420466,60.1650264,POI
4334,UFF,recycling_clothes,Point (24.939394 60.1929401),24.939394,60.1929401,POI
4335,,waste_basket,Point (24.9424182 60.1865823),24.9424182,60.1865823,POI
4336,Green Room,nightclub,Point (24.9284546 60.1701795),24.9284546,60.1701795,POI
4337,Cafe Brahe,cafe,Point (24.948094 60.1881205),24.948094,60.1881205,POI
4338,Ravintola Romano,restaurant,Point (24.9480685 60.1876496),24.9480685,60.1876496,POI
4339,Her??m?,bar,Point (24.961613 60.1966469),24.961613,60.1966469,POI
4340,Taverna Zorbas,restaurant,Point (24.9480835 60.1875729),24.9480835,60.1875729,POI
4341,K-Market,convenience,Point (24.9233761 60.1700887),24.9233761,60.1700887,POI
4342,Ap¨¦ro,pub,Point (24.929478 60.1642259),24.929478,60.1642259,POI
4343,Konstan M?lj?,restaurant,Point (24.9267499 60.163951),24.9267499,60.163951,POI
4344,,waste_basket,Point (24.9310656 60.1933525),24.9310656,60.1933525,POI
4345,Base Bar,pub,Point (24.9395138 60.1679537),24.9395138,60.1679537,POI
4346,Haiku,restaurant,Point (24.9367976 60.1697396),24.9367976,60.1697396,POI
4347,Parilla Espanola,restaurant,Point (24.9370678 60.1677156),24.9370678,60.1677156,POI
4348,,car_sharing,Point (24.9402795 60.1684827),24.9402795,60.1684827,POI
4349,Kin Sushi Helsinki,restaurant,Point (24.9413842 60.1672111),24.9413842,60.1672111,POI
4350,KarlJohan,restaurant,Point (24.9389781 60.1680709),24.9389781,60.1680709,POI
4351,Iguana,restaurant,Point (24.940823 60.1679089),24.940823,60.1679089,POI
4352,Bona Fide,restaurant,Point (24.9555756 60.1722304),24.9555756,60.1722304,POI
4353,Caf¨¦ Johan & Nystr?m,cafe,Point (24.9601659 60.1690278),24.9601659,60.1690278,POI
4354,Vaelsa,restaurant,Point (24.9537498 60.1680589),24.9537498,60.1680589,POI
4355,Ravintola Nokka,restaurant,Point (24.9611588 60.1690544),24.9611588,60.1690544,POI
4356,Baicha,restaurant,Point (24.9175602 60.1892609),24.9175602,60.1892609,POI
4357,Caf¨¦ Aalto,cafe,Point (24.9436721 60.1681979),24.9436721,60.1681979,POI
4358,Fazer 8th Floor,food_court,Point (24.9422713 60.1684514),24.9422713,60.1684514,POI
4359,Musiikkitalon kahvila,cafe,Point (24.9356748 60.1735667),24.9356748,60.1735667,POI
4360,Simonkentt?,bar,Point (24.9350579 60.1691969),24.9350579,60.1691969,POI
4361,,waste_basket,Point (24.9217267 60.1765676),24.9217267,60.1765676,POI
4362,,waste_basket,Point (24.9236887 60.1791412),24.9236887,60.1791412,POI
4363,Korjausompelimo Mabell,clothes,Point (24.9257656 60.1682281),24.9257656,60.1682281,POI
4364,Eduskuntatalo,tourist_info,Point (24.9334181 60.173271),24.9334181,60.173271,POI
4365,,camera_surveillance,Point (24.9274963 60.1816225),24.9274963,60.1816225,POI
4366,,post_box,Point (24.9637278 60.1880699),24.9637278,60.1880699,POI
4367,,camera_surveillance,Point (24.951372 60.1666686),24.951372,60.1666686,POI
4368,,camera_surveillance,Point (24.9514371 60.1660393),24.9514371,60.1660393,POI
4369,,camera_surveillance,Point (24.9477285 60.1650443),24.9477285,60.1650443,POI
4370,,camera_surveillance,Point (24.9503971 60.1657544),24.9503971,60.1657544,POI
4371,,camera_surveillance,Point (24.9504533 60.1657562),24.9504533,60.1657562,POI
4372,,camera_surveillance,Point (24.9522816 60.1656603),24.9522816,60.1656603,POI
4373,,camera_surveillance,Point (24.9523094 60.1660607),24.9523094,60.1660607,POI
4374,,camera_surveillance,Point (24.9522784 60.1663847),24.9522784,60.1663847,POI
4375,,camera_surveillance,Point (24.952278 60.1663886),24.952278,60.1663886,POI
4376,GLO Hotel Art,hotel,Point (24.931939 60.1642259),24.931939,60.1642259,POI
4377,,waste_basket,Point (24.9810545 60.2156573),24.9810545,60.2156573,POI
4378,Kaiku,nightclub,Point (24.9599029 60.1837586),24.9599029,60.1837586,POI
4379,,post_box,Point (24.9477931 60.1717561),24.9477931,60.1717561,POI
4380,Sunny Bay,restaurant,Point (24.9377989 60.1755966),24.9377989,60.1755966,POI
4381,Casa Mare,restaurant,Point (24.8771586 60.16011),24.8771586,60.16011,POI
4382,Pizza Express Lauttasaari,fast_food,Point (24.8866571 60.1609887),24.8866571,60.1609887,POI
4383,R-Kioski,kiosk,Point (24.9420592 60.1727638),24.9420592,60.1727638,POI
4384,Petisco,bar,Point (24.9346203 60.157655),24.9346203,60.157655,POI
4385,Fafa's Iso Roba,fast_food,Point (24.9439565 60.1639978),24.9439565,60.1639978,POI
4386,Cafe K?ket,cafe,Point (24.9513306 60.1689056),24.9513306,60.1689056,POI
4387,,camera_surveillance,Point (24.9619543 60.1671243),24.9619543,60.1671243,POI
4388,Svenska Klubben,restaurant,Point (24.9595675 60.174081),24.9595675,60.174081,POI
4389,K-Market,convenience,Point (24.9810799 60.1850153),24.9810799,60.1850153,POI
4390,,camera_surveillance,Point (24.9622727 60.1839435),24.9622727,60.1839435,POI
4391,El?intarhan hyppyrim?ki,ruins,Point (24.9383426 60.1895857),24.9383426,60.1895857,POI
4392,,waste_basket,Point (24.9648135 60.1906686),24.9648135,60.1906686,POI
4393,Olutravintola Katajanmarja,pub,Point (24.969605 60.1658539),24.969605,60.1658539,POI
4394,Wrap And Roll,restaurant,Point (24.9062799 60.1938757),24.9062799,60.1938757,POI
4395,Salon Risto Helin,hairdresser,Point (24.9217545 60.1763187),24.9217545,60.1763187,POI
4396,,camera_surveillance,Point (24.951874 60.1649002),24.951874,60.1649002,POI
4397,,camera_surveillance,Point (24.9523106 60.1649118),24.9523106,60.1649118,POI
4398,,camera_surveillance,Point (24.959094 60.1698817),24.959094,60.1698817,POI
4399,,camera_surveillance,Point (24.9591026 60.1698854),24.9591026,60.1698854,POI
4400,,camera_surveillance,Point (24.9594902 60.1702324),24.9594902,60.1702324,POI
4401,,camera_surveillance,Point (24.9595527 60.1703704),24.9595527,60.1703704,POI
4402,,camera_surveillance,Point (24.9596712 60.1706026),24.9596712,60.1706026,POI
4403,,waste_basket,Point (24.9556885 60.1765673),24.9556885,60.1765673,POI
4404,,camera_surveillance,Point (24.9562015 60.1784022),24.9562015,60.1784022,POI
4405,,camera_surveillance,Point (24.9675821 60.1850308),24.9675821,60.1850308,POI
4406,,camera_surveillance,Point (24.9494447 60.1666886),24.9494447,60.1666886,POI
4407,,waste_basket,Point (24.9491056 60.1673119),24.9491056,60.1673119,POI
4408,,tower,Point (24.8815086 60.1987458),24.8815086,60.1987458,POI
4409,,waste_basket,Point (24.9492218 60.1977037),24.9492218,60.1977037,POI
4410,,waste_basket,Point (24.952903 60.1963154),24.952903,60.1963154,POI
4411,,waste_basket,Point (24.955961 60.1949388),24.955961,60.1949388,POI
4412,,waste_basket,Point (24.9559782 60.1950534),24.9559782,60.1950534,POI
4413,,waste_basket,Point (24.9561928 60.194825),24.9561928,60.194825,POI
4414,,waste_basket,Point (24.9624674 60.1966679),24.9624674,60.1966679,POI
4415,Tilastokirjasto,library,Point (24.9764033 60.1879376),24.9764033,60.1879376,POI
4416,Locanda Scappi,restaurant,Point (24.9633725 60.1666914),24.9633725,60.1666914,POI
4417,Putte's Bar & Pizza,restaurant,Point (24.9388075 60.1675009),24.9388075,60.1675009,POI
4418,Suomenlinna-museo,museum,Point (24.9879402 60.1450738),24.9879402,60.1450738,POI
4419,,waste_basket,Point (24.9833205 60.1489397),24.9833205,60.1489397,POI
4420,,toilet,Point (24.9862982 60.1444464),24.9862982,60.1444464,POI
4421,City Kebab Pizza,fast_food,Point (24.9563132 60.1884789),24.9563132,60.1884789,POI
4422,Zaap,restaurant,Point (24.9391836 60.1736974),24.9391836,60.1736974,POI
4423,,camera_surveillance,Point (24.9783416 60.2119945),24.9783416,60.2119945,POI
4424,,camera_surveillance,Point (24.9784979 60.2121903),24.9784979,60.2121903,POI
4425,,camera_surveillance,Point (24.9730535 60.1882726),24.9730535,60.1882726,POI
4426,,camera_surveillance,Point (24.9730541 60.1882783),24.9730541,60.1882783,POI
4427,Kukkakauppa Puntti,florist,Point (24.9525905 60.1898894),24.9525905,60.1898894,POI
4428,,camera_surveillance,Point (24.9331612 60.1982938),24.9331612,60.1982938,POI
4429,Classic Bike,bicycle_shop,Point (24.9247184 60.1844288),24.9247184,60.1844288,POI
4430,Wall St. Bar,pub,Point (24.9435624 60.1697673),24.9435624,60.1697673,POI
4431,,toilet,Point (24.9030993 60.1617052),24.9030993,60.1617052,POI
4432,Kaapeli toimisto,tourist_info,Point (24.9032135 60.1615905),24.9032135,60.1615905,POI
4433,Zodiak - Uuden tanssin keskus,theatre,Point (24.9039948 60.1620511),24.9039948,60.1620511,POI
4434,Stella Polaris Improvisaatioteatteri,theatre,Point (24.9046491 60.1621565),24.9046491,60.1621565,POI
4435,Kampin Parturi H&B Grooming,hairdresser,Point (24.9341323 60.1703576),24.9341323,60.1703576,POI
4436,,picnic_site,Point (24.8687085 60.1716273),24.8687085,60.1716273,POI
4437,,toilet,Point (24.8686369 60.1724754),24.8686369,60.1724754,POI
4438,,restaurant,Point (24.8685867 60.1725218),24.8685867,60.1725218,POI
4439,,picnic_site,Point (24.8679672 60.1725459),24.8679672,60.1725459,POI
4440,Bryggeri Helsinki,restaurant,Point (24.9520069 60.1682598),24.9520069,60.1682598,POI
4441,Helsingin Kahvipaahtimo,cafe,Point (24.9590555 60.1915719),24.9590555,60.1915719,POI
4442,Aurinkokuntamalli,tourist_info,Point (24.8785586 60.21456),24.8785586,60.21456,POI
4443,,fountain,Point (24.896473 60.1863794),24.896473,60.1863794,POI
4444,,toilet,Point (24.98381 60.1746831),24.98381,60.1746831,POI
4445,Pukki-patsas,artwork,Point (24.9837403 60.1749941),24.9837403,60.1749941,POI
4446,Tali Caf¨¦,cafe,Point (24.8790544 60.2103619),24.8790544,60.2103619,POI
4447,Caf¨¦ Artist,cafe,Point (24.9429425 60.1674024),24.9429425,60.1674024,POI
4448,Starbucks,cafe,Point (24.9433225 60.1678073),24.9433225,60.1678073,POI
4449,Paperikauppa Putinki,stationery,Point (24.9224669 60.1786561),24.9224669,60.1786561,POI
4450,Parturiliike Jatta Haahti,hairdresser,Point (24.922296 60.1777597),24.922296,60.1777597,POI
4451,Poslin,beauty_shop,Point (24.9243142 60.1716655),24.9243142,60.1716655,POI
4452,I Love Beauty,beauty_shop,Point (24.9245675 60.1807897),24.9245675,60.1807897,POI
4453,Hare,hairdresser,Point (24.9246253 60.1808159),24.9246253,60.1808159,POI
4454,Hair Sensation,hairdresser,Point (24.9238005 60.1801944),24.9238005,60.1801944,POI
4455,Huvikumpu,hairdresser,Point (24.9249745 60.1809737),24.9249745,60.1809737,POI
4456,,camera_surveillance,Point (24.9261921 60.1814529),24.9261921,60.1814529,POI
4457,,waste_basket,Point (24.9493207 60.1675716),24.9493207,60.1675716,POI
4458,Il Siciliano,restaurant,Point (24.9491166 60.1688443),24.9491166,60.1688443,POI
4459,Pastor,restaurant,Point (24.943352 60.1660454),24.943352,60.1660454,POI
4460,SOL,laundry,Point (24.9223305 60.175601),24.9223305,60.175601,POI
4461,Antikvariaatti,bookshop,Point (24.9242065 60.1799359),24.9242065,60.1799359,POI
4462,,shelter,Point (24.9237058 60.1791779),24.9237058,60.1791779,POI
4463,L?rtist,hairdresser,Point (24.9257921 60.1748657),24.9257921,60.1748657,POI
4464,,post_box,Point (24.8694421 60.2176362),24.8694421,60.2176362,POI
4465,,tourist_info,Point (24.9595622 60.1548235),24.9595622,60.1548235,POI
4466,,picnic_site,Point (24.9468949 60.1553653),24.9468949,60.1553653,POI
4467,,picnic_site,Point (24.9470047 60.1554039),24.9470047,60.1554039,POI
4468,Sabotage,artwork,Point (24.9570114 60.1508075),24.9570114,60.1508075,POI
4469,,bench,Point (24.9599701 60.149644),24.9599701,60.149644,POI
4470,,bench,Point (24.9599497 60.1496662),24.9599497,60.1496662,POI
4471,,tourist_info,Point (24.956013 60.1506489),24.956013,60.1506489,POI
4472,,viewpoint,Point (24.9569754 60.1507455),24.9569754,60.1507455,POI
4473,,bench,Point (24.9563925 60.1508246),24.9563925,60.1508246,POI
4474,,bench,Point (24.9564358 60.1508297),24.9564358,60.1508297,POI
4475,,bench,Point (24.9563798 60.1508443),24.9563798,60.1508443,POI
4476,,attraction,Point (24.9579913 60.1512022),24.9579913,60.1512022,POI
4477,Aurinkos?hk?paneeli,attraction,Point (24.9579548 60.1512178),24.9579548,60.1512178,POI
4478,,waste_basket,Point (24.9572374 60.1516968),24.9572374,60.1516968,POI
4479,,tourist_info,Point (24.9574229 60.1517585),24.9574229,60.1517585,POI
4480,,tourist_info,Point (24.9573445 60.1518196),24.9573445,60.1518196,POI
4481,,attraction,Point (24.9573102 60.1518639),24.9573102,60.1518639,POI
4482,Siam Thai Modern Restaurant,restaurant,Point (24.9190387 60.1602447),24.9190387,60.1602447,POI
4483,,waste_basket,Point (24.9419195 60.1862485),24.9419195,60.1862485,POI
4484,,waste_basket,Point (24.9452132 60.1865427),24.9452132,60.1865427,POI
4485,,waste_basket,Point (24.945055 60.1865449),24.945055,60.1865449,POI
4486,,waste_basket,Point (24.9462053 60.1866134),24.9462053,60.1866134,POI
4487,,bench,Point (24.9462212 60.1866213),24.9462212,60.1866213,POI
4488,,bench,Point (24.9462599 60.1866377),24.9462599,60.1866377,POI
4489,,bench,Point (24.9464942 60.1867203),24.9464942,60.1867203,POI
4490,,waste_basket,Point (24.9464544 60.1867209),24.9464544,60.1867209,POI
4491,,waste_basket,Point (24.9474533 60.1866321),24.9474533,60.1866321,POI
4492,Sushibar + Wine,restaurant,Point (24.9202531 60.1839311),24.9202531,60.1839311,POI
4493,,post_box,Point (24.9416223 60.1841454),24.9416223,60.1841454,POI
4494,,waste_basket,Point (24.955586 60.2167027),24.955586,60.2167027,POI
4495,,waste_basket,Point (24.9558477 60.2162357),24.9558477,60.2162357,POI
4496,Iguana Keskuskatu,pub,Point (24.9426021 60.1692962),24.9426021,60.1692962,POI
4497,Preporte,clothes,Point (24.9352741 60.1653923),24.9352741,60.1653923,POI
4498,,car_sharing,Point (24.9353892 60.1654177),24.9353892,60.1654177,POI
4499,,post_box,Point (24.9230399 60.1629693),24.9230399,60.1629693,POI
4500,,camera_surveillance,Point (24.9640179 60.1669872),24.9640179,60.1669872,POI
4501,Pasilan nuorisotalo,community_centre,Point (24.9266698 60.1971061),24.9266698,60.1971061,POI
4502,Alfona Fashion Style,hairdresser,Point (24.9530061 60.1861148),24.9530061,60.1861148,POI
4503,Salon Fleming,hairdresser,Point (24.9530085 60.18604),24.9530085,60.18604,POI
4504,,waste_basket,Point (24.9858892 60.2150349),24.9858892,60.2150349,POI
4505,,waste_basket,Point (24.9157922 60.2033969),24.9157922,60.2033969,POI
4506,,bench,Point (24.9145473 60.204461),24.9145473,60.204461,POI
4507,,waste_basket,Point (24.907355 60.2027234),24.907355,60.2027234,POI
4508,,waste_basket,Point (24.914253 60.2045267),24.914253,60.2045267,POI
4509,Hius & Harja,hairdresser,Point (24.9227423 60.2006458),24.9227423,60.2006458,POI
4510,,artwork,Point (24.9235561 60.2008361),24.9235561,60.2008361,POI
4511,Salon Aretta,hairdresser,Point (24.923884 60.1999514),24.923884,60.1999514,POI
4512,,post_box,Point (24.9215981 60.2010486),24.9215981,60.2010486,POI
4513,,artwork,Point (24.9220525 60.2013817),24.9220525,60.2013817,POI
4514,,waste_basket,Point (24.9217384 60.2016155),24.9217384,60.2016155,POI
4515,,waste_basket,Point (24.921217 60.2018105),24.921217,60.2018105,POI
4516,,recycling_clothes,Point (24.9206286 60.2014465),24.9206286,60.2014465,POI
4517,,bench,Point (24.9207627 60.2006013),24.9207627,60.2006013,POI
4518,,waste_basket,Point (24.9208477 60.20046),24.9208477,60.20046,POI
4519,,camera_surveillance,Point (24.9256482 60.2005868),24.9256482,60.2005868,POI
4520,,post_box,Point (24.9827186 60.1796492),24.9827186,60.1796492,POI
4521,,drinking_water,Point (24.9827586 60.1796759),24.9827586,60.1796759,POI
4522,,camera_surveillance,Point (24.92372 60.2017087),24.92372,60.2017087,POI
4523,Cafe Agricola,cafe,Point (24.9382781 60.1584438),24.9382781,60.1584438,POI
4524,,waste_basket,Point (24.9292308 60.1888836),24.9292308,60.1888836,POI
4525,Ty?v?enasuntomuseo ja puoti,museum,Point (24.9458322 60.1894098),24.9458322,60.1894098,POI
4526,Pure Hairdressing,hairdresser,Point (24.9531782 60.1893242),24.9531782,60.1893242,POI
4527,,waste_basket,Point (24.9290563 60.1918293),24.9290563,60.1918293,POI
4528,,waste_basket,Point (24.9289239 60.1918951),24.9289239,60.1918951,POI
4529,,waste_basket,Point (24.9288418 60.1919489),24.9288418,60.1919489,POI
4530,Vihre? planeetta,bookshop,Point (24.9509177 60.180744),24.9509177,60.180744,POI
4531,,camera_surveillance,Point (24.9377217 60.1920104),24.9377217,60.1920104,POI
4532,,camera_surveillance,Point (24.9372784 60.1920363),24.9372784,60.1920363,POI
4533,,waste_basket,Point (24.9396292 60.192961),24.9396292,60.192961,POI
4534,,waste_basket,Point (24.9427665 60.1917226),24.9427665,60.1917226,POI
4535,Salon Alppihius,hairdresser,Point (24.9441562 60.1915031),24.9441562,60.1915031,POI
4536,,bench,Point (24.9477039 60.1893288),24.9477039,60.1893288,POI
4537,,waste_basket,Point (24.9476718 60.1893335),24.9476718,60.1893335,POI
4538,,waste_basket,Point (24.9492069 60.1891674),24.9492069,60.1891674,POI
4539,,waste_basket,Point (24.9695851 60.2177084),24.9695851,60.2177084,POI
4540,Ravintola Juurakko,restaurant,Point (24.9363253 60.1966332),24.9363253,60.1966332,POI
4541,,waste_basket,Point (24.9237119 60.171456),24.9237119,60.171456,POI
4542,L??k?rikeskus MEDFIN,doctors,Point (24.9165154 60.1639672),24.9165154,60.1639672,POI
4543,Miinanraivaajien muistomerkki,memorial,Point (24.9676698 60.1692223),24.9676698,60.1692223,POI
4544,,cafe,Point (24.9234435 60.1913706),24.9234435,60.1913706,POI
4545,,bench,Point (24.9235523 60.1914393),24.9235523,60.1914393,POI
4546,,waste_basket,Point (24.9237386 60.1914544),24.9237386,60.1914544,POI
4547,,bench,Point (24.9235368 60.1914559),24.9235368,60.1914559,POI
4548,,bench,Point (24.9237209 60.191465),24.9237209,60.191465,POI
4549,,waste_basket,Point (24.9237823 60.1914685),24.9237823,60.1914685,POI
4550,,bench,Point (24.9237675 60.1914774),24.9237675,60.1914774,POI
4551,,bench,Point (24.9234332 60.1915224),24.9234332,60.1915224,POI
4552,,bench,Point (24.9234393 60.1915606),24.9234393,60.1915606,POI
4553,,waste_basket,Point (24.9235739 60.1915738),24.9235739,60.1915738,POI
4554,,bench,Point (24.9235645 60.1915857),24.9235645,60.1915857,POI
4555,,bench,Point (24.9235483 60.1916044),24.9235483,60.1916044,POI
4556,,waste_basket,Point (24.9240091 60.191616),24.9240091,60.191616,POI
4557,,camera_surveillance,Point (24.9481386 60.2021719),24.9481386,60.2021719,POI
4558,,camera_surveillance,Point (24.9481344 60.2024127),24.9481344,60.2024127,POI
4559,,camera_surveillance,Point (24.9481352 60.2024202),24.9481352,60.2024202,POI
4560,,waste_basket,Point (24.9652455 60.2100531),24.9652455,60.2100531,POI
4561,Hair clip,hairdresser,Point (24.8867393 60.1609957),24.8867393,60.1609957,POI
4562,Stone's Beer & Burgers,pub,Point (24.9426109 60.1691699),24.9426109,60.1691699,POI
4563,Kaarlo Juho St?hlberg,memorial,Point (24.9163617 60.1706067),24.9163617,60.1706067,POI
4564,Urho Kaleva Kekkosen hauta,memorial,Point (24.9098398 60.1724153),24.9098398,60.1724153,POI
4565,,post_box,Point (24.9334119 60.1694074),24.9334119,60.1694074,POI
4566,Sokerileipuri Suominen,bakery,Point (24.95501 60.168236),24.95501,60.168236,POI
4567,Kes?kino Engel,cinema,Point (24.95177 60.168744),24.95177,60.168744,POI
4568,Kino Engel,cinema,Point (24.9519931 60.1686498),24.9519931,60.1686498,POI
4569,Kino K13,cinema,Point (24.9658423 60.1653187),24.9658423,60.1653187,POI
4570,,waste_basket,Point (24.965207 60.1976904),24.965207,60.1976904,POI
4571,T??l? 37,restaurant,Point (24.9226838 60.1823148),24.9226838,60.1823148,POI
4572,Proud Optiikka,optician,Point (24.9464918 60.1623213),24.9464918,60.1623213,POI
4573,,waste_basket,Point (24.9453452 60.16341),24.9453452,60.16341,POI
4574,Nuud Helsinki,beauty_shop,Point (24.9272703 60.1761099),24.9272703,60.1761099,POI
4575,,toilet,Point (24.9035969 60.1619574),24.9035969,60.1619574,POI
4576,,toilet,Point (24.9025548 60.1617386),24.9025548,60.1617386,POI
4577,,toilet,Point (24.9037645 60.1616391),24.9037645,60.1616391,POI
4578,,toilet,Point (24.9046322 60.1618406),24.9046322,60.1618406,POI
4579,,toilet,Point (24.9030309 60.1614189),24.9030309,60.1614189,POI
4580,Haaga-Helia ammattikorkeakoulu Haagan kampus,university,Point (24.9065251 60.2179279),24.9065251,60.2179279,POI
4581,Lemon Bar Karaoke & Pub,pub,Point (24.8980558 60.2122802),24.8980558,60.2122802,POI
4582,Pobre,restaurant,Point (24.939832 60.1649656),24.939832,60.1649656,POI
4583,,camera_surveillance,Point (24.9625135 60.202876),24.9625135,60.202876,POI
4584,,camera_surveillance,Point (24.9626583 60.2029922),24.9626583,60.2029922,POI
4585,R-Kioski,kiosk,Point (24.9402287 60.1703692),24.9402287,60.1703692,POI
4586,Antell,restaurant,Point (24.9344395 60.1710061),24.9344395,60.1710061,POI
4587,,waste_basket,Point (24.9703227 60.163915),24.9703227,60.163915,POI
4588,,vending_parking,Point (24.9701885 60.164041),24.9701885,60.164041,POI
4589,,waste_basket,Point (24.9688374 60.1641624),24.9688374,60.1641624,POI
4590,,waste_basket,Point (24.9706525 60.1643324),24.9706525,60.1643324,POI
4591,Burger King,fast_food,Point (24.9406854 60.1680048),24.9406854,60.1680048,POI
4592,Nik's Barber,hairdresser,Point (24.8999905 60.2121937),24.8999905,60.2121937,POI
4593,Kalle Sport,sports_shop,Point (24.8988189 60.2129959),24.8988189,60.2129959,POI
4594,Pizzeria Shine,fast_food,Point (24.8953478 60.2038685),24.8953478,60.2038685,POI
4595,Pizza House,fast_food,Point (24.8942642 60.1957985),24.8942642,60.1957985,POI
4596,,post_box,Point (24.8982979 60.2120757),24.8982979,60.2120757,POI
4597,Haagan Leip?,bakery,Point (24.893304 60.2111235),24.893304,60.2111235,POI
4598,Mr. Lau,restaurant,Point (24.8893026 60.2099594),24.8893026,60.2099594,POI
4599,Chalupa,restaurant,Point (24.939878 60.1599789),24.939878,60.1599789,POI
4600,Len's Keishoku bar,restaurant,Point (24.9408787 60.1605651),24.9408787,60.1605651,POI
4601,Peninsula,restaurant,Point (24.9614441 60.1668581),24.9614441,60.1668581,POI
4602,,waste_basket,Point (24.9184386 60.1751105),24.9184386,60.1751105,POI
4603,,car_sharing,Point (24.9177572 60.1852433),24.9177572,60.1852433,POI
4604,K-Market,convenience,Point (24.9367563 60.1656379),24.9367563,60.1656379,POI
4605,Kotipizza,fast_food,Point (24.9361725 60.1656877),24.9361725,60.1656877,POI
4606,Food and Co Ruoholahti,restaurant,Point (24.9153288 60.1640164),24.9153288,60.1640164,POI
4607,Delal Pizza & Kebab,fast_food,Point (24.8877798 60.2117202),24.8877798,60.2117202,POI
4608,,bench,Point (24.8976557 60.2101198),24.8976557,60.2101198,POI
4609,Espresso House,cafe,Point (24.947208 60.1715271),24.947208,60.1715271,POI
4610,Soihtu / Miina Sillanp??n muistomerkki,memorial,Point (24.9463911 60.1805346),24.9463911,60.1805346,POI
4611,Thalia ja Pegasos,artwork,Point (24.9418425 60.1812634),24.9418425,60.1812634,POI
4612,Lasse Vir¨¦nin juoksijapatsas,memorial,Point (24.9262981 60.1838398),24.9262981,60.1838398,POI
4613,Tauno Palo,memorial,Point (24.9449433 60.1860484),24.9449433,60.1860484,POI
4614,Gunnar B?rlund,artwork,Point (24.9608679 60.1967316),24.9608679,60.1967316,POI
4615,Johan Vilhelm Snellman,memorial,Point (24.9530032 60.1711983),24.9530032,60.1711983,POI
4616,Leo Mechelin,memorial,Point (24.9537217 60.1710623),24.9537217,60.1710623,POI
4617,Maan laulu,artwork,Point (24.9550392 60.1786005),24.9550392,60.1786005,POI
4618,Mesik?mmen muurahaispes?ll?,artwork,Point (24.9521643 60.184002),24.9521643,60.184002,POI
4619,Osuustoiminta,artwork,Point (24.9615278 60.1858078),24.9615278,60.1858078,POI
4620,Moduli,artwork,Point (24.9384302 60.1860121),24.9384302,60.1860121,POI
4621,Topelius ja lapset,memorial,Point (24.9457447 60.1634023),24.9457447,60.1634023,POI
4622,Kotkia,artwork,Point (24.9449092 60.1760111),24.9449092,60.1760111,POI
4623,Georg Malmst¨¦n,memorial,Point (24.9275363 60.1713378),24.9275363,60.1713378,POI
4624,M. A. Castr¨¦n,memorial,Point (24.9322872 60.1742099),24.9322872,60.1742099,POI
4625,Pyh? Yrj?n? ja lohik??rme,artwork,Point (24.9299645 60.173939),24.9299645,60.173939,POI
4626,Maaemo suojelee poikaansa,memorial,Point (24.8769625 60.1922154),24.8769625,60.1922154,POI
4627,,camera_surveillance,Point (24.9705944 60.188872),24.9705944,60.188872,POI
4628,,vending_parking,Point (24.9384457 60.2005527),24.9384457,60.2005527,POI
4629,,waste_basket,Point (24.9440129 60.1869382),24.9440129,60.1869382,POI
4630,"Hei, Hei'Tukka",hairdresser,Point (24.9594486 60.1955222),24.9594486,60.1955222,POI
4631,Chalupa,restaurant,Point (24.9567143 60.1941228),24.9567143,60.1941228,POI
4632,Saldopiste,atm,Point (24.9603138 60.1959577),24.9603138,60.1959577,POI
4633,Anielka,beauty_shop,Point (24.9596186 60.1955976),24.9596186,60.1955976,POI
4634,Rinnakkaiselo-reliefi,artwork,Point (24.9485116 60.178568),24.9485116,60.178568,POI
4635,,memorial,Point (24.946731 60.1781121),24.946731,60.1781121,POI
4636,,drinking_water,Point (24.9518627 60.1785953),24.9518627,60.1785953,POI
4637,,waste_basket,Point (24.9486663 60.1650965),24.9486663,60.1650965,POI
4638,,waste_basket,Point (24.949478 60.1651821),24.949478,60.1651821,POI
4639,Parturi-kampaamo Hair21,hairdresser,Point (24.9342215 60.1649984),24.9342215,60.1649984,POI
4640,,camera_surveillance,Point (24.9546791 60.1895134),24.9546791,60.1895134,POI
4641,,camera_surveillance,Point (24.9546651 60.1895137),24.9546651,60.1895137,POI
4642,,bench,Point (24.9557947 60.2037725),24.9557947,60.2037725,POI
4643,Bar Loosister,pub,Point (24.9611381 60.1870486),24.9611381,60.1870486,POI
4644,Loistava,hairdresser,Point (24.884379 60.1986137),24.884379,60.1986137,POI
4645,,bench,Point (24.9607605 60.1970529),24.9607605,60.1970529,POI
4646,,bench,Point (24.9610005 60.1971819),24.9610005,60.1971819,POI
4647,,bench,Point (24.9613351 60.1972022),24.9613351,60.1972022,POI
4648,Kanniston Leipomo Hakaniemi,bakery,Point (24.9498983 60.1807706),24.9498983,60.1807706,POI
4649,,waste_basket,Point (24.9648095 60.1961512),24.9648095,60.1961512,POI
4650,,bench,Point (24.9328154 60.1616459),24.9328154,60.1616459,POI
4651,Hotel Indigo Helsinki,hotel,Point (24.9363306 60.163942),24.9363306,60.163942,POI
4652,Vekarakirppis,clothes,Point (24.9674935 60.2077145),24.9674935,60.2077145,POI
4653,,waste_basket,Point (24.9276844 60.1775625),24.9276844,60.1775625,POI
4654,,toilet,Point (24.9352882 60.1723153),24.9352882,60.1723153,POI
4655,Tr?n T?nh,restaurant,Point (24.9507731 60.1777288),24.9507731,60.1777288,POI
4656,KokoTeatteri,theatre,Point (24.9532954 60.1807591),24.9532954,60.1807591,POI
4657,Ravintola Uunisaari,restaurant,Point (24.9527945 60.1531875),24.9527945,60.1531875,POI
4658,Bicyclean Helsinki,bicycle_shop,Point (24.9667859 60.1678756),24.9667859,60.1678756,POI
4659,Tauko,clothes,Point (24.9631752 60.1688314),24.9631752,60.1688314,POI
4660,Vedenkantaja,artwork,Point (24.9618861 60.1679952),24.9618861,60.1679952,POI
4661,,memorial,Point (24.9627424 60.1683102),24.9627424,60.1683102,POI
4662,Symboli,artwork,Point (24.9493295 60.1801131),24.9493295,60.1801131,POI
4663,Helkan Baari & Keitti?,restaurant,Point (24.9272796 60.1698223),24.9272796,60.1698223,POI
4664,,waste_basket,Point (24.9486272 60.1653452),24.9486272,60.1653452,POI
4665,Cafe Portaali,cafe,Point (24.948198 60.1704958),24.948198,60.1704958,POI
4666,Eino Leino,memorial,Point (24.9451847 60.1675728),24.9451847,60.1675728,POI
4667,,waste_basket,Point (24.9257362 60.197937),24.9257362,60.197937,POI
4668,,bench,Point (24.9512542 60.200878),24.9512542,60.200878,POI
4669,,vending_parking,Point (24.9219332 60.1810263),24.9219332,60.1810263,POI
4670,K-Supermarket,supermarket,Point (24.9384046 60.1712685),24.9384046,60.1712685,POI
4671,Bierhaus M¨¹nchen,pub,Point (24.9393613 60.1730732),24.9393613,60.1730732,POI
4672,Le Mans,hairdresser,Point (24.9390564 60.1734382),24.9390564,60.1734382,POI
4673,Ravintola Lumi,restaurant,Point (24.9390806 60.1743278),24.9390806,60.1743278,POI
4674,Woolshed,restaurant,Point (24.9391172 60.1735279),24.9391172,60.1735279,POI
4675,Jufu,restaurant,Point (24.93907 60.1733612),24.93907,60.1733612,POI
4676,KiGa,kindergarten,Point (24.878612 60.1575239),24.878612,60.1575239,POI
4677,,waste_basket,Point (24.8916003 60.2089911),24.8916003,60.2089911,POI
4678,Vii-Voan,convenience,Point (24.9529589 60.1807907),24.9529589,60.1807907,POI
4679,Mustikkamaan kaffela,kiosk,Point (24.9922092 60.1817641),24.9922092,60.1817641,POI
4680,Animagi HauMau,veterinary,Point (24.923185 60.1701082),24.923185,60.1701082,POI
4681,Flash,hairdresser,Point (24.9230136 60.1784118),24.9230136,60.1784118,POI
4682,Megaklinikka,dentist,Point (24.9306508 60.1682488),24.9306508,60.1682488,POI
4683,Cafe II-linja 23,pub,Point (24.9450873 60.1830793),24.9450873,60.1830793,POI
4684,,water_well,Point (24.9956838 60.2035901),24.9956838,60.2035901,POI
4685,Sulo,beauty_shop,Point (24.9091389 60.1923453),24.9091389,60.1923453,POI
4686,Transformaattoripatsas,memorial,Point (24.9829025 60.2159589),24.9829025,60.2159589,POI
4687,,tower,Point (24.9814277 60.2163685),24.9814277,60.2163685,POI
4688,M Room,hairdresser,Point (24.9220316 60.1836255),24.9220316,60.1836255,POI
4689,Oral,dentist,Point (24.9220492 60.1848723),24.9220492,60.1848723,POI
4690,T??l?ntorin Hammasl??k?rit Oy,dentist,Point (24.9252885 60.179003),24.9252885,60.179003,POI
4691,,bench,Point (24.9441455 60.1912031),24.9441455,60.1912031,POI
4692,,waste_basket,Point (24.9441158 60.1912025),24.9441158,60.1912025,POI
4693,,bench,Point (24.9441729 60.1912037),24.9441729,60.1912037,POI
4694,,waste_basket,Point (24.9425318 60.1860175),24.9425318,60.1860175,POI
4695,,bench,Point (24.9440876 60.1865126),24.9440876,60.1865126,POI
4696,,bench,Point (24.9450708 60.1865607),24.9450708,60.1865607,POI
4697,,bench,Point (24.9451997 60.1865627),24.9451997,60.1865627,POI
4698,,waste_basket,Point (24.9456006 60.1865797),24.9456006,60.1865797,POI
4699,,waste_basket,Point (24.945244 60.1867129),24.945244,60.1867129,POI
4700,Suomenlinnan vankileirin muistopaikka,memorial,Point (24.9883472 60.1490135),24.9883472,60.1490135,POI
4701,Birgitta,cafe,Point (24.9319899 60.153772),24.9319899,60.153772,POI
4702,,camera_surveillance,Point (24.9543901 60.178369),24.9543901,60.178369,POI
4703,,camera_surveillance,Point (24.9543747 60.1783743),24.9543747,60.1783743,POI
4704,Aurora Karamzina,memorial,Point (24.9197093 60.1674335),24.9197093,60.1674335,POI
4705,,waste_basket,Point (24.9428685 60.1856174),24.9428685,60.1856174,POI
4706,,waste_basket,Point (24.9534049 60.1838822),24.9534049,60.1838822,POI
4707,,waste_basket,Point (24.9534212 60.18407),24.9534212,60.18407,POI
4708,Helsingin juutalainen yhteiskoulu,school,Point (24.9284291 60.1672273),24.9284291,60.1672273,POI
4709,Gan Jeladim,kindergarten,Point (24.9286007 60.1671659),24.9286007,60.1671659,POI
4710,,bench,Point (24.868366 60.1870718),24.868366,60.1870718,POI
4711,,waste_basket,Point (24.9240452 60.1852599),24.9240452,60.1852599,POI
4712,,waste_basket,Point (24.881861 60.1928923),24.881861,60.1928923,POI
4713,Nordnet,bank,Point (24.9473797 60.1699504),24.9473797,60.1699504,POI
4714,,waste_basket,Point (24.8731311 60.1645088),24.8731311,60.1645088,POI
4715,R-Kioski,kiosk,Point (24.8717508 60.1581192),24.8717508,60.1581192,POI
4716,,bench,Point (24.8695103 60.1547044),24.8695103,60.1547044,POI
4717,Handelsbanken,bank,Point (24.9182902 60.1636793),24.9182902,60.1636793,POI
4718,Mero-Himal,restaurant,Point (24.937926 60.1997836),24.937926,60.1997836,POI
4719,,tourist_info,Point (24.9268768 60.2075327),24.9268768,60.2075327,POI
4720,Py?rien py?r?,bicycle_shop,Point (24.9762694 60.2101949),24.9762694,60.2101949,POI
4721,Hammas Mehil?inen H?meentie,dentist,Point (24.9549593 60.1819),24.9549593,60.1819,POI
4722,,post_box,Point (24.8670679 60.2090883),24.8670679,60.2090883,POI
4723,,waste_basket,Point (24.8671493 60.2090211),24.8671493,60.2090211,POI
4724,,bench,Point (24.8744959 60.2018708),24.8744959,60.2018708,POI
4725,Antikvariaatti Sofia,bookshop,Point (24.9478198 60.1707912),24.9478198,60.1707912,POI
4726,Georgian suurl?hetyst?,embassy,Point (24.9444598 60.1722433),24.9444598,60.1722433,POI
4727,Ruskeasuon ratsastusmaneesi,sports_shop,Point (24.9105484 60.1991817),24.9105484,60.1991817,POI
4728,,cafe,Point (24.9109895 60.1988764),24.9109895,60.1988764,POI
4729,Liettuan suurl?hetyst?,embassy,Point (24.9596417 60.1707811),24.9596417,60.1707811,POI
4730,Loving Hut,restaurant,Point (24.9484029 60.1828683),24.9484029,60.1828683,POI
4731,Marimekko,clothes,Point (24.9432631 60.1687255),24.9432631,60.1687255,POI
4732,,bench,Point (24.8824604 60.1936299),24.8824604,60.1936299,POI
4733,,clothes,Point (24.88342 60.1969655),24.88342,60.1969655,POI
4734,,waste_basket,Point (24.8827322 60.1970729),24.8827322,60.1970729,POI
4735,,waste_basket,Point (24.8917222 60.1945969),24.8917222,60.1945969,POI
4736,,waste_basket,Point (24.894633 60.1933394),24.894633,60.1933394,POI
4737,,waste_basket,Point (24.8945577 60.1932533),24.8945577,60.1932533,POI
4738,,bench,Point (24.8896573 60.208233),24.8896573,60.208233,POI
4739,,bench,Point (24.8898196 60.2083068),24.8898196,60.2083068,POI
4740,,bench,Point (24.8895743 60.2085198),24.8895743,60.2085198,POI
4741,,bench,Point (24.889758 60.2085413),24.889758,60.2085413,POI
4742,,waste_basket,Point (24.8898104 60.2085429),24.8898104,60.2085429,POI
4743,,waste_basket,Point (24.8928069 60.2081351),24.8928069,60.2081351,POI
4744,,waste_basket,Point (24.9192987 60.1733295),24.9192987,60.1733295,POI
4745,,waste_basket,Point (24.9257872 60.1727095),24.9257872,60.1727095,POI
4746,,waste_basket,Point (24.8956078 60.2040399),24.8956078,60.2040399,POI
4747,,waste_basket,Point (24.8925736 60.2053401),24.8925736,60.2053401,POI
4748,,bench,Point (24.8932964 60.2058657),24.8932964,60.2058657,POI
4749,,bench,Point (24.8932839 60.2058456),24.8932839,60.2058456,POI
4750,,waste_basket,Point (24.8956019 60.2053199),24.8956019,60.2053199,POI
4751,,waste_basket,Point (24.8959167 60.2049322),24.8959167,60.2049322,POI
4752,,waste_basket,Point (24.8918152 60.2060584),24.8918152,60.2060584,POI
4753,,waste_basket,Point (24.8905529 60.2060429),24.8905529,60.2060429,POI
4754,,waste_basket,Point (24.8929687 60.2061159),24.8929687,60.2061159,POI
4755,,waste_basket,Point (24.8925425 60.2108783),24.8925425,60.2108783,POI
4756,,waste_basket,Point (24.9013127 60.2120813),24.9013127,60.2120813,POI
4757,,waste_basket,Point (24.9543767 60.2118186),24.9543767,60.2118186,POI
4758,,waste_basket,Point (24.8987733 60.2152045),24.8987733,60.2152045,POI
4759,,post_box,Point (24.8895883 60.2177465),24.8895883,60.2177465,POI
4760,,bench,Point (24.8990166 60.2125654),24.8990166,60.2125654,POI
4761,,waste_basket,Point (24.9237156 60.1975354),24.9237156,60.1975354,POI
4762,Yeastie Boi,restaurant,Point (24.9361285 60.1680013),24.9361285,60.1680013,POI
4763,,waste_basket,Point (24.9464505 60.207501),24.9464505,60.207501,POI
4764,,waste_basket,Point (24.9562431 60.1948016),24.9562431,60.1948016,POI
4765,,toilet,Point (24.9321638 60.1687751),24.9321638,60.1687751,POI
4766,Thaimaan suurl?hetyst?,embassy,Point (24.9380757 60.1666603),24.9380757,60.1666603,POI
4767,,waste_basket,Point (24.8901974 60.2065083),24.8901974,60.2065083,POI
4768,,waste_basket,Point (24.8891605 60.2057848),24.8891605,60.2057848,POI
4769,,waste_basket,Point (24.8917347 60.2049144),24.8917347,60.2049144,POI
4770,,post_box,Point (24.8888394 60.210439),24.8888394,60.210439,POI
4771,,waste_basket,Point (24.8940019 60.1957309),24.8940019,60.1957309,POI
4772,,camera_surveillance,Point (24.9406723 60.1618583),24.9406723,60.1618583,POI
4773,Kuninkaallisen Suomen tykist?rykmentin muistomerkki,memorial,Point (24.9534481 60.1635534),24.9534481,60.1635534,POI
4774,R-Kioski,kiosk,Point (24.9416813 60.1608421),24.9416813,60.1608421,POI
4775,Pesunet,laundry,Point (24.9391755 60.1617074),24.9391755,60.1617074,POI
4776,Punakukka,florist,Point (24.9398844 60.1616846),24.9398844,60.1616846,POI
4777,Instrumentarium,optician,Point (24.9495264 60.1795358),24.9495264,60.1795358,POI
4778,Nissen Optikko,optician,Point (24.9495385 60.179394),24.9495385,60.179394,POI
4779,K-Market,convenience,Point (24.9452837 60.1670104),24.9452837,60.1670104,POI
4780,,waste_basket,Point (24.9698574 60.1667414),24.9698574,60.1667414,POI
4781,,waste_basket,Point (24.9700711 60.1668008),24.9700711,60.1668008,POI
4782,,waste_basket,Point (24.9689197 60.1671198),24.9689197,60.1671198,POI
4783,Super Pesula,laundry,Point (24.9174807 60.1632876),24.9174807,60.1632876,POI
4784,,hairdresser,Point (24.9690918 60.1658225),24.9690918,60.1658225,POI
4785,,beauty_shop,Point (24.9663976 60.1663637),24.9663976,60.1663637,POI
4786,,waste_basket,Point (24.9649408 60.1667874),24.9649408,60.1667874,POI
4787,Kauneushoitola Kauneusmestarit,beauty_shop,Point (24.8686617 60.2168082),24.8686617,60.2168082,POI
4788,,vending_parking,Point (24.8674563 60.21534),24.8674563,60.21534,POI
4789,,waste_basket,Point (24.9750377 60.1689072),24.9750377,60.1689072,POI
4790,,camera_surveillance,Point (24.9786071 60.2119383),24.9786071,60.2119383,POI
4791,,camera_surveillance,Point (24.9698978 60.1680703),24.9698978,60.1680703,POI
4792,,camera_surveillance,Point (24.9694319 60.1683441),24.9694319,60.1683441,POI
4793,,camera_surveillance,Point (24.9695062 60.1684447),24.9695062,60.1684447,POI
4794,,waste_basket,Point (24.9696977 60.1684943),24.9696977,60.1684943,POI
4795,,camera_surveillance,Point (24.9686419 60.1685322),24.9686419,60.1685322,POI
4796,,camera_surveillance,Point (24.9690365 60.1685598),24.9690365,60.1685598,POI
4797,,waste_basket,Point (24.9685248 60.1687646),24.9685248,60.1687646,POI
4798,,camera_surveillance,Point (24.9652434 60.168903),24.9652434,60.168903,POI
4799,,camera_surveillance,Point (24.9656705 60.1689087),24.9656705,60.1689087,POI
4800,,waste_basket,Point (24.9675628 60.1689692),24.9675628,60.1689692,POI
4801,,waste_basket,Point (24.9679314 60.1691446),24.9679314,60.1691446,POI
4802,,bench,Point (24.9679162 60.1692018),24.9679162,60.1692018,POI
4803,,bench,Point (24.9678314 60.1692053),24.9678314,60.1692053,POI
4804,,waste_basket,Point (24.9778732 60.1679762),24.9778732,60.1679762,POI
4805,,waste_basket,Point (24.9793907 60.1680503),24.9793907,60.1680503,POI
4806,,bench,Point (24.9793554 60.1680813),24.9793554,60.1680813,POI
4807,,bench,Point (24.9790677 60.16832),24.9790677,60.16832,POI
4808,,tourist_info,Point (24.9792327 60.1669276),24.9792327,60.1669276,POI
4809,,bench,Point (24.9791974 60.1672171),24.9791974,60.1672171,POI
4810,,waste_basket,Point (24.9781202 60.1673608),24.9781202,60.1673608,POI
4811,,bench,Point (24.9795215 60.1676859),24.9795215,60.1676859,POI
4812,,waste_basket,Point (24.9781484 60.1676885),24.9781484,60.1676885,POI
4813,,waste_basket,Point (24.9795298 60.1676963),24.9795298,60.1676963,POI
4814,,bench,Point (24.9795505 60.1677004),24.9795505,60.1677004,POI
4815,Burger King,fast_food,Point (24.9470227 60.1690372),24.9470227,60.1690372,POI
4816,K-Market,convenience,Point (24.9206855 60.18359),24.9206855,60.18359,POI
4817,,hairdresser,Point (24.897958 60.2120958),24.897958,60.2120958,POI
4818,,waste_basket,Point (24.9033408 60.1720142),24.9033408,60.1720142,POI
4819,,waste_basket,Point (24.9042199 60.1719344),24.9042199,60.1719344,POI
4820,,waste_basket,Point (24.9029545 60.1721917),24.9029545,60.1721917,POI
4821,,waste_basket,Point (24.9226264 60.1862314),24.9226264,60.1862314,POI
4822,,waste_basket,Point (24.910275 60.1730728),24.910275,60.1730728,POI
4823,,waste_basket,Point (24.9188031 60.1704563),24.9188031,60.1704563,POI
4824,,waste_basket,Point (24.9035243 60.1722673),24.9035243,60.1722673,POI
4825,,camera_surveillance,Point (24.9070576 60.1732938),24.9070576,60.1732938,POI
4826,Kumiluoti,bicycle_shop,Point (24.9504773 60.1863896),24.9504773,60.1863896,POI
4827,,waste_basket,Point (24.973536 60.1656631),24.973536,60.1656631,POI
4828,,camera_surveillance,Point (24.9754968 60.1656997),24.9754968,60.1656997,POI
4829,,vending_parking,Point (24.975295 60.1657044),24.975295,60.1657044,POI
4830,,camera_surveillance,Point (24.9755607 60.1653866),24.9755607,60.1653866,POI
4831,,camera_surveillance,Point (24.9755834 60.1653994),24.9755834,60.1653994,POI
4832,,bench,Point (24.9762203 60.1655108),24.9762203,60.1655108,POI
4833,,camera_surveillance,Point (24.940665 60.1618398),24.940665,60.1618398,POI
4834,J??hyv?iset,artwork,Point (24.9415552 60.1550393),24.9415552,60.1550393,POI
4835,,vending_parking,Point (24.9284108 60.1844132),24.9284108,60.1844132,POI
4836,,toilet,Point (24.9284609 60.1661621),24.9284609,60.1661621,POI
4837,Irlannin suurl?hetyst?,embassy,Point (24.9442857 60.1648619),24.9442857,60.1648619,POI
4838,,waste_basket,Point (24.9591036 60.1553936),24.9591036,60.1553936,POI
4839,Delhi Lounasravintola,restaurant,Point (24.9736979 60.1892587),24.9736979,60.1892587,POI
4840,Muru,restaurant,Point (24.9359905 60.1652397),24.9359905,60.1652397,POI
4841,,bench,Point (24.9496682 60.1551062),24.9496682,60.1551062,POI
4842,,waste_basket,Point (24.9516788 60.1551631),24.9516788,60.1551631,POI
4843,,waste_basket,Point (24.949982 60.1552083),24.949982,60.1552083,POI
4844,,waste_basket,Point (24.9544607 60.1541944),24.9544607,60.1541944,POI
4845,,waste_basket,Point (24.9461903 60.1545687),24.9461903,60.1545687,POI
4846,,waste_basket,Point (24.9481331 60.1548182),24.9481331,60.1548182,POI
4847,,waste_basket,Point (24.9462435 60.1548673),24.9462435,60.1548673,POI
4848,,bench,Point (24.9486305 60.154896),24.9486305,60.154896,POI
4849,,bench,Point (24.9491914 60.1549825),24.9491914,60.1549825,POI
4850,,waste_basket,Point (24.9492577 60.1549946),24.9492577,60.1549946,POI
4851,,bench,Point (24.9494332 60.1550372),24.9494332,60.1550372,POI
4852,,waste_basket,Point (24.936778 60.1546579),24.936778,60.1546579,POI
4853,,bench,Point (24.9406954 60.1799727),24.9406954,60.1799727,POI
4854,P?iv?koti Pacius,kindergarten,Point (24.8931437 60.1965698),24.8931437,60.1965698,POI
4855,Lasten p?iv?koti Pensseli,kindergarten,Point (24.8952131 60.1998666),24.8952131,60.1998666,POI
4856,,waste_basket,Point (24.8795798 60.2130621),24.8795798,60.2130621,POI
4857,,waste_basket,Point (24.9052073 60.1941541),24.9052073,60.1941541,POI
4858,,waste_basket,Point (24.9582768 60.1559064),24.9582768,60.1559064,POI
4859,,bench,Point (24.9698224 60.1728471),24.9698224,60.1728471,POI
4860,,waste_basket,Point (24.9698224 60.1728636),24.9698224,60.1728636,POI
4861,,bench,Point (24.9698295 60.1728778),24.9698295,60.1728778,POI
4862,,bench,Point (24.970001 60.1732813),24.970001,60.1732813,POI
4863,,waste_basket,Point (24.9700274 60.1732913),24.9700274,60.1732913,POI
4864,,bench,Point (24.9700543 60.1732971),24.9700543,60.1732971,POI
4865,,bench,Point (24.9701363 60.1738667),24.9701363,60.1738667,POI
4866,,bench,Point (24.9701417 60.1738975),24.9701417,60.1738975,POI
4867,,bench,Point (24.97014 60.1740365),24.97014,60.1740365,POI
4868,,waste_basket,Point (24.970132 60.1740525),24.970132,60.1740525,POI
4869,,bench,Point (24.9701321 60.1740671),24.9701321,60.1740671,POI
4870,,waste_basket,Point (24.9657296 60.1738257),24.9657296,60.1738257,POI
4871,,bench,Point (24.9687567 60.1730607),24.9687567,60.1730607,POI
4872,,bench,Point (24.9696212 60.1736722),24.9696212,60.1736722,POI
4873,,waste_basket,Point (24.9696053 60.1736845),24.9696053,60.1736845,POI
4874,,bench,Point (24.9695812 60.1736958),24.9695812,60.1736958,POI
4875,,bench,Point (24.9693731 60.1737355),24.9693731,60.1737355,POI
4876,,bench,Point (24.9693112 60.1737372),24.9693112,60.1737372,POI
4877,,waste_basket,Point (24.9693443 60.1737382),24.9693443,60.1737382,POI
4878,,bench,Point (24.968217 60.1742544),24.968217,60.1742544,POI
4879,,bench,Point (24.9686269 60.1742572),24.9686269,60.1742572,POI
4880,,bench,Point (24.9682788 60.1742573),24.9682788,60.1742573,POI
4881,,waste_basket,Point (24.9682495 60.1742578),24.9682495,60.1742578,POI
4882,,bench,Point (24.968565 60.174259),24.968565,60.174259,POI
4883,,waste_basket,Point (24.9685981 60.1742599),24.9685981,60.1742599,POI
4884,,waste_basket,Point (24.9515666 60.167345),24.9515666,60.167345,POI
4885,,camera_surveillance,Point (24.9510135 60.166781),24.9510135,60.166781,POI
4886,,bench,Point (24.9667024 60.1886384),24.9667024,60.1886384,POI
4887,,bench,Point (24.9666817 60.1886796),24.9666817,60.1886796,POI
4888,,waste_basket,Point (24.9664299 60.1887388),24.9664299,60.1887388,POI
4889,All Star Sports Bar & Grill,pub,Point (24.964037 60.1884991),24.964037,60.1884991,POI
4890,,bench,Point (24.9662896 60.1882204),24.9662896,60.1882204,POI
4891,,waste_basket,Point (24.9663017 60.188236),24.9663017,60.188236,POI
4892,,camera_surveillance,Point (24.9652742 60.187197),24.9652742,60.187197,POI
4893,,camera_surveillance,Point (24.9652732 60.1871982),24.9652732,60.1871982,POI
4894,Borneo,restaurant,Point (24.8799736 60.1521142),24.8799736,60.1521142,POI
4895,Asia Palace,restaurant,Point (24.8790092 60.148723),24.8790092,60.148723,POI
4896,,waste_basket,Point (24.9683801 60.2167845),24.9683801,60.2167845,POI
4897,Caf¨¦ DaJa,cafe,Point (24.956829 60.171151),24.956829,60.171151,POI
4898,,vending_parking,Point (24.9407367 60.1905434),24.9407367,60.1905434,POI
4899,,vending_parking,Point (24.9410135 60.1909371),24.9410135,60.1909371,POI
4900,"Cirko, Center for new circus",arts_centre,Point (24.9740123 60.1864937),24.9740123,60.1864937,POI
4901,Esitystaiteen keskus Eskus,arts_centre,Point (24.9725431 60.1868559),24.9725431,60.1868559,POI
4902,Lauttasaaren kirjasto,library,Point (24.8832846 60.1587032),24.8832846,60.1587032,POI
4903,,bench,Point (24.9571918 60.1536407),24.9571918,60.1536407,POI
4904,,waste_basket,Point (24.9774902 60.1924472),24.9774902,60.1924472,POI
4905,,waste_basket,Point (24.9773437 60.1925347),24.9773437,60.1925347,POI
4906,,recycling_glass,Point (24.8801681 60.1623012),24.8801681,60.1623012,POI
4907,,waste_basket,Point (24.9422861 60.1539646),24.9422861,60.1539646,POI
4908,Burger King,fast_food,Point (24.9322084 60.1689421),24.9322084,60.1689421,POI
4909,Alepa,convenience,Point (24.9321011 60.1689007),24.9321011,60.1689007,POI
4910,Hesburger,fast_food,Point (24.9313499 60.1686424),24.9313499,60.1686424,POI
4911,,waste_basket,Point (24.944777 60.174128),24.944777,60.174128,POI
4912,,waste_basket,Point (24.945188 60.174305),24.945188,60.174305,POI
4913,,waste_basket,Point (24.9440878 60.1741042),24.9440878,60.1741042,POI
4914,,drinking_water,Point (24.8837124 60.1466745),24.8837124,60.1466745,POI
4915,Bier-Bier,pub,Point (24.9441443 60.1655454),24.9441443,60.1655454,POI
4916,Ravintola Lonna,restaurant,Point (24.9903952 60.1541712),24.9903952,60.1541712,POI
4917,Ravioli Biomedicum Helsinki,restaurant,Point (24.90563 60.1903924),24.90563,60.1903924,POI
4918,Karjalaan j??neiden vainajien muistomerkki,memorial,Point (24.9187652 60.1694919),24.9187652,60.1694919,POI
4919,Menneiden sukupolvien muistolle,memorial,Point (24.9185868 60.1697031),24.9185868,60.1697031,POI
4920,Mint bar&club,nightclub,Point (24.9624683 60.1875197),24.9624683,60.1875197,POI
4921,Nosto,atm,Point (24.9138467 60.1640241),24.9138467,60.1640241,POI
4922,Magu,restaurant,Point (24.9462965 60.1638807),24.9462965,60.1638807,POI
4923,Parturi Kampaamo,hairdresser,Point (24.9601736 60.1958927),24.9601736,60.1958927,POI
4924,Image Wear Ty?asupalvelu,clothes,Point (24.9626174 60.1970664),24.9626174,60.1970664,POI
4925,Antikvariaatti Oranssi Planeetta,bookshop,Point (24.9625155 60.1974347),24.9625155,60.1974347,POI
4926,Flea,toy_shop,Point (24.9606317 60.196558),24.9606317,60.196558,POI
4927,Kahvila Uolevi,cafe,Point (24.9580234 60.2),24.9580234,60.2,POI
4928,Tennis-Bistro,restaurant,Point (24.876408 60.2127952),24.876408,60.2127952,POI
4929,,tourist_info,Point (24.9198165 60.2038195),24.9198165,60.2038195,POI
4930,,camera_surveillance,Point (24.9154273 60.2054849),24.9154273,60.2054849,POI
4931,Dallap¨¦-orkesterin muistolaatta,memorial,Point (24.9593123 60.189574),24.9593123,60.189574,POI
4932,Eddie Boyd -muistolaatta,memorial,Point (24.9549047 60.1870149),24.9549047,60.1870149,POI
4933,Alppi-Rauta,doityourself,Point (24.9525176 60.1892898),24.9525176,60.1892898,POI
4934,Helsinki Petanque - Pasilan halli,sports_centre,Point (24.9331079 60.1948487),24.9331079,60.1948487,POI
4935,,waste_basket,Point (24.9268373 60.1973265),24.9268373,60.1973265,POI
4936,Kukkakauppa Tellaria,florist,Point (24.9611404 60.1926733),24.9611404,60.1926733,POI
4937,Tropicario,zoo,Point (24.9559802 60.1937987),24.9559802,60.1937987,POI
4938,Salmisaaren j??halli,sports_centre,Point (24.9030117 60.1656997),24.9030117,60.1656997,POI
4939,,camera_surveillance,Point (24.9783682 60.2163182),24.9783682,60.2163182,POI
4940,Vanha Helsinki,tourist_info,Point (24.9790646 60.2145974),24.9790646,60.2145974,POI
4941,Hans van Sandenin hautakivi,memorial,Point (24.9760431 60.2160668),24.9760431,60.2160668,POI
4942,,tourist_info,Point (24.9762698 60.2161734),24.9762698,60.2161734,POI
4943,Kumpulan Kyl?tila,community_centre,Point (24.9644323 60.2095911),24.9644323,60.2095911,POI
4944,Klippis T?htistudio,hairdresser,Point (24.962505 60.1912747),24.962505,60.1912747,POI
4945,K-Market,convenience,Point (24.9458224 60.2091791),24.9458224,60.2091791,POI
4946,Kanniston Leipomo,cafe,Point (24.8841443 60.1967707),24.8841443,60.1967707,POI
4947,Seagrill,restaurant,Point (24.9581603 60.167001),24.9581603,60.167001,POI
4948,Hyt?sen Puoti,clothes,Point (24.9572185 60.187504),24.9572185,60.187504,POI
4949,Byrkland,hairdresser,Point (24.9447007 60.1908239),24.9447007,60.1908239,POI
4950,V. I. Leninin muistolaatta,memorial,Point (24.9525531 60.1799172),24.9525531,60.1799172,POI
4951,??niwalli,nightclub,Point (24.9497129 60.1952946),24.9497129,60.1952946,POI
4952,Fin Budo Best,sports_shop,Point (24.9589871 60.1839934),24.9589871,60.1839934,POI
4953,Sushi Forest,restaurant,Point (24.9587431 60.183804),24.9587431,60.183804,POI
4954,Checkpoint Caf¨¦,cafe,Point (24.9458547 60.2092598),24.9458547,60.2092598,POI
4955,Lasten p?iv?koti Ruskeasuo,kindergarten,Point (24.907766 60.198091),24.907766,60.198091,POI
4956,Suomenlinnan palvelupiste,pharmacy,Point (24.9854056 60.1488624),24.9854056,60.1488624,POI
4957,Burger King,fast_food,Point (24.9121783 60.1636262),24.9121783,60.1636262,POI
4958,Perhep?iv?koti Ankkuri,kindergarten,Point (24.921315 60.1624243),24.921315,60.1624243,POI
4959,P?iv?koti Jaala,kindergarten,Point (24.9192074 60.15857),24.9192074,60.15857,POI
4960,Viiskulma,hairdresser,Point (24.9411039 60.1606428),24.9411039,60.1606428,POI
4961,NOOKfive,hairdresser,Point (24.9409065 60.1613985),24.9409065,60.1613985,POI
4962,Hiussalonki Saarinen Kari,hairdresser,Point (24.9552696 60.1950306),24.9552696,60.1950306,POI
4963,Lepopiste Lux,beauty_shop,Point (24.9553596 60.1949967),24.9553596,60.1949967,POI
4964,,waste_basket,Point (24.8760036 60.1549763),24.8760036,60.1549763,POI
4965,Oma maa,cafe,Point (24.9517356 60.1866764),24.9517356,60.1866764,POI
4966,Hanko Sushi,restaurant,Point (24.9510381 60.1658333),24.9510381,60.1658333,POI
4967,,waste_basket,Point (24.9912594 60.1819099),24.9912594,60.1819099,POI
4968,,waste_basket,Point (24.9916412 60.1819541),24.9916412,60.1819541,POI
4969,,waste_basket,Point (24.991186 60.1820632),24.991186,60.1820632,POI
4970,,bench,Point (24.9008212 60.1984743),24.9008212,60.1984743,POI
4971,,bench,Point (24.9020943 60.1676003),24.9020943,60.1676003,POI
4972,,bench,Point (24.9023934 60.1676669),24.9023934,60.1676669,POI
4973,,bench,Point (24.9023448 60.1676747),24.9023448,60.1676747,POI
4974,,bench,Point (24.9026497 60.1677365),24.9026497,60.1677365,POI
4975,Time Bar,bar,Point (24.944314 60.1694624),24.944314,60.1694624,POI
4976,,waste_basket,Point (24.8982711 60.2157377),24.8982711,60.2157377,POI
4977,Lidl,supermarket,Point (24.9758948 60.192047),24.9758948,60.192047,POI
4978,,car_wash,Point (24.9771506 60.1923817),24.9771506,60.1923817,POI
4979,,bench,Point (24.9748729 60.1933377),24.9748729,60.1933377,POI
4980,,bench,Point (24.9745146 60.193436),24.9745146,60.193436,POI
4981,,cafe,Point (24.9895869 60.1809406),24.9895869,60.1809406,POI
4982,Ravintola Viiskulma,bar,Point (24.9422988 60.1607227),24.9422988,60.1607227,POI
4983,Kahvila Siili,cafe,Point (24.9391518 60.2086838),24.9391518,60.2086838,POI
4984,Ruutikellari,archaeological,Point (24.8937633 60.1877574),24.8937633,60.1877574,POI
4985,Lintulava,attraction,Point (24.9910721 60.2104926),24.9910721,60.2104926,POI
4986,Villa Kivi,restaurant,Point (24.9360906 60.1822131),24.9360906,60.1822131,POI
4987,Stadin Panimo,pub,Point (24.9730513 60.18682),24.9730513,60.18682,POI
4988,JYSK,furniture_shop,Point (24.9106203 60.1636302),24.9106203,60.1636302,POI
4989,K-Market,convenience,Point (24.9293997 60.1687403),24.9293997,60.1687403,POI
4990,24 Pesula,laundry,Point (24.9523275 60.18986),24.9523275,60.18986,POI
4991,Sali 28,hairdresser,Point (24.9334431 60.1656207),24.9334431,60.1656207,POI
4992,Koulutus Center,hairdresser,Point (24.9330379 60.1654798),24.9330379,60.1654798,POI
4993,Great Cut Salonki,hairdresser,Point (24.933192 60.1655333),24.933192,60.1655333,POI
4994,Beauty Farm Helsinki,beauty_shop,Point (24.9327436 60.1656134),24.9327436,60.1656134,POI
4995,Anu Vakkila Erikoishammastekniikko,dentist,Point (24.932215 60.1649198),24.932215,60.1649198,POI
4996,Kampaamo Dolce Vita,hairdresser,Point (24.9322758 60.1648793),24.9322758,60.1648793,POI
4997,Bar Bronco,pub,Point (24.9325548 60.1646769),24.9325548,60.1646769,POI
4998,Red Koi Thai,restaurant,Point (24.9325294 60.1643852),24.9325294,60.1643852,POI
4999,Aleksanterin piha,biergarten,Point (24.9330366 60.1640266),24.9330366,60.1640266,POI
5000,Himo Club,sports_centre,Point (24.9324013 60.1641061),24.9324013,60.1641061,POI
5001,Pasilan Apteekki,pharmacy,Point (24.9340409 60.1989122),24.9340409,60.1989122,POI
5002,,playground,Point (24.9762989 60.2070156),24.9762989,60.2070156,POI
5003,,tourist_info,Point (24.9361244 60.1989322),24.9361244,60.1989322,POI
5004,Kampai 3",restaurant,Point (24.9469659 60.1831543),24.9469659,60.1831543,POI
5005,Brutto,bar,Point (24.9723913 60.1903119),24.9723913,60.1903119,POI
5006,P?iv?n lapset (1938),artwork,Point (24.9481847 60.2112299),24.9481847,60.2112299,POI
5007,K-Market,convenience,Point (24.9772936 60.2074933),24.9772936,60.2074933,POI
5008,Parmesan Arabia,restaurant,Point (24.9777482 60.2078221),24.9777482,60.2078221,POI
5009,Arabiakeskus,tourist_info,Point (24.9785286 60.2086393),24.9785286,60.2086393,POI
5010,WHS Teatteri Union,theatre,Point (24.9511817 60.1757133),24.9511817,60.1757133,POI
5011,,waste_basket,Point (24.9774862 60.2128576),24.9774862,60.2128576,POI
5012,,picnic_site,Point (24.9781731 60.1686658),24.9781731,60.1686658,POI
5013,,picnic_site,Point (24.9779028 60.1688179),24.9779028,60.1688179,POI
5014,,waste_basket,Point (24.9778626 60.1688272),24.9778626,60.1688272,POI
5015,,tourist_info,Point (24.9757145 60.2084746),24.9757145,60.2084746,POI
5016,,tourist_info,Point (24.9765323 60.2086117),24.9765323,60.2086117,POI
5017,GROOM Garage,hairdresser,Point (24.9281363 60.164808),24.9281363,60.164808,POI
5018,Kahvila DeliMarche,cafe,Point (24.9762564 60.2087806),24.9762564,60.2087806,POI
5019,EFG Toimistokalusteet,furniture_shop,Point (24.9769889 60.2081368),24.9769889,60.2081368,POI
5020,,toilet,Point (24.9765225 60.2088148),24.9765225,60.2088148,POI
5021,,toilet,Point (24.976575 60.2088817),24.976575,60.2088817,POI
5022,,waste_basket,Point (24.9852286 60.2135547),24.9852286,60.2135547,POI
5023,,waste_basket,Point (24.9852162 60.2135599),24.9852162,60.2135599,POI
5024,,waste_basket,Point (24.9852021 60.2135669),24.9852021,60.2135669,POI
5025,,artwork,Point (24.9803202 60.210258),24.9803202,60.210258,POI
5026,,bench,Point (24.9305365 60.1832407),24.9305365,60.1832407,POI
5027,,post_box,Point (24.8720741 60.1578556),24.8720741,60.1578556,POI
5028,Desiree,florist,Point (24.8818209 60.1605651),24.8818209,60.1605651,POI
5029,Stenius,florist,Point (24.8804248 60.1606868),24.8804248,60.1606868,POI
5030,Kukkakauppa Lilium,florist,Point (24.8913895 60.1614438),24.8913895,60.1614438,POI
5031,Helmi,florist,Point (24.8810952 60.1537091),24.8810952,60.1537091,POI
5032,Mount Kailash,restaurant,Point (24.9213831 60.1581911),24.9213831,60.1581911,POI
5033,Hima Organic Caf¨¦,cafe,Point (24.9531577 60.1763801),24.9531577,60.1763801,POI
5034,Sotilaan hauta,memorial,Point (24.878455 60.1641127),24.878455,60.1641127,POI
5035,,fountain,Point (24.9361771 60.1896071),24.9361771,60.1896071,POI
5036,Cafe Hausen,restaurant,Point (24.9522529 60.1721139),24.9522529,60.1721139,POI
5037,,bench,Point (24.9672389 60.1975232),24.9672389,60.1975232,POI
5038,,post_box,Point (24.8948054 60.2180804),24.8948054,60.2180804,POI
5039,,bench,Point (24.9832322 60.1813284),24.9832322,60.1813284,POI
5040,,waste_basket,Point (24.9931006 60.1790855),24.9931006,60.1790855,POI
5041,,kiosk,Point (24.9956331 60.1795449),24.9956331,60.1795449,POI
5042,Scandinavia Cafe,cafe,Point (24.9527557 60.1662672),24.9527557,60.1662672,POI
5043,,vending_parking,Point (24.9730368 60.165082),24.9730368,60.165082,POI
5044,R-Kioski,kiosk,Point (24.8694455 60.2177093),24.8694455,60.2177093,POI
5045,,waste_basket,Point (24.9373188 60.1821386),24.9373188,60.1821386,POI
5046,,waste_basket,Point (24.9164702 60.1809124),24.9164702,60.1809124,POI
5047,,waste_basket,Point (24.9177752 60.1815268),24.9177752,60.1815268,POI
5048,,waste_basket,Point (24.9188575 60.1815407),24.9188575,60.1815407,POI
5049,,bench,Point (24.9189166 60.1815499),24.9189166,60.1815499,POI
5050,,camera_surveillance,Point (24.9720695 60.1977876),24.9720695,60.1977876,POI
5051,,camera_surveillance,Point (24.9720357 60.1978074),24.9720357,60.1978074,POI
5052,Nuorten leikki,artwork,Point (24.9552102 60.1958642),24.9552102,60.1958642,POI
5053,"?iti ja lapsi, Tulevaisuus",artwork,Point (24.9536801 60.1950906),24.9536801,60.1950906,POI
5054,Myllerrys,artwork,Point (24.953322 60.1949833),24.953322,60.1949833,POI
5055,Hitsaaja,artwork,Point (24.9495005 60.1954927),24.9495005,60.1954927,POI
5056,,vending_parking,Point (24.9468652 60.175967),24.9468652,60.175967,POI
5057,,camera_surveillance,Point (24.9540853 60.196437),24.9540853,60.196437,POI
5058,,camera_surveillance,Point (24.9540896 60.1964389),24.9540896,60.1964389,POI
5059,,camera_surveillance,Point (24.9453121 60.1960197),24.9453121,60.1960197,POI
5060,Vuoden 1918 Kansalaissodan uhrien muistomerkki,memorial,Point (24.9253777 60.1907601),24.9253777,60.1907601,POI
5061,,camera_surveillance,Point (24.939465 60.2028548),24.939465,60.2028548,POI
5062,,artwork,Point (24.9833966 60.216344),24.9833966,60.216344,POI
5063,Sushi Panda,restaurant,Point (24.9239561 60.1833953),24.9239561,60.1833953,POI
5064,La Bella Trattoria,restaurant,Point (24.9816023 60.1829224),24.9816023,60.1829224,POI
5065,,bench,Point (24.9091024 60.2015934),24.9091024,60.2015934,POI
5066,,waste_basket,Point (24.9091037 60.2016105),24.9091037,60.2016105,POI
5067,,waste_basket,Point (24.9089669 60.2019069),24.9089669,60.2019069,POI
5068,,camera_surveillance,Point (24.9057631 60.2020031),24.9057631,60.2020031,POI
5069,,camera_surveillance,Point (24.9057587 60.2020064),24.9057587,60.2020064,POI
5070,,waste_basket,Point (24.908264 60.2012942),24.908264,60.2012942,POI
5071,,camera_surveillance,Point (24.9086651 60.2013133),24.9086651,60.2013133,POI
5072,,bench,Point (24.9084283 60.2014306),24.9084283,60.2014306,POI
5073,,camera_surveillance,Point (24.9083597 60.201475),24.9083597,60.201475,POI
5074,,waste_basket,Point (24.9084574 60.2015001),24.9084574,60.2015001,POI
5075,Sarastus,artwork,Point (24.9510406 60.1715755),24.9510406,60.1715755,POI
5076,Solmu,pub,Point (24.9576045 60.188249),24.9576045,60.188249,POI
5077,,waste_basket,Point (24.9444716 60.2095486),24.9444716,60.2095486,POI
5078,H&D Hair Design,hairdresser,Point (24.9772622 60.2072793),24.9772622,60.2072793,POI
5079,Cafe Cardemumma,cafe,Point (24.9517697 60.1864851),24.9517697,60.1864851,POI
5080,Rax Buffet,fast_food,Point (24.9469201 60.1690367),24.9469201,60.1690367,POI
5081,,waste_basket,Point (24.9422751 60.2151713),24.9422751,60.2151713,POI
5082,,camera_surveillance,Point (24.9527452 60.1932763),24.9527452,60.1932763,POI
5083,,camera_surveillance,Point (24.9530895 60.1933886),24.9530895,60.1933886,POI
5084,Krog Roba,restaurant,Point (24.9476071 60.1643598),24.9476071,60.1643598,POI
5085,Acateem,clothes,Point (24.9458344 60.1638011),24.9458344,60.1638011,POI
5086,,camera_surveillance,Point (24.9466622 60.1967499),24.9466622,60.1967499,POI
5087,,camera_surveillance,Point (24.9464528 60.1968991),24.9464528,60.1968991,POI
5088,,camera_surveillance,Point (24.9464584 60.1968991),24.9464584,60.1968991,POI
5089,,vending_parking,Point (24.9489403 60.1947124),24.9489403,60.1947124,POI
5090,,camera_surveillance,Point (24.9477237 60.1951503),24.9477237,60.1951503,POI
5091,,camera_surveillance,Point (24.9477229 60.1951545),24.9477229,60.1951545,POI
5092,Alko,beverages,Point (24.9004996 60.197576),24.9004996,60.197576,POI
5093,Le Grenier,bakery,Point (24.9067231 60.1921932),24.9067231,60.1921932,POI
5094,,toilet,Point (24.9560053 60.153767),24.9560053,60.153767,POI
5095,,camera_surveillance,Point (24.9521097 60.1931221),24.9521097,60.1931221,POI
5096,,camera_surveillance,Point (24.9519575 60.1931938),24.9519575,60.1931938,POI
5097,,camera_surveillance,Point (24.9517076 60.193297),24.9517076,60.193297,POI
5098,Arkadia International Bookshop,bookshop,Point (24.9293433 60.1734291),24.9293433,60.1734291,POI
5099,Konttiravintola Morton,restaurant,Point (24.922448 60.1628699),24.922448,60.1628699,POI
5100,Tag gems,jeweller,Point (24.9514712 60.1660515),24.9514712,60.1660515,POI
5101,Stadin aikapankki,community_centre,Point (24.9518237 60.1866644),24.9518237,60.1866644,POI
5102,,camera_surveillance,Point (24.9509138 60.1934145),24.9509138,60.1934145,POI
5103,,camera_surveillance,Point (24.9502382 60.1936898),24.9502382,60.1936898,POI
5104,,camera_surveillance,Point (24.9510923 60.1937809),24.9510923,60.1937809,POI
5105,,camera_surveillance,Point (24.9351041 60.200871),24.9351041,60.200871,POI
5106,,camera_surveillance,Point (24.9353075 60.2008812),24.9353075,60.2008812,POI
5107,,camera_surveillance,Point (24.9352665 60.2009634),24.9352665,60.2009634,POI
5108,,waste_basket,Point (24.955188 60.1852465),24.955188,60.1852465,POI
5109,ibike,bicycle_shop,Point (24.8900901 60.1594133),24.8900901,60.1594133,POI
5110,Py?r?huolto.com,bicycle_shop,Point (24.8873759 60.1610545),24.8873759,60.1610545,POI
5111,Georgian Vibes,restaurant,Point (24.9634711 60.1886796),24.9634711,60.1886796,POI
5112,,bench,Point (24.8828111 60.1613498),24.8828111,60.1613498,POI
5113,"Katkaistu el?m?, Sankarihauta",memorial,Point (24.8724364 60.1584216),24.8724364,60.1584216,POI
5114,,bench,Point (24.8814891 60.1616138),24.8814891,60.1616138,POI
5115,,bench,Point (24.8814554 60.1616084),24.8814554,60.1616084,POI
5116,K-Supermarket,supermarket,Point (24.9162261 60.176753),24.9162261,60.176753,POI
5117,Antell Akavatalo,restaurant,Point (24.9373729 60.2009612),24.9373729,60.2009612,POI
5118,Insin??rit ja ekonomit,restaurant,Point (24.9370106 60.1978822),24.9370106,60.1978822,POI
5119,Ravintola Ratamestari,restaurant,Point (24.9398291 60.2013611),24.9398291,60.2013611,POI
5120,Mala House,restaurant,Point (24.9379351 60.1991238),24.9379351,60.1991238,POI
5121,Thai Asia Take-Away,restaurant,Point (24.9408146 60.198122),24.9408146,60.198122,POI
5122,Outrun Cafe,cafe,Point (24.9416472 60.1991679),24.9416472,60.1991679,POI
5123,Antell Vallilan Akseli,restaurant,Point (24.9505766 60.1963815),24.9505766,60.1963815,POI
5124,Picnic Pasila,cafe,Point (24.9355617 60.1989466),24.9355617,60.1989466,POI
5125,Vaatelainaamo Vaaterekki,clothes,Point (24.9471295 60.1728054),24.9471295,60.1728054,POI
5126,,camera_surveillance,Point (24.9402305 60.1713747),24.9402305,60.1713747,POI
5127,,camera_surveillance,Point (24.9389564 60.1711449),24.9389564,60.1711449,POI
5128,,camera_surveillance,Point (24.9389314 60.1711381),24.9389314,60.1711381,POI
5129,,camera_surveillance,Point (24.9400055 60.170496),24.9400055,60.170496,POI
5130,,camera_surveillance,Point (24.9401915 60.170586),24.9401915,60.170586,POI
5131,,camera_surveillance,Point (24.9377453 60.1698551),24.9377453,60.1698551,POI
5132,Onda,restaurant,Point (24.9602534 60.1841727),24.9602534,60.1841727,POI
5133,Street Pride Bar,bar,Point (24.9308863 60.1665439),24.9308863,60.1665439,POI
5134,"Pay it again, Sam;Play it again, Sam",clothes,Point (24.9586729 60.1716033),24.9586729,60.1716033,POI
5135,Tuuliatuu,clothes,Point (24.9569115 60.1713261),24.9569115,60.1713261,POI
5136,Super Bowl,restaurant,Point (24.9292429 60.1629549),24.9292429,60.1629549,POI
5137,,toilet,Point (24.9293604 60.1628417),24.9293604,60.1628417,POI
5138,Vihersisustuspalvelu O. Valo,florist,Point (24.9313687 60.1639687),24.9313687,60.1639687,POI
5139,Tokyo Street,restaurant,Point (24.9294423 60.1630841),24.9294423,60.1630841,POI
5140,,toilet,Point (24.9289749 60.1628636),24.9289749,60.1628636,POI
5141,Anna Koo,gift_shop,Point (24.9293084 60.1629126),24.9293084,60.1629126,POI
5142,Marimekko,clothes,Point (24.9458269 60.1679346),24.9458269,60.1679346,POI
5143,Mama's Ph?,restaurant,Point (24.9294669 60.162973),24.9294669,60.162973,POI
5144,Pii Poo,toy_shop,Point (24.930372 60.166239),24.930372,60.166239,POI
5145,Torikahvila Cafe Fri,cafe,Point (24.9541615 60.1676141),24.9541615,60.1676141,POI
5146,Simolan huvilan puutarha,park,Point (24.8935154 60.1596697),24.8935154,60.1596697,POI
5147,Six Pot Coffee Company,cafe,Point (24.891751 60.2059658),24.891751,60.2059658,POI
5148,Factory - Elim?enkatu,restaurant,Point (24.9473509 60.1966462),24.9473509,60.1966462,POI
5149,Otto,atm,Point (24.9406828 60.1715918),24.9406828,60.1715918,POI
5150,R-Kioski,kiosk,Point (24.9603217 60.1874464),24.9603217,60.1874464,POI
5151,Papu Cafe,cafe,Point (24.9561878 60.1731261),24.9561878,60.1731261,POI
5152,Alko,beverages,Point (24.9451774 60.1670078),24.9451774,60.1670078,POI
5153,Paloma,bar,Point (24.9424265 60.1634571),24.9424265,60.1634571,POI
5154,K-Market,convenience,Point (24.9442709 60.164828),24.9442709,60.164828,POI
5155,?lhus K?benhavn,pub,Point (24.9392464 60.1678641),24.9392464,60.1678641,POI
5156,Tortilla House,fast_food,Point (24.942804 60.1638261),24.942804,60.1638261,POI
5157,Chalupa,fast_food,Point (24.9508254 60.1815978),24.9508254,60.1815978,POI
5158,IPI Kulmakuppila,cafe,Point (24.9538253 60.1832293),24.9538253,60.1832293,POI
5159,,waste_basket,Point (24.8695755 60.2175984),24.8695755,60.2175984,POI
5160,J?tk?saaren kirjasto,library,Point (24.9208571 60.1599869),24.9208571,60.1599869,POI
5161,Twisted Street Kitchen,restaurant,Point (24.9279108 60.1706519),24.9279108,60.1706519,POI
5162,Burger King,fast_food,Point (24.9112316 60.1908043),24.9112316,60.1908043,POI
5163,Scandic Meilahti,hotel,Point (24.911687 60.190728),24.911687,60.190728,POI
5164,S-market,supermarket,Point (24.9116445 60.1908757),24.9116445,60.1908757,POI
5165,Sports Bar Casino Helsinki,restaurant,Point (24.9455576 60.1718352),24.9455576,60.1718352,POI
5166,Myllykallion ilmatorjuntatykki -muistomerkki,attraction,Point (24.8656121 60.1595766),24.8656121,60.1595766,POI
5167,,bench,Point (24.879176 60.161565),24.879176,60.161565,POI
5168,Nukketeatteri Sampo,theatre,Point (24.9443153 60.1649263),24.9443153,60.1649263,POI
5169,,bench,Point (24.9831895 60.1489497),24.9831895,60.1489497,POI
5170,Bad Bad Boy,artwork,Point (24.920787 60.1558287),24.920787,60.1558287,POI
5171,GROOM Hideout,hairdresser,Point (24.9542207 60.180607),24.9542207,60.180607,POI
5172,Partioaitta,outdoor_shop,Point (24.9365587 60.1685196),24.9365587,60.1685196,POI
5173,Atelier Torbj?rn Tillander,jeweller,Point (24.9477311 60.1680176),24.9477311,60.1680176,POI
5174,PizzaExpress,restaurant,Point (24.9013462 60.1950391),24.9013462,60.1950391,POI
5175,Kaffecentralen,cafe,Point (24.9326491 60.167612),24.9326491,60.167612,POI
5176,,toilet,Point (24.9027905 60.2041816),24.9027905,60.2041816,POI
5177,,bench,Point (24.9027704 60.2043057),24.9027704,60.2043057,POI
5178,,bench,Point (24.8695475 60.1548063),24.8695475,60.1548063,POI
5179,,waste_basket,Point (24.8694999 60.1546843),24.8694999,60.1546843,POI
5180,,bench,Point (24.870405 60.1552939),24.870405,60.1552939,POI
5181,Lauttasaaren uimaranta,tourist_info,Point (24.8717914 60.1554816),24.8717914,60.1554816,POI
5182,,bench,Point (24.8733366 60.1554091),24.8733366,60.1554091,POI
5183,,waste_basket,Point (24.8744006 60.1551087),24.8744006,60.1551087,POI
5184,,waste_basket,Point (24.8753188 60.1548017),24.8753188,60.1548017,POI
5185,,waste_basket,Point (24.8806963 60.1539488),24.8806963,60.1539488,POI
5186,,bench,Point (24.8721497 60.1592904),24.8721497,60.1592904,POI
5187,,waste_basket,Point (24.8758319 60.1616728),24.8758319,60.1616728,POI
5188,Pikku Katti,pub,Point (24.8799831 60.1602934),24.8799831,60.1602934,POI
5189,Ravintola Lumbini,restaurant,Point (24.8872536 60.1541042),24.8872536,60.1541042,POI
5190,,picnic_site,Point (24.9348629 60.1955719),24.9348629,60.1955719,POI
5191,The Cock,restaurant,Point (24.9498892 60.1655559),24.9498892,60.1655559,POI
5192,Beamhill,clothes,Point (24.9471462 60.1699237),24.9471462,60.1699237,POI
5193,Helsingin k?r?j?oikeus,courthouse,Point (24.9014693 60.1631841),24.9014693,60.1631841,POI
5194,Yacht,outdoor_shop,Point (24.8876006 60.1501341),24.8876006,60.1501341,POI
5195,,waste_basket,Point (24.8828394 60.161364),24.8828394,60.161364,POI
5196,It?merentori,bicycle_rental,Point (24.9145623 60.1635527),24.9145623,60.1635527,POI
5197,Adolf Ehrnrooth,memorial,Point (24.9056446 60.1717611),24.9056446,60.1717611,POI
5198,Risto Rytin hauta,memorial,Point (24.909694 60.172298),24.909694,60.172298,POI
5199,Akseli Gallen Kallela,memorial,Point (24.919319 60.1689426),24.919319,60.1689426,POI
5200,Sakari Topelius,memorial,Point (24.9191659 60.1687012),24.9191659,60.1687012,POI
5201,J. V. Snellman,memorial,Point (24.9174915 60.166909),24.9174915,60.166909,POI
5202,Kaartilaisten muistomerkki,memorial,Point (24.9157403 60.1659383),24.9157403,60.1659383,POI
5203,J??k?rien muistomerkki,memorial,Point (24.9160411 60.1659014),24.9160411,60.1659014,POI
5204,T??l?nlahdenkatu,bicycle_rental,Point (24.939321 60.1722004),24.939321,60.1722004,POI
5205,Kiasma,bicycle_rental,Point (24.9374326 60.1713103),24.9374326,60.1713103,POI
5206,Apollonkatu,bicycle_rental,Point (24.9225162 60.176052),24.9225162,60.176052,POI
5207,T??l?nkatu,bicycle_rental,Point (24.928354 60.1775305),24.928354,60.1775305,POI
5208,T??l?ntori,bicycle_rental,Point (24.924969 60.1791192),24.924969,60.1791192,POI
5209,Ooppera,bicycle_rental,Point (24.9267696 60.18258),24.9267696,60.18258,POI
5210,Sampon Satumainen kahvila,cafe,Point (24.9443608 60.1648909),24.9443608,60.1648909,POI
5211,Pizzorante Bro,restaurant,Point (24.9514424 60.177075),24.9514424,60.177075,POI
5212,Tuomiokirkon krypta,attraction,Point (24.9521142 60.170682),24.9521142,60.170682,POI
5213,Hakaniemi (M),bicycle_rental,Point (24.950849 60.1795409),24.950849,60.1795409,POI
5214,Senaatintori,bicycle_rental,Point (24.9526599 60.1691182),24.9526599,60.1691182,POI
5215,Kotipizza,fast_food,Point (24.8813398 60.1605735),24.8813398,60.1605735,POI
5216,Memphis,restaurant,Point (24.934287 60.1692828),24.934287,60.1692828,POI
5217,Fafa's,fast_food,Point (24.9336641 60.169187),24.9336641,60.169187,POI
5218,,bench,Point (24.880048 60.1617225),24.880048,60.1617225,POI
5219,,playground,Point (24.8827099 60.1492711),24.8827099,60.1492711,POI
5220,Kekkosen kuntoportaat,tourist_info,Point (24.8878013 60.1768909),24.8878013,60.1768909,POI
5221,,bench,Point (24.8752575 60.1603347),24.8752575,60.1603347,POI
5222,,bench,Point (24.8751588 60.160101),24.8751588,60.160101,POI
5223,,bench,Point (24.8751481 60.1600717),24.8751481,60.1600717,POI
5224,,bench,Point (24.8756718 60.1596129),24.8756718,60.1596129,POI
5225,,bench,Point (24.8757371 60.1595637),24.8757371,60.1595637,POI
5226,,bench,Point (24.8757277 60.1595538),24.8757277,60.1595538,POI
5227,,waste_basket,Point (24.8756007 60.1596183),24.8756007,60.1596183,POI
5228,,waste_basket,Point (24.8757089 60.159542),24.8757089,60.159542,POI
5229,,waste_basket,Point (24.8748235 60.1593093),24.8748235,60.1593093,POI
5230,,bench,Point (24.8748356 60.1593362),24.8748356,60.1593362,POI
5231,,bench,Point (24.8748167 60.1592832),24.8748167,60.1592832,POI
5232,N?k?alatuoli,artwork,Point (24.8731761 60.1548113),24.8731761,60.1548113,POI
5233,,bench,Point (24.8733303 60.1546162),24.8733303,60.1546162,POI
5234,,waste_basket,Point (24.8792818 60.1556644),24.8792818,60.1556644,POI
5235,,bench,Point (24.8785741 60.1562142),24.8785741,60.1562142,POI
5236,,waste_basket,Point (24.878853 60.1576952),24.878853,60.1576952,POI
5237,,waste_basket,Point (24.8790262 60.1578569),24.8790262,60.1578569,POI
5238,,bench,Point (24.8801479 60.1610857),24.8801479,60.1610857,POI
5239,,bench,Point (24.8840069 60.1615),24.8840069,60.1615,POI
5240,,viewpoint,Point (24.8724652 60.1456576),24.8724652,60.1456576,POI
5241,,toilet,Point (24.9165143 60.1767442),24.9165143,60.1767442,POI
5242,Sep?nkatu,bicycle_rental,Point (24.9367537 60.1580877),24.9367537,60.1580877,POI
5243,,bench,Point (24.8806067 60.1565164),24.8806067,60.1565164,POI
5244,Sherpa Food N' Bar,restaurant,Point (24.959094 60.1872658),24.959094,60.1872658,POI
5245,Fazer Caf¨¦,cafe,Point (24.9352047 60.2025083),24.9352047,60.2025083,POI
5246,Korjaamo Kino,cinema,Point (24.9200432 60.1842826),24.9200432,60.1842826,POI
5247,Hesperian puiston yleis?vessa,toilet,Point (24.9297487 60.1785114),24.9297487,60.1785114,POI
5248,,bench,Point (24.8784084 60.1569625),24.8784084,60.1569625,POI
5249,,bench,Point (24.8788945 60.1602295),24.8788945,60.1602295,POI
5250,,playground,Point (24.8789034 60.1602486),24.8789034,60.1602486,POI
5251,Espresso House,cafe,Point (24.9476309 60.1696051),24.9476309,60.1696051,POI
5252,,waste_basket,Point (24.9527631 60.1791855),24.9527631,60.1791855,POI
5253,Ravintola Lime Park,restaurant,Point (24.9400868 60.1996319),24.9400868,60.1996319,POI
5254,,bench,Point (24.8938972 60.1604138),24.8938972,60.1604138,POI
5255,,bench,Point (24.8913549 60.1581509),24.8913549,60.1581509,POI
5256,,playground,Point (24.9286907 60.1672475),24.9286907,60.1672475,POI
5257,,bench,Point (24.8939635 60.1585045),24.8939635,60.1585045,POI
5258,,vending_any,Point (24.9322156 60.201277),24.9322156,60.201277,POI
5259,,bench,Point (24.8701045 60.1588725),24.8701045,60.1588725,POI
5260,,memorial,Point (24.8795165 60.1589027),24.8795165,60.1589027,POI
5261,,waste_basket,Point (24.902085 60.1619007),24.902085,60.1619007,POI
5262,Crazy Wine,bar,Point (24.9598369 60.1690182),24.9598369,60.1690182,POI
5263,SEB,bank,Point (24.9460082 60.1669676),24.9460082,60.1669676,POI
5264,Gay Sauna Vogue,pub,Point (24.9561043 60.1938279),24.9561043,60.1938279,POI
5265,Gay Sauna Vogue,attraction,Point (24.9561043 60.1938279),24.9561043,60.1938279,POI
5266,,artwork,Point (24.9641954 60.192111),24.9641954,60.192111,POI
5267,,waste_basket,Point (24.9262203 60.1730879),24.9262203,60.1730879,POI
5268,,bench,Point (24.9857959 60.1429425),24.9857959,60.1429425,POI
5269,Hanami,restaurant,Point (24.9574745 60.19455),24.9574745,60.19455,POI
5270,Helsink Tattoo Studio,beauty_shop,Point (24.9645102 60.1677911),24.9645102,60.1677911,POI
5271,Ararat Bazaar,supermarket,Point (24.9769378 60.1913708),24.9769378,60.1913708,POI
5272,RTV,doityourself,Point (24.9334339 60.1658349),24.9334339,60.1658349,POI
5273,Za-Za Studio,beauty_shop,Point (24.9342059 60.1665224),24.9342059,60.1665224,POI
5274,Combat Academy Finland,sports_centre,Point (24.9684668 60.1868782),24.9684668,60.1868782,POI
5275,Burton Store Helsinki,sports_shop,Point (24.9674045 60.1862377),24.9674045,60.1862377,POI
5276,Wanha Satama,arts_centre,Point (24.9672657 60.165622),24.9672657,60.165622,POI
5277,Cafe Wanha Satama,cafe,Point (24.9674431 60.1654361),24.9674431,60.1654361,POI
5278,Print & Refill,computer_shop,Point (24.9504009 60.1773041),24.9504009,60.1773041,POI
5279,,playground,Point (24.9631934 60.2066097),24.9631934,60.2066097,POI
5280,,playground,Point (24.962563 60.2063652),24.962563,60.2063652,POI
5281,,playground,Point (24.9633194 60.2069569),24.9633194,60.2069569,POI
5282,Parturi Peikku,hairdresser,Point (24.9659152 60.2087611),24.9659152,60.2087611,POI
5283,Ravintola Salve,restaurant,Point (24.9299716 60.1612457),24.9299716,60.1612457,POI
5284,Thai Vegan Kitchen,restaurant,Point (24.9293987 60.1667357),24.9293987,60.1667357,POI
5285,,vending_any,Point (24.9195936 60.1542134),24.9195936,60.1542134,POI
5286,,bench,Point (24.8769525 60.1505931),24.8769525,60.1505931,POI
5287,,bench,Point (24.8768918 60.1505851),24.8768918,60.1505851,POI
5288,Ateneum Bistro,restaurant,Point (24.9437993 60.1700358),24.9437993,60.1700358,POI
5289,Haitin konsulaatti,embassy,Point (24.9478846 60.1680037),24.9478846,60.1680037,POI
5290,Harjulan Herkku lounasravintola,restaurant,Point (24.9428825 60.1995425),24.9428825,60.1995425,POI
5291,Sodexo Pikseli,restaurant,Point (24.943216 60.1963659),24.943216,60.1963659,POI
5292,Aalto-sali,theatre,Point (24.9441933 60.1882427),24.9441933,60.1882427,POI
5293,Purpur,restaurant,Point (24.9460726 60.165945),24.9460726,60.165945,POI
5294,R-Kioski,kiosk,Point (24.8811603 60.1601989),24.8811603,60.1601989,POI
5295,Lauttiksen Apteekki,pharmacy,Point (24.8809948 60.159947),24.8809948,60.159947,POI
5296,S-market,supermarket,Point (24.8808871 60.1600668),24.8808871,60.1600668,POI
5297,,camera_surveillance,Point (24.9330212 60.2013815),24.9330212,60.2013815,POI
5298,K-Supermarket,supermarket,Point (24.8807432 60.1598291),24.8807432,60.1598291,POI
5299,Barndaghem Fanny,kindergarten,Point (24.9212244 60.2000845),24.9212244,60.2000845,POI
5300,Ravintola Nolla,restaurant,Point (24.9381104 60.1633693),24.9381104,60.1633693,POI
5301,Aava Helsinki Kamppi,clinic,Point (24.9346026 60.1683581),24.9346026,60.1683581,POI
5302,Demo,restaurant,Point (24.9413567 60.1647743),24.9413567,60.1647743,POI
5303,Alko,beverages,Point (24.9159137 60.1766279),24.9159137,60.1766279,POI
5304,Lokal,gift_shop,Point (24.9412931 60.1639024),24.9412931,60.1639024,POI
5305,Espresso House,cafe,Point (24.8804064 60.1598928),24.8804064,60.1598928,POI
5306,,camera_surveillance,Point (24.979792 60.1835442),24.979792,60.1835442,POI
5307,Finlandia Caviar,restaurant,Point (24.952144 60.1671402),24.952144,60.1671402,POI
5308,Ravintola Ragu,restaurant,Point (24.9448624 60.1658596),24.9448624,60.1658596,POI
5309,Osuuspankki,bank,Point (24.9583132 60.1905873),24.9583132,60.1905873,POI
5310,Helsingin Magneettikuvaus,doctors,Point (24.9086581 60.1644425),24.9086581,60.1644425,POI
5311,Soho Parturi-kampaamo,hairdresser,Point (24.9260801 60.162182),24.9260801,60.162182,POI
5312,P?iv?koti P?rlan,kindergarten,Point (24.9148149 60.1584907),24.9148149,60.1584907,POI
5313,Fida,clothes,Point (24.9403812 60.1627658),24.9403812,60.1627658,POI
5314,Harju 8,restaurant,Point (24.9577533 60.1868259),24.9577533,60.1868259,POI
5315,Kitchen & Table by Marcus Samuelsson,restaurant,Point (24.9220725 60.1591804),24.9220725,60.1591804,POI
5316,Makasiini Conference Centre,arts_centre,Point (24.9220565 60.1595269),24.9220565,60.1595269,POI
5317,,artwork,Point (24.9435963 60.1976477),24.9435963,60.1976477,POI
5318,Akhanda Nepalilainen Ravintola,restaurant,Point (24.8756625 60.2156382),24.8756625,60.2156382,POI
5319,Levant,restaurant,Point (24.9361548 60.1641956),24.9361548,60.1641956,POI
5320,FreshStop-kahvila,cafe,Point (24.9254178 60.1836063),24.9254178,60.1836063,POI
5321,Puhelinmuseo,museum,Point (24.9223675 60.1758921),24.9223675,60.1758921,POI
5322,Valekuutio,artwork,Point (24.8898746 60.2125432),24.8898746,60.2125432,POI
5323,T?hyst?j?,artwork,Point (24.8970429 60.2094976),24.8970429,60.2094976,POI
5324,Str?mstadin puiston muistokyltti,memorial,Point (24.8950283 60.2136741),24.8950283,60.2136741,POI
5325,Ekorent Teurastamo,car_sharing,Point (24.9732472 60.1906753),24.9732472,60.1906753,POI
5326,,toilet,Point (24.9407004 60.1713472),24.9407004,60.1713472,POI
5327,,toilet,Point (24.9406992 60.1713206),24.9406992,60.1713206,POI
5328,Toni & Toni Cycles,bicycle_shop,Point (24.9828474 60.184937),24.9828474,60.184937,POI
5329,"Stadin ammattiopisto, Savonkadun toimipaikka",school,Point (24.935365 60.1952734),24.935365,60.1952734,POI
5330,Clas Ohlson,doityourself,Point (24.9405069 60.1700145),24.9405069,60.1700145,POI
5331,,camera_surveillance,Point (24.9410791 60.1615403),24.9410791,60.1615403,POI
5332,,camera_surveillance,Point (24.9408244 60.1617245),24.9408244,60.1617245,POI
5333,Terveystalo Kamppi,clinic,Point (24.9317617 60.1699441),24.9317617,60.1699441,POI
5334,Fleida,hairdresser,Point (24.9532631 60.184962),24.9532631,60.184962,POI
5335,G Livelab,nightclub,Point (24.9445715 60.1640543),24.9445715,60.1640543,POI
5336,Teatteri Kultsa,theatre,Point (24.9637014 60.1859442),24.9637014,60.1859442,POI
5337,Kotipizza,fast_food,Point (24.9680549 60.2026723),24.9680549,60.2026723,POI
5338,Puntti,florist,Point (24.9680038 60.2026102),24.9680038,60.2026102,POI
5339,,waste_basket,Point (24.8790254 60.1604582),24.8790254,60.1604582,POI
5340,Korkeila,jeweller,Point (24.946359 60.16067),24.946359,60.16067,POI
5341,Gateau artisaanileipomo,bakery,Point (24.9463286 60.1607824),24.9463286,60.1607824,POI
5342,Maranello Women,clothes,Point (24.9462964 60.1608873),24.9462964,60.1608873,POI
5343,Simona's,beauty_shop,Point (24.9450052 60.1608439),24.9450052,60.1608439,POI
5344,,waste_basket,Point (24.9331019 60.1611142),24.9331019,60.1611142,POI
5345,Cafe Rustica,cafe,Point (24.9463054 60.1637907),24.9463054,60.1637907,POI
5346,Vinkkeli,restaurant,Point (24.9462728 60.1641077),24.9462728,60.1641077,POI
5347,Ora,restaurant,Point (24.9427242 60.1576917),24.9427242,60.1576917,POI
5348,Adventure Rooms,playground,Point (24.9307524 60.1692875),24.9307524,60.1692875,POI
5349,Silm?,artwork,Point (24.9487711 60.165181),24.9487711,60.165181,POI
5350,"Tellervo, Tapion tyt?r (Diana)",artwork,Point (24.9435875 60.1650601),24.9435875,60.1650601,POI
5351,Classic Bar,bar,Point (24.9419027 60.1631521),24.9419027,60.1631521,POI
5352,Soil Wine Room,restaurant,Point (24.9376764 60.1640015),24.9376764,60.1640015,POI
5353,Istanbul Grill,restaurant,Point (24.9391073 60.1629831),24.9391073,60.1629831,POI
5354,Saburo Shokudou,fast_food,Point (24.9392112 60.1629098),24.9392112,60.1629098,POI
5355,Morticia,clothes,Point (24.939422 60.1627613),24.939422,60.1627613,POI
5356,Armenian House,restaurant,Point (24.9389386 60.1616246),24.9389386,60.1616246,POI
5357,Ravintola Pompier,restaurant,Point (24.9331002 60.1649298),24.9331002,60.1649298,POI
5358,Laivaravintola Marival II,pub,Point (24.9528808 60.1673933),24.9528808,60.1673933,POI
5359,Soppakeitti?,restaurant,Point (24.9526898 60.1660045),24.9526898,60.1660045,POI
5360,Mustah?yhen,clothes,Point (24.9423006 60.160383),24.9423006,60.160383,POI
5361,La Tartufata,cafe,Point (24.9420212 60.158179),24.9420212,60.158179,POI
5362,Factory St. Gallery,cafe,Point (24.9427428 60.1582039),24.9427428,60.1582039,POI
5363,Pontus,restaurant,Point (24.946108 60.1588513),24.946108,60.1588513,POI
5364,Robert's Coffee,cafe,Point (24.9466801 60.1605823),24.9466801,60.1605823,POI
5365,Skiffer Viiskulma,restaurant,Point (24.9417247 60.1604228),24.9417247,60.1604228,POI
5366,Cafe Panik,cafe,Point (24.9402785 60.1603579),24.9402785,60.1603579,POI
5367,Basbas Kulma,bar,Point (24.9337583 60.157811),24.9337583,60.157811,POI
5368,Coconut St,restaurant,Point (24.9326284 60.157848),24.9326284,60.157848,POI
5369,Telakka Cafe,cafe,Point (24.9328686 60.1578781),24.9328686,60.1578781,POI
5370,Kaffa Roastery,cafe,Point (24.9340139 60.1584874),24.9340139,60.1584874,POI
5371,Moko Market Caf¨¦ & Store,cafe,Point (24.9345273 60.1585918),24.9345273,60.1585918,POI
5372,Huvipursi,pub,Point (24.9353604 60.1587151),24.9353604,60.1587151,POI
5373,Bumi Punavuori,restaurant,Point (24.9372636 60.1593114),24.9372636,60.1593114,POI
5374,Kamome,restaurant,Point (24.9384665 60.1595171),24.9384665,60.1595171,POI
5375,Otto's Barber Shop,hairdresser,Point (24.9378501 60.1609022),24.9378501,60.1609022,POI
5376,Hymy Hetki,cafe,Point (24.9399329 60.1642653),24.9399329,60.1642653,POI
5377,K.L Kynsistudio,beauty_shop,Point (24.939491 60.1641148),24.939491,60.1641148,POI
5378,The Last Drop,bar,Point (24.9451253 60.1658662),24.9451253,60.1658662,POI
5379,Cafetino,cafe,Point (24.9390992 60.1639796),24.9390992,60.1639796,POI
5380,Liberty Or Death,bar,Point (24.9442687 60.1646619),24.9442687,60.1646619,POI
5381,Hagelstam,bookshop,Point (24.9381587 60.1636656),24.9381587,60.1636656,POI
5382,Trocadero,restaurant,Point (24.9424794 60.1649541),24.9424794,60.1649541,POI
5383,Penny,restaurant,Point (24.9412125 60.1647231),24.9412125,60.1647231,POI
5384,Megumi Sushi,restaurant,Point (24.9369408 60.1632395),24.9369408,60.1632395,POI
5385,M Room,hairdresser,Point (24.9410108 60.1646932),24.9410108,60.1646932,POI
5386,Walkers,community_centre,Point (24.9332484 60.1686367),24.9332484,60.1686367,POI
5387,Zucchini,restaurant,Point (24.9494368 60.1661379),24.9494368,60.1661379,POI
5388,Kissakahvila Helkatti,cafe,Point (24.9331123 60.1672384),24.9331123,60.1672384,POI
5389,Goodwin,restaurant,Point (24.9522329 60.1663672),24.9522329,60.1663672,POI
5390,Restaurant Haven,restaurant,Point (24.9521763 60.1665693),24.9521763,60.1665693,POI
5391,Pizza Service,fast_food,Point (24.9326472 60.1646108),24.9326472,60.1646108,POI
5392,Caf¨¦ Savoy,cafe,Point (24.947475 60.1670543),24.947475,60.1670543,POI
5393,BLVD,bar,Point (24.9361882 60.163901),24.9361882,60.163901,POI
5394,Br?d,restaurant,Point (24.9362763 60.1639271),24.9362763,60.1639271,POI
5395,Ravintola Pamela,restaurant,Point (24.9403447 60.1653197),24.9403447,60.1653197,POI
5396,Pjazza,restaurant,Point (24.9418507 60.1656426),24.9418507,60.1656426,POI
5397,Kiska,bar,Point (24.9442122 60.1670569),24.9442122,60.1670569,POI
5398,The Boom Room,cafe,Point (24.9375691 60.1617695),24.9375691,60.1617695,POI
5399,Mat,cafe,Point (24.9414501 60.1631527),24.9414501,60.1631527,POI
5400,Relove,cafe,Point (24.9397717 60.1625212),24.9397717,60.1625212,POI
5401,Andante,cafe,Point (24.9389093 60.1628108),24.9389093,60.1628108,POI
5402,Kurume,restaurant,Point (24.9406283 60.1630719),24.9406283,60.1630719,POI
5403,Sinne,arts_centre,Point (24.9420756 60.1633391),24.9420756,60.1633391,POI
5404,Subway,fast_food,Point (24.9399318 60.1628183),24.9399318,60.1628183,POI
5405,Kanniston leipomo,bakery,Point (24.9464558 60.1699013),24.9464558,60.1699013,POI
5406,Elias D?ner Kebab,fast_food,Point (24.9415912 60.169371),24.9415912,60.169371,POI
5407,Caverna,restaurant,Point (24.9466636 60.1699095),24.9466636,60.1699095,POI
5408,Neste K,convenience,Point (24.9624897 60.1834066),24.9624897,60.1834066,POI
5409,K-Market,convenience,Point (24.9227562 60.1678416),24.9227562,60.1678416,POI
5410,Lidl,supermarket,Point (24.8790252 60.2149299),24.8790252,60.2149299,POI
5411,Jackie,bar,Point (24.9404197 60.162999),24.9404197,60.162999,POI
5412,Caf¨¦ Cook,cafe,Point (24.9401954 60.1701523),24.9401954,60.1701523,POI
5413,Exit,hairdresser,Point (24.9422883 60.1604674),24.9422883,60.1604674,POI
5414,Salon 26,hairdresser,Point (24.9378836 60.1633553),24.9378836,60.1633553,POI
5415,Tricana,clothes,Point (24.9380503 60.1637411),24.9380503,60.1637411,POI
5416,Bulevardin Klinikka,doctors,Point (24.9373298 60.1642777),24.9373298,60.1642777,POI
5417,Kukkakauppa Inbloom,florist,Point (24.9376028 60.1632538),24.9376028,60.1632538,POI
5418,Delly,clothes,Point (24.9374045 60.1643098),24.9374045,60.1643098,POI
5419,Tres Sabores,cafe,Point (24.9387529 60.1632328),24.9387529,60.1632328,POI
5420,Papershop,stationery,Point (24.9395007 60.1623864),24.9395007,60.1623864,POI
5421,Fren Helsinki,clothes,Point (24.9378532 60.1635572),24.9378532,60.1635572,POI
5422,Otava Caf¨¦,bookshop,Point (24.9412696 60.1645365),24.9412696,60.1645365,POI
5423,Lilly,clothes,Point (24.946669 60.1610772),24.946669,60.1610772,POI
5424,Max Mara,clothes,Point (24.9476665 60.1688307),24.9476665,60.1688307,POI
5425,Bretelle,clothes,Point (24.9465566 60.1617863),24.9465566,60.1617863,POI
5426,Wolford,clothes,Point (24.9486507 60.168866),24.9486507,60.168866,POI
5427,Loisto,hairdresser,Point (24.9462453 60.1613905),24.9462453,60.1613905,POI
5428,Camu,sports_shop,Point (24.9473006 60.1716779),24.9473006,60.1716779,POI
5429,Putinki,gift_shop,Point (24.9464849 60.1623697),24.9464849,60.1623697,POI
5430,Subway,fast_food,Point (24.9470639 60.1714968),24.9470639,60.1714968,POI
5431,Somatic Studio,sports_centre,Point (24.9476534 60.1651626),24.9476534,60.1651626,POI
5432,Kortteli,food_court,Point (24.9335091 60.1694403),24.9335091,60.1694403,POI
5433,Helsingin kaupunginmuseo,museum,Point (24.9539174 60.1687535),24.9539174,60.1687535,POI
5434,Lasten kaupunki,museum,Point (24.9538172 60.1689232),24.9538172,60.1689232,POI
5435,,viewpoint,Point (24.9111365 60.1688173),24.9111365,60.1688173,POI
5436,Kanniston leipomo,bakery,Point (24.937532 60.1662669),24.937532,60.1662669,POI
5437,Pizza Hut,restaurant,Point (24.9413961 60.1691983),24.9413961,60.1691983,POI
5438,Harald,restaurant,Point (24.9416163 60.1690115),24.9416163,60.1690115,POI
5439,Kluuvin apteekki,pharmacy,Point (24.943445 60.1696685),24.943445,60.1696685,POI
5440,Specsavers,optician,Point (24.9471715 60.1690476),24.9471715,60.1690476,POI
5441,Jalometallisep?npaja Claes Nystr?m,jeweller,Point (24.946069 60.1657624),24.946069,60.1657624,POI
5442,Alepa,convenience,Point (24.889042 60.2102046),24.889042,60.2102046,POI
5443,Hammas Mehil?inen Helsinki Ympyr?talo,dentist,Point (24.9492129 60.1800622),24.9492129,60.1800622,POI
5444,Isois?nsilta,viewpoint,Point (24.982702 60.1820269),24.982702,60.1820269,POI
5445,L?nkka,restaurant,Point (24.9369229 60.1659393),24.9369229,60.1659393,POI
5446,POP Pankki,bank,Point (24.9394485 60.1677066),24.9394485,60.1677066,POI
5447,GeZup,clothes,Point (24.9358562 60.1649857),24.9358562,60.1649857,POI
5448,Mezame,restaurant,Point (24.936281 60.1654792),24.936281,60.1654792,POI
5449,M's Beauty,beauty_shop,Point (24.9359078 60.1649492),24.9359078,60.1649492,POI
5450,Alnilam,gift_shop,Point (24.9360508 60.1656304),24.9360508,60.1656304,POI
5451,Bitmaster,computer_shop,Point (24.9378148 60.1592716),24.9378148,60.1592716,POI
5452,Destiny,clothes,Point (24.935932 60.1655945),24.935932,60.1655945,POI
5453,Karaz,restaurant,Point (24.9357954 60.1655411),24.9357954,60.1655411,POI
5454,Dots...,clothes,Point (24.9357842 60.1650366),24.9357842,60.1650366,POI
5455,Marinea,sports_shop,Point (24.9680425 60.186635),24.9680425,60.186635,POI
5456,Kultasepp? Tapio Rajala,jeweller,Point (24.9425251 60.1607556),24.9425251,60.1607556,POI
5457,Thomas Holmstr?m,jeweller,Point (24.9458933 60.1602732),24.9458933,60.1602732,POI
5458,Gao Shan jewelry & art gallery concept store,jeweller,Point (24.9467338 60.1602866),24.9467338,60.1602866,POI
5459,Pieni Kauneushoitola Helsinki,beauty_shop,Point (24.9438396 60.1608003),24.9438396,60.1608003,POI
5460,Lilly Outlet,clothes,Point (24.9466508 60.1608998),24.9466508,60.1608998,POI
5461,Kenk?kolo,shoe_shop,Point (24.9464087 60.1601191),24.9464087,60.1601191,POI
5462,Hey Poke,restaurant,Point (24.9463623 60.1604944),24.9463623,60.1604944,POI
5463,Salon Light Hair,hairdresser,Point (24.9437145 60.1608007),24.9437145,60.1608007,POI
5464,Vuokko,clothes,Point (24.9463634 60.1604473),24.9463634,60.1604473,POI
5465,Coruya,jeweller,Point (24.9467282 60.1602152),24.9467282,60.1602152,POI
5466,M Shop,clothes,Point (24.9466982 60.1604673),24.9466982,60.1604673,POI
5467,Saxce,hairdresser,Point (24.9426181 60.1607584),24.9426181,60.1607584,POI
5468,Dessein,jeweller,Point (24.9464042 60.1642954),24.9464042,60.1642954,POI
5469,Salon Victoria,hairdresser,Point (24.9478879 60.1634803),24.9478879,60.1634803,POI
5470,Salon Era,hairdresser,Point (24.9480181 60.1623843),24.9480181,60.1623843,POI
5471,Laakso And Sundman,jeweller,Point (24.9465417 60.1641214),24.9465417,60.1641214,POI
5472,Antikvariaatti Johannes,bookshop,Point (24.9449551 60.1637654),24.9449551,60.1637654,POI
5473,TS-Salonki,hairdresser,Point (24.9467754 60.164134),24.9467754,60.164134,POI
5474,Glam,hairdresser,Point (24.9450377 60.164086),24.9450377,60.164086,POI
5475,My Garden,florist,Point (24.9469263 60.1641307),24.9469263,60.1641307,POI
5476,Delooks,beauty_shop,Point (24.9473558 60.1641458),24.9473558,60.1641458,POI
5477,Pikkiroban Parturi,hairdresser,Point (24.9476764 60.1641504),24.9476764,60.1641504,POI
5478,,waste_basket,Point (24.9563216 60.1806508),24.9563216,60.1806508,POI
5479,,waste_basket,Point (24.9562076 60.180592),24.9562076,60.180592,POI
5480,,bench,Point (24.9562271 60.1805864),24.9562271,60.1805864,POI
5481,Humu'z & D?ners Hakaniemi,restaurant,Point (24.9493334 60.1786523),24.9493334,60.1786523,POI
5482,Just vege,restaurant,Point (24.9575655 60.1884787),24.9575655,60.1884787,POI
5483,Sir,hairdresser,Point (24.9464936 60.1622429),24.9464936,60.1622429,POI
5484,Sauma,clothes,Point (24.939678 60.1650695),24.939678,60.1650695,POI
5485,Salong Line,beauty_shop,Point (24.9476823 60.1649229),24.9476823,60.1649229,POI
5486,Dopp,clothes,Point (24.9391826 60.1679002),24.9391826,60.1679002,POI
5487,F¨¦rrer,clothes,Point (24.9466452 60.1611284),24.9466452,60.1611284,POI
5488,T-Optik,optician,Point (24.9389472 60.1675411),24.9389472,60.1675411,POI
5489,Idylle,clothes,Point (24.9465347 60.1619825),24.9465347,60.1619825,POI
5490,Footlight,clothes,Point (24.9398676 60.1651397),24.9398676,60.1651397,POI
5491,Salon Femme,hairdresser,Point (24.9381877 60.1675077),24.9381877,60.1675077,POI
5492,Dimora,hairdresser,Point (24.9410005 60.1666416),24.9410005,60.1666416,POI
5493,Mikromafia,computer_shop,Point (24.9306128 60.1646323),24.9306128,60.1646323,POI
5494,Finsoffat,furniture_shop,Point (24.9368476 60.1670762),24.9368476,60.1670762,POI
5495,Felicita,beauty_shop,Point (24.9313235 60.1649007),24.9313235,60.1649007,POI
5496,Chagall,hairdresser,Point (24.9351762 60.1664711),24.9351762,60.1664711,POI
5497,Somsola,jeweller,Point (24.9377572 60.1673589),24.9377572,60.1673589,POI
5498,MedGroup Espan Hammasl??k?rikeskus,dentist,Point (24.9422459 60.1653521),24.9422459,60.1653521,POI
5499,Kuusilinna Oy,furniture_shop,Point (24.9365996 60.166951),24.9365996,60.166951,POI
5500,Elona,beauty_shop,Point (24.9307782 60.1646791),24.9307782,60.1646791,POI
5501,Susanne,clothes,Point (24.9347971 60.1661012),24.9347971,60.1661012,POI
5502,Intiakeskus,travel_agent,Point (24.9432641 60.164639),24.9432641,60.164639,POI
5503,Blend Beauty,beauty_shop,Point (24.9294817 60.1644757),24.9294817,60.1644757,POI
5504,Kaunis Morsian,clothes,Point (24.9375902 60.1673092),24.9375902,60.1673092,POI
5505,Biuti,beauty_shop,Point (24.9335406 60.1656648),24.9335406,60.1656648,POI
5506,Syd?men Pohjasta,hairdresser,Point (24.9428821 60.1636467),24.9428821,60.1636467,POI
5507,Sickboy,bicycle_shop,Point (24.9365361 60.1618312),24.9365361,60.1618312,POI
5508,Karvaamo,hairdresser,Point (24.9303338 60.1645423),24.9303338,60.1645423,POI
5509,Callisto,hairdresser,Point (24.9338661 60.1660037),24.9338661,60.1660037,POI
5510,Rubion,hairdresser,Point (24.9284493 60.1626878),24.9284493,60.1626878,POI
5511,Style 14,hairdresser,Point (24.9366659 60.1667662),24.9366659,60.1667662,POI
5512,R-Collection,clothes,Point (24.9346387 60.1658594),24.9346387,60.1658594,POI
5513,Fritz Hansen,furniture_shop,Point (24.9429643 60.1648658),24.9429643,60.1648658,POI
5514,Studio Happiness,hairdresser,Point (24.9314553 60.1649339),24.9314553,60.1649339,POI
5515,Suburritos,fast_food,Point (24.9380145 60.168558),24.9380145,60.168558,POI
5516,,waste_basket,Point (24.9333611 60.1605804),24.9333611,60.1605804,POI
5517,Distant days,cafe,Point (24.9558497 60.1882326),24.9558497,60.1882326,POI
5518,Distant days,clothes,Point (24.9558497 60.1882326),24.9558497,60.1882326,POI
5519,Silm?asema,optician,Point (24.9429924 60.1662597),24.9429924,60.1662597,POI
5520,Globe Hope,clothes,Point (24.9410681 60.1677338),24.9410681,60.1677338,POI
5521,Skanno,furniture_shop,Point (24.9421827 60.166937),24.9421827,60.166937,POI
5522,Walter,optician,Point (24.9399854 60.1678955),24.9399854,60.1678955,POI
5523,Caffe Mansku,cafe,Point (24.9417153 60.1673037),24.9417153,60.1673037,POI
5524,Itamae Sushi,restaurant,Point (24.9394872 60.1682467),24.9394872,60.1682467,POI
5525,Elegia,beauty_shop,Point (24.9411141 60.1676973),24.9411141,60.1676973,POI
5526,Silm?lasikeskus,optician,Point (24.9381849 60.168425),24.9381849,60.168425,POI
5527,BomeR,clothes,Point (24.9425927 60.1667086),24.9425927,60.1667086,POI
5528,Tamarin,restaurant,Point (24.9393817 60.168319),24.9393817,60.168319,POI
5529,Xtra,clothes,Point (24.9427021 60.1664706),24.9427021,60.1664706,POI
5530,Solo For Men,clothes,Point (24.9420805 60.1670663),24.9420805,60.1670663,POI
5531,BoConcept,furniture_shop,Point (24.9415782 60.1673144),24.9415782,60.1673144,POI
5532,Chihuahua Julep,bar,Point (24.9441968 60.1650454),24.9441968,60.1650454,POI
5533,beam. Store,clothes,Point (24.9441483 60.1659868),24.9441483,60.1659868,POI
5534,Prof,hairdresser,Point (24.9365937 60.1617925),24.9365937,60.1617925,POI
5535,Alppikadun pesula,laundry,Point (24.9460896 60.1856047),24.9460896,60.1856047,POI
5536,Bow,hairdresser,Point (24.9376761 60.1681132),24.9376761,60.1681132,POI
5537,Laatukoru,jeweller,Point (24.9451898 60.1678208),24.9451898,60.1678208,POI
5538,Studio Em,clothes,Point (24.9382819 60.167992),24.9382819,60.167992,POI
5539,Hair Forum,hairdresser,Point (24.9366553 60.168832),24.9366553,60.168832,POI
5540,Butik Bella,clothes,Point (24.9462655 60.1643913),24.9462655,60.1643913,POI
5541,Artek,furniture_shop,Point (24.943219 60.1681626),24.943219,60.1681626,POI
5542,NP,clothes,Point (24.9377817 60.1680581),24.9377817,60.1680581,POI
5543,Sisustus Nalle,furniture_shop,Point (24.9373037 60.1680233),24.9373037,60.1680233,POI
5544,TimanttiForum,jeweller,Point (24.9365639 60.1690367),24.9365639,60.1690367,POI
5545,Tingeling,toy_shop,Point (24.9369893 60.1682328),24.9369893,60.1682328,POI
5546,Adalia,beauty_shop,Point (24.9388201 60.1681674),24.9388201,60.1681674,POI
5547,Piruetti,sports_shop,Point (24.9367972 60.1686953),24.9367972,60.1686953,POI
5548,Kitty Cat,hairdresser,Point (24.9376061 60.1681688),24.9376061,60.1681688,POI
5549,Great Cut,hairdresser,Point (24.9356204 60.1679698),24.9356204,60.1679698,POI
5550,Noa Noa,clothes,Point (24.9367732 60.1683767),24.9367732,60.1683767,POI
5551,Ombrellino,toy_shop,Point (24.9443067 60.1678279),24.9443067,60.1678279,POI
5552,Luckan,community_centre,Point (24.9373285 60.1683146),24.9373285,60.1683146,POI
5553,Atelier Ekl?f,jeweller,Point (24.9370653 60.1681821),24.9370653,60.1681821,POI
5554,Salme,optician,Point (24.9383696 60.1680197),24.9383696,60.1680197,POI
5555,Aventura,travel_agent,Point (24.9376259 60.1662043),24.9376259,60.1662043,POI
5556,Kaarina K,clothes,Point (24.9399265 60.164886),24.9399265,60.164886,POI
5557,K&K,hairdresser,Point (24.9388418 60.1653316),24.9388418,60.1653316,POI
5558,Expr¨¨s,laundry,Point (24.9422045 60.1612814),24.9422045,60.1612814,POI
5559,Kuniko,clothes,Point (24.9386749 60.1654533),24.9386749,60.1654533,POI
5560,Kello & Kulta,jeweller,Point (24.9424707 60.163705),24.9424707,60.163705,POI
5561,Silm?asema,optician,Point (24.9405989 60.1697461),24.9405989,60.1697461,POI
5562,Store 33,clothes,Point (24.938503 60.1634089),24.938503,60.1634089,POI
5563,Living Room,florist,Point (24.9431951 60.1639682),24.9431951,60.1639682,POI
5564,The Ounce,cafe,Point (24.9332498 60.1671651),24.9332498,60.1671651,POI
5565,Kummiset?,bookshop,Point (24.9389829 60.1637066),24.9389829,60.1637066,POI
5566,Minna Parikka,shoe_shop,Point (24.9482918 60.1688529),24.9482918,60.1688529,POI
5567,,clothes,Point (24.9388295 60.1631788),24.9388295,60.1631788,POI
5568,Keltainen Kabinetti,hairdresser,Point (24.9398562 60.1642391),24.9398562,60.1642391,POI
5569,Instrumentarium,optician,Point (24.9430377 60.163911),24.9430377,60.163911,POI
5570,Kampintorin Antikvaarinen Kirjakauppa,bookshop,Point (24.9320452 60.1680441),24.9320452,60.1680441,POI
5571,Gymnastica Sport,sports_shop,Point (24.9385078 60.1630731),24.9385078,60.1630731,POI
5572,Kampaamo Minna Puhakka,hairdresser,Point (24.9445374 60.1658514),24.9445374,60.1658514,POI
5573,Dolce Vita,hairdresser,Point (24.9393316 60.1640552),24.9393316,60.1640552,POI
5574,Well Coffee,cafe,Point (24.9407683 60.1691732),24.9407683,60.1691732,POI
5575,Hiushuone dandy,hairdresser,Point (24.9382244 60.1632843),24.9382244,60.1632843,POI
5576,Amigo,restaurant,Point (24.9444176 60.1692651),24.9444176,60.1692651,POI
5577,Aka Luova,hairdresser,Point (24.9386434 60.1633099),24.9386434,60.1633099,POI
5578,China Liangtse Wellness,beauty_shop,Point (24.9431385 60.1637088),24.9431385,60.1637088,POI
5579,Sibs,hairdresser,Point (24.9325889 60.1676624),24.9325889,60.1676624,POI
5580,Aito,hairdresser,Point (24.9388034 60.163647),24.9388034,60.163647,POI
5581,Bumi,cafe,Point (24.9419631 60.1631048),24.9419631,60.1631048,POI
5582,Meikkipussi,beauty_shop,Point (24.9407886 60.1631266),24.9407886,60.1631266,POI
5583,Arvokoru,jeweller,Point (24.9427965 60.1635879),24.9427965,60.1635879,POI
5584,Armas,furniture_shop,Point (24.9382973 60.16323),24.9382973,60.16323,POI
5585,Lang?,clothes,Point (24.9406666 60.1645825),24.9406666,60.1645825,POI
5586,Anne's Past & Present,furniture_shop,Point (24.9423921 60.1636764),24.9423921,60.1636764,POI
5587,Synsam,optician,Point (24.9412438 60.1688995),24.9412438,60.1688995,POI
5588,Nectarine Clothes,clothes,Point (24.94328 60.1637588),24.94328,60.1637588,POI
5589,Arela,clothes,Point (24.9389172 60.1636848),24.9389172,60.1636848,POI
5590,Formverk,furniture_shop,Point (24.9418506 60.1635193),24.9418506,60.1635193,POI
5591,Barbara,clothes,Point (24.9391712 60.1626281),24.9391712,60.1626281,POI
5592,Studio Kaunis,hairdresser,Point (24.9395976 60.1641542),24.9395976,60.1641542,POI
5593,Nectarine shoes,shoe_shop,Point (24.9429309 60.1638722),24.9429309,60.1638722,POI
5594,Optiikkahuone,optician,Point (24.9384245 60.163149),24.9384245,60.163149,POI
5595,Point,hairdresser,Point (24.9407899 60.164592),24.9407899,60.164592,POI
5596,K?mp Spa,beauty_shop,Point (24.9473063 60.1685304),24.9473063,60.1685304,POI
5597,Fashion Paris,clothes,Point (24.9473913 60.1704515),24.9473913,60.1704515,POI
5598,Andiata,clothes,Point (24.9474773 60.1667428),24.9474773,60.1667428,POI
5599,Le Bloom,nightclub,Point (24.9478613 60.1670462),24.9478613,60.1670462,POI
5600,Anson,hairdresser,Point (24.9473512 60.1708093),24.9473512,60.1708093,POI
5601,,optician,Point (24.9478687 60.1667082),24.9478687,60.1667082,POI
5602,DelunaBarber,hairdresser,Point (24.9473646 60.1707066),24.9473646,60.1707066,POI
5603,Gate A21,bar,Point (24.9373019 60.1667551),24.9373019,60.1667551,POI
5604,,vending_parking,Point (24.9110189 60.1885038),24.9110189,60.1885038,POI
5605,Pupu,restaurant,Point (24.9374825 60.1666306),24.9374825,60.1666306,POI
5606,Sky Beauty and Day Spa,beauty_shop,Point (24.9504363 60.1772986),24.9504363,60.1772986,POI
5607,La Matta,clothes,Point (24.9474731 60.1668943),24.9474731,60.1668943,POI
5608,Barbarossa Pizza & Kebab,restaurant,Point (24.9309163 60.1681856),24.9309163,60.1681856,POI
5609,Kalliolan Settlementti,arts_centre,Point (24.9459614 60.1883887),24.9459614,60.1883887,POI
5610,Pieni Leffakauppa,video_shop,Point (24.9539843 60.1884865),24.9539843,60.1884865,POI
5611,,bench,Point (24.8809309 60.1607816),24.8809309,60.1607816,POI
5612,Urheilun ja liikunnan kulttuurikeskus TAHTO,museum,Point (24.9252882 60.1873649),24.9252882,60.1873649,POI
5613,Oopperaravintola,restaurant,Point (24.9294425 60.1817872),24.9294425,60.1817872,POI
5614,Moomin Shop,gift_shop,Point (24.9369083 60.1697418),24.9369083,60.1697418,POI
5615,Ravintola Morris,pub,Point (24.9561923 60.1944375),24.9561923,60.1944375,POI
5616,Lounaskahvila Uppopulla,cafe,Point (24.9473972 60.1998336),24.9473972,60.1998336,POI
5617,K-Supermarket,supermarket,Point (24.9478491 60.1712496),24.9478491,60.1712496,POI
5618,,fountain,Point (24.9595488 60.1953339),24.9595488,60.1953339,POI
5619,Fredrik Stjernvallin puisto,park,Point (24.9434972 60.1547382),24.9434972,60.1547382,POI
5620,,waste_basket,Point (24.9449726 60.1785864),24.9449726,60.1785864,POI
5621,,waste_basket,Point (24.9473844 60.1792955),24.9473844,60.1792955,POI
5622,,bench,Point (24.9484798 60.1783344),24.9484798,60.1783344,POI
5623,,bench,Point (24.9486356 60.1783561),24.9486356,60.1783561,POI
5624,,bench,Point (24.9483726 60.1782576),24.9483726,60.1782576,POI
5625,,waste_basket,Point (24.9448129 60.1779381),24.9448129,60.1779381,POI
5626,Bites,restaurant,Point (24.9511228 60.1956083),24.9511228,60.1956083,POI
5627,Sibylla,fast_food,Point (24.9109076 60.1915147),24.9109076,60.1915147,POI
5628,Kes?katu,bicycle_rental,Point (24.9132504 60.1792967),24.9132504,60.1792967,POI
5629,Etel?inen Hesperiankatu,bicycle_rental,Point (24.9145352 60.1756684),24.9145352,60.1756684,POI
5630,Hietaniemenkatu,bicycle_rental,Point (24.9111719 60.1726851),24.9111719,60.1726851,POI
5631,Sammonpuistikko,bicycle_rental,Point (24.9224112 60.1731473),24.9224112,60.1731473,POI
5632,Linnanm?ki,bicycle_rental,Point (24.940205 60.1911382),24.940205,60.1911382,POI
5633,Venttiilikuja,bicycle_rental,Point (24.941578 60.1942095),24.941578,60.1942095,POI
5634,Ratapihantie,bicycle_rental,Point (24.936259 60.1964351),24.936259,60.1964351,POI
5635,Pasilan asema,bicycle_rental,Point (24.9328023 60.198226),24.9328023,60.198226,POI
5636,Rautatiel?isenkatu,bicycle_rental,Point (24.9332606 60.2014282),24.9332606,60.2014282,POI
5637,Uimastadion,bicycle_rental,Point (24.9292286 60.1892172),24.9292286,60.1892172,POI
5638,Esterinportti,bicycle_rental,Point (24.9267808 60.1975724),24.9267808,60.1975724,POI
5639,Messeniuksenkatu,bicycle_rental,Point (24.9180102 60.1878352),24.9180102,60.1878352,POI
5640,Maistraatintori,bicycle_rental,Point (24.9248378 60.1991565),24.9248378,60.1991565,POI
5641,Olympiastadion,bicycle_rental,Point (24.9249741 60.1845055),24.9249741,60.1845055,POI
5642,Korjaamo,bicycle_rental,Point (24.9198371 60.1838677),24.9198371,60.1838677,POI
5643,Rajasaarentie,bicycle_rental,Point (24.9110714 60.1831316),24.9110714,60.1831316,POI
5644,Stenb?ckinkatu,bicycle_rental,Point (24.9123717 60.1883091),24.9123717,60.1883091,POI
5645,J??halli,bicycle_rental,Point (24.9205978 60.1894025),24.9205978,60.1894025,POI
5646,Gebhardinaukio,bicycle_rental,Point (24.9550812 60.191184),24.9550812,60.191184,POI
5647,Fleminginkatu,bicycle_rental,Point (24.9521601 60.1895417),24.9521601,60.1895417,POI
5648,Brahen puistikko,bicycle_rental,Point (24.9481262 60.1896626),24.9481262,60.1896626,POI
5649,Kaivopuisto,bicycle_rental,Point (24.9502216 60.1553656),24.9502216,60.1553656,POI
5650,Vilhonvuorenkatu,bicycle_rental,Point (24.9679293 60.1864343),24.9679293,60.1864343,POI
5651,Kiskontie,bicycle_rental,Point (24.9012805 60.1989574),24.9012805,60.1989574,POI
5652,M?kel?nkatu,bicycle_rental,Point (24.9635244 60.1896286),24.9635244,60.1896286,POI
5653,Jalavatie,bicycle_rental,Point (24.905889 60.1934696),24.905889,60.1934696,POI
5654,Meilahden sairaala,bicycle_rental,Point (24.9083351 60.1902195),24.9083351,60.1902195,POI
5655,T??l?ntulli,bicycle_rental,Point (24.9128549 60.1909519),24.9128549,60.1909519,POI
5656,Vanha kirkkopuisto,bicycle_rental,Point (24.939186 60.165311),24.939186,60.165311,POI
5657,P?ij?nteentie,bicycle_rental,Point (24.9642238 60.1920576),24.9642238,60.1920576,POI
5658,Designmuseo,bicycle_rental,Point (24.9459373 60.163157),24.9459373,60.163157,POI
5659,Teurastamo,bicycle_rental,Point (24.9711926 60.1896994),24.9711926,60.1896994,POI
5660,Hietalahdentori,bicycle_rental,Point (24.9296707 60.1622273),24.9296707,60.1622273,POI
5661,Kalasatama (M),bicycle_rental,Point (24.9771466 60.1877914),24.9771466,60.1877914,POI
5662,Arielinkatu,bicycle_rental,Point (24.9797485 60.1859535),24.9797485,60.1859535,POI
5663,Viiskulma,bicycle_rental,Point (24.941859 60.160944),24.941859,60.160944,POI
5664,Kapteeninpuistikko,bicycle_rental,Point (24.9449093 60.1581752),24.9449093,60.1581752,POI
5665,N?kinsilta,bicycle_rental,Point (24.9544249 60.1801807),24.9544249,60.1801807,POI
5666,Laivasillankatu,bicycle_rental,Point (24.9564985 60.160989),24.9564985,60.160989,POI
5667,Lintulahdenkatu,bicycle_rental,Point (24.9621936 60.1837182),24.9621936,60.1837182,POI
5668,Tilkanvierto,bicycle_rental,Point (24.899261 60.1975329),24.899261,60.1975329,POI
5669,Elim?enkatu,bicycle_rental,Point (24.9476186 60.1962627),24.9476186,60.1962627,POI
5670,Ulvilantie,bicycle_rental,Point (24.8708833 60.2038803),24.8708833,60.2038803,POI
5671,Kasarmitori,bicycle_rental,Point (24.949497 60.165018),24.949497,60.165018,POI
5672,Teollisuuskatu,bicycle_rental,Point (24.9477296 60.1939056),24.9477296,60.1939056,POI
5673,Huopalahdentie,bicycle_rental,Point (24.8836209 60.1996653),24.8836209,60.1996653,POI
5674,Munkkiniemen aukio,bicycle_rental,Point (24.8840917 60.1967196),24.8840917,60.1967196,POI
5675,Laajalahden aukio,bicycle_rental,Point (24.8763144 60.1978471),24.8763144,60.1978471,POI
5676,Torpanranta,bicycle_rental,Point (24.8713963 60.1948358),24.8713963,60.1948358,POI
5677,Saunalahdentie,bicycle_rental,Point (24.8792017 60.1926367),24.8792017,60.1926367,POI
5678,Seurasaari,bicycle_rental,Point (24.8847362 60.188399),24.8847362,60.188399,POI
5679,Paciuksenkaari,bicycle_rental,Point (24.8910804 60.1943976),24.8910804,60.1943976,POI
5680,Etel?esplanadi,bicycle_rental,Point (24.9473893 60.1672121),24.9473893,60.1672121,POI
5681,Pernajantie,bicycle_rental,Point (24.9579931 60.1942342),24.9579931,60.1942342,POI
5682,Liisanpuistikko,bicycle_rental,Point (24.9620853 60.1741404),24.9620853,60.1741404,POI
5683,Sofianlehdonkatu,bicycle_rental,Point (24.9513636 60.2032721),24.9513636,60.2032721,POI
5684,Ritarikatu,bicycle_rental,Point (24.9555733 60.1710133),24.9555733,60.1710133,POI
5685,Velodrominrinne,bicycle_rental,Point (24.9441941 60.2010073),24.9441941,60.2010073,POI
5686,Haukilahdenkatu,bicycle_rental,Point (24.9695917 60.1988749),24.9695917,60.1988749,POI
5687,Merisotilaantori,bicycle_rental,Point (24.975561 60.167891),24.975561,60.167891,POI
5688,Paavalinpuisto,bicycle_rental,Point (24.9614385 60.1974886),24.9614385,60.1974886,POI
5689,Kanavaranta,bicycle_rental,Point (24.958478 60.168488),24.958478,60.168488,POI
5690,Unioninkatu,bicycle_rental,Point (24.951004 60.167562),24.951004,60.167562,POI
5691,Eerikinkatu,bicycle_rental,Point (24.9366429 60.1677074),24.9366429,60.1677074,POI
5692,Kamppi (M),bicycle_rental,Point (24.9309182 60.1687334),24.9309182,60.1687334,POI
5693,Pohjolanaukio,bicycle_rental,Point (24.9543827 60.2171881),24.9543827,60.2171881,POI
5694,Narinkka,bicycle_rental,Point (24.9346089 60.1700425),24.9346089,60.1700425,POI
5695,Pohjolankatu,bicycle_rental,Point (24.9436155 60.2133127),24.9436155,60.2133127,POI
5696,Mannerheimintie,bicycle_rental,Point (24.9393874 60.16909),24.9393874,60.16909,POI
5697,K?pyl?ntie,bicycle_rental,Point (24.9588108 60.2139043),24.9588108,60.2139043,POI
5698,Rautatientori / l?nsi,bicycle_rental,Point (24.9397525 60.1706047),24.9397525,60.1706047,POI
5699,Intiankatu,bicycle_rental,Point (24.967619 60.2078435),24.967619,60.2078435,POI
5700,Kaisaniemenpuisto,bicycle_rental,Point (24.9432717 60.1735984),24.9432717,60.1735984,POI
5701,Verkatehtaanpuisto,bicycle_rental,Point (24.9797283 60.2137007),24.9797283,60.2137007,POI
5702,Rautatientori / it?,bicycle_rental,Point (24.9425226 60.1708436),24.9425226,60.1708436,POI
5703,Muotoilijankatu,bicycle_rental,Point (24.9798497 60.2098006),24.9798497,60.2098006,POI
5704,Porthania,bicycle_rental,Point (24.9485252 60.1698825),24.9485252,60.1698825,POI
5705,Arabiankatu,bicycle_rental,Point (24.977081 60.2064912),24.977081,60.2064912,POI
5706,Varsapuistikko,bicycle_rental,Point (24.949636 60.173099),24.949636,60.173099,POI
5707,Arabian kauppakeskus,bicycle_rental,Point (24.9657708 60.2029207),24.9657708,60.2029207,POI
5708,Brahen kentt?,bicycle_rental,Point (24.950833 60.186742),24.950833,60.186742,POI
5709,S?rn?inen (M),bicycle_rental,Point (24.9609043 60.1877334),24.9609043,60.1877334,POI
5710,Karhupuisto,bicycle_rental,Point (24.9532017 60.1840217),24.9532017,60.1840217,POI
5711,Haapaniemenkatu,bicycle_rental,Point (24.9568524 60.1819302),24.9568524,60.1819302,POI
5712,Ympyr?talo,bicycle_rental,Point (24.949272 60.180808),24.949272,60.180808,POI
5713,Kauppakorkeakoulu,bicycle_rental,Point (24.92506 60.171155),24.92506,60.171155,POI
5714,El?inmuseo,bicycle_rental,Point (24.9319025 60.1712833),24.9319025,60.1712833,POI
5715,Marian sairaala,bicycle_rental,Point (24.9227393 60.1683224),24.9227393,60.1683224,POI
5716,T??l?nlahden puisto,bicycle_rental,Point (24.9352464 60.174753),24.9352464,60.174753,POI
5717,Baana,bicycle_rental,Point (24.922583 60.164159),24.922583,60.164159,POI
5718,Toinen linja,bicycle_rental,Point (24.9441949 60.183164),24.9441949,60.183164,POI
5719,Lastenlehto,bicycle_rental,Point (24.92705 60.165754),24.92705,60.165754,POI
5720,Kalevankatu,bicycle_rental,Point (24.9314323 60.1656962),24.9314323,60.1656962,POI
5721,Munkkivuoren ostoskeskus,bicycle_rental,Point (24.8798291 60.2059946),24.8798291,60.2059946,POI
5722,Albertinkatu,bicycle_rental,Point (24.9368179 60.1618359),24.9368179,60.1618359,POI
5723,Telj?ntie,bicycle_rental,Point (24.8687406 60.2096964),24.8687406,60.2096964,POI
5724,Ehrenstr?mintie,bicycle_rental,Point (24.9590962 60.1552529),24.9590962,60.1552529,POI
5725,Hernesaarenranta,bicycle_rental,Point (24.9311854 60.1535068),24.9311854,60.1535068,POI
5726,Tyynenmerenkatu,bicycle_rental,Point (24.9206642 60.1568118),24.9206642,60.1568118,POI
5727,V?limerenkatu,bicycle_rental,Point (24.9162524 60.159291),24.9162524,60.159291,POI
5728,L?nsisatamankatu,bicycle_rental,Point (24.9097245 60.1588983),24.9097245,60.1588983,POI
5729,Kaapelitehdas,bicycle_rental,Point (24.9028985 60.1612423),24.9028985,60.1612423,POI
5730,Lauttasaarensilta,bicycle_rental,Point (24.8926409 60.1615532),24.8926409,60.1615532,POI
5731,Lauttasaaren ostoskeskus,bicycle_rental,Point (24.8815111 60.1603009),24.8815111,60.1603009,POI
5732,Gyld¨¦nintie,bicycle_rental,Point (24.8772976 60.1596714),24.8772976,60.1596714,POI
5733,Heikkil?ntie,bicycle_rental,Point (24.8850653 60.156817),24.8850653,60.156817,POI
5734,Heikkil?naukio,bicycle_rental,Point (24.8793159 60.1540763),24.8793159,60.1540763,POI
5735,It?lahdenkatu,bicycle_rental,Point (24.881265 60.150664),24.881265,60.150664,POI
5736,Melkonkuja,bicycle_rental,Point (24.8861094 60.1498127),24.8861094,60.1498127,POI
5737,Mastokatu,bicycle_rental,Point (24.9674945 60.1647365),24.9674945,60.1647365,POI
5738,Vanha Kauppahalli,bicycle_rental,Point (24.953542 60.165331),24.953542,60.165331,POI
5739,Diakoniapuisto,bicycle_rental,Point (24.9435179 60.186927),24.9435179,60.186927,POI
5740,Hertanm?enkatu,bicycle_rental,Point (24.922654 60.202336),24.922654,60.202336,POI
5741,Radiokatu,bicycle_rental,Point (24.9182569 60.2049957),24.9182569,60.2049957,POI
5742,Tenholantie,bicycle_rental,Point (24.9054609 60.2024393),24.9054609,60.2024393,POI
5743,Korppaanm?entie,bicycle_rental,Point (24.8989297 60.2034735),24.8989297,60.2034735,POI
5744,Tilkantori,bicycle_rental,Point (24.893385 60.2027886),24.893385,60.2027886,POI
5745,Kriikunakuja,bicycle_rental,Point (24.8916817 60.2056785),24.8916817,60.2056785,POI
5746,Korppaantie,bicycle_rental,Point (24.8895209 60.208925),24.8895209,60.208925,POI
5747,Seurasaaren kahvila 52,cafe,Point (24.8832372 60.1813115),24.8832372,60.1813115,POI
5748,Pulju.net,gift_shop,Point (24.9790453 60.2127349),24.9790453,60.2127349,POI
5749,Annalan huvila,attraction,Point (24.9763767 60.2136106),24.9763767,60.2136106,POI
5750,Viinibaari Venn,bar,Point (24.9452999 60.1686335),24.9452999,60.1686335,POI
5751,Helios,artwork,Point (24.9554452 60.1553911),24.9554452,60.1553911,POI
5752,Tiedekahvila,cafe,Point (24.9519182 60.1619775),24.9519182,60.1619775,POI
5753,,bench,Point (24.8804912 60.1465079),24.8804912,60.1465079,POI
5754,,waste_basket,Point (24.8766924 60.1448875),24.8766924,60.1448875,POI
5755,,drinking_water,Point (24.8766057 60.144922),24.8766057,60.144922,POI
5756,Silm?asema,optician,Point (24.9387635 60.1692654),24.9387635,60.1692654,POI
5757,Starter,restaurant,Point (24.9216005 60.1669466),24.9216005,60.1669466,POI
5758,,bench,Point (24.9220579 60.1669426),24.9220579,60.1669426,POI
5759,Hammasl??k?ri Pentti Calonius,dentist,Point (24.9389819 60.1651607),24.9389819,60.1651607,POI
5760,Aktiv-Resor,travel_agent,Point (24.938924 60.1651845),24.938924,60.1651845,POI
5761,Le Bunuell,clothes,Point (24.9387614 60.1650759),24.9387614,60.1650759,POI
5762,Fazer Caf¨¦,cafe,Point (24.9382201 60.1649166),24.9382201,60.1649166,POI
5763,,hairdresser,Point (24.9372461 60.1645856),24.9372461,60.1645856,POI
5764,Trend Optic,optician,Point (24.9364649 60.1643016),24.9364649,60.1643016,POI
5765,My Darling,clothes,Point (24.9351686 60.1638451),24.9351686,60.1638451,POI
5766,Hair Sport,hairdresser,Point (24.9356077 60.1640155),24.9356077,60.1640155,POI
5767,Bocca,beauty_shop,Point (24.9365166 60.164),24.9365166,60.164,POI
5768,Naturelle,beauty_shop,Point (24.9366608 60.1640569),24.9366608,60.1640569,POI
5769,Salon Soile Kallunki,beauty_shop,Point (24.9367466 60.1640962),24.9367466,60.1640962,POI
5770,Select Collection,travel_agent,Point (24.9406429 60.1654047),24.9406429,60.1654047,POI
5771,Konst Hair & Gallery,hairdresser,Point (24.942183 60.1650703),24.942183,60.1650703,POI
5772,hair911.fi,hairdresser,Point (24.9413964 60.1648173),24.9413964,60.1648173,POI
5773,Por Vida,hairdresser,Point (24.9397136 60.1641884),24.9397136,60.1641884,POI
5774,Expression Coiffure,hairdresser,Point (24.9375549 60.1634563),24.9375549,60.1634563,POI
5775,Figaro Barber Shop,hairdresser,Point (24.9348905 60.1625177),24.9348905,60.1625177,POI
5776,Aito Helsinki,jeweller,Point (24.9347423 60.1624676),24.9347423,60.1624676,POI
5777,Paulette,restaurant,Point (24.9458932 60.1585197),24.9458932,60.1585197,POI
5778,Terhi P?lkki,shoe_shop,Point (24.9424344 60.1649406),24.9424344,60.1649406,POI
5779,Salon Bror B?ckstr?m,beauty_shop,Point (24.9418238 60.1647278),24.9418238,60.1647278,POI
5780,,hairdresser,Point (24.9408801 60.1644021),24.9408801,60.1644021,POI
5781,Butchers,pub,Point (24.9401935 60.1641477),24.9401935,60.1641477,POI
5782,Parturi-Kampaamo Ilpo J?ms¨¦n,hairdresser,Point (24.9376821 60.1632782),24.9376821,60.1632782,POI
5783,Onni,clinic,Point (24.937455 60.163196),24.937455,60.163196,POI
5784,"MMhair, parturi romeo",hairdresser,Point (24.9374951 60.1632106),24.9374951,60.1632106,POI
5785,Diamond Center,jeweller,Point (24.9353814 60.1624569),24.9353814,60.1624569,POI
5786,Asuna,clothes,Point (24.9375962 60.1637415),24.9375962,60.1637415,POI
5787,Red Shoe,shoe_shop,Point (24.9365557 60.1648498),24.9365557,60.1648498,POI
5788,Qhair,hairdresser,Point (24.9362169 60.1620461),24.9362169,60.1620461,POI
5789,Urban A,clothes,Point (24.9397743 60.1621979),24.9397743,60.1621979,POI
5790,Kenk?-Pekka,shoe_shop,Point (24.9375021 60.1641229),24.9375021,60.1641229,POI
5791,Kungfu Kitchen,restaurant,Point (24.9348866 60.1649912),24.9348866,60.1649912,POI
5792,Jukka Rintala,clothes,Point (24.9373004 60.1639562),24.9373004,60.1639562,POI
5793,Float & Relax,beauty_shop,Point (24.9400339 60.1623335),24.9400339,60.1623335,POI
5794,Katriniskanen,clothes,Point (24.9364209 60.1649428),24.9364209,60.1649428,POI
5795,Pinkomo,clothes,Point (24.9361905 60.1651019),24.9361905,60.1651019,POI
5796,Olohuone,hairdresser,Point (24.939099 60.162324),24.939099,60.162324,POI
5797,"Silm?l??k?rit Pekka Ruusuvaara, Sakari Suominen, Marko M??tt?",doctors,Point (24.94304 60.1639653),24.94304,60.1639653,POI
5798,frank/ie,clothes,Point (24.940304 60.1646362),24.940304,60.1646362,POI
5799,Korugalleria Roba,jeweller,Point (24.9408688 60.163155),24.9408688,60.163155,POI
5800,Boulevard Beauty,beauty_shop,Point (24.9384589 60.16231),24.9384589,60.16231,POI
5801,Hiusmuotoilu Eija Ahola,hairdresser,Point (24.9381076 60.1622006),24.9381076,60.1622006,POI
5802,Gasell GP,laundry,Point (24.9379428 60.1621433),24.9379428,60.1621433,POI
5803,Kampaamo Onni,hairdresser,Point (24.9371329 60.1618581),24.9371329,60.1618581,POI
5804,Osos polares,hairdresser,Point (24.936632 60.1616763),24.936632,60.1616763,POI
5805,Etel?-Helsingin el?inl??k?riasema,veterinary,Point (24.9360017 60.1607788),24.9360017,60.1607788,POI
5806,Grand+Beauty,beauty_shop,Point (24.9397779 60.1601851),24.9397779,60.1601851,POI
5807,Pian Kukka,florist,Point (24.9411523 60.1606595),24.9411523,60.1606595,POI
5808,HR Salonki,hairdresser,Point (24.9385792 60.1607009),24.9385792,60.1607009,POI
5809,,bookshop,Point (24.9394735 60.1600767),24.9394735,60.1600767,POI
5810,Kauneuspiste Anne Lohiniva,beauty_shop,Point (24.9406803 60.1612975),24.9406803,60.1612975,POI
5811,Come Prima,hairdresser,Point (24.9384343 60.1608033),24.9384343,60.1608033,POI
5812,Gaudete,clothes,Point (24.9412829 60.1607046),24.9412829,60.1607046,POI
5813,Hiusvallankumous,hairdresser,Point (24.9415725 60.1608046),24.9415725,60.1608046,POI
5814,Manna,restaurant,Point (24.9389772 60.1605158),24.9389772,60.1605158,POI
5815,Lidl,supermarket,Point (24.9418482 60.1696875),24.9418482,60.1696875,POI
5816,Osuma,clothes,Point (24.9364704 60.1613977),24.9364704,60.1613977,POI
5817,Liiliz studio,beauty_shop,Point (24.9381075 60.1619636),24.9381075,60.1619636,POI
5818,Nail & Beauty Salon Kariliis,beauty_shop,Point (24.9382315 60.1620084),24.9382315,60.1620084,POI
5819,Kynsiateljee a la carte,beauty_shop,Point (24.9382732 60.1620234),24.9382732,60.1620234,POI
5820,Casell GP,laundry,Point (24.9384744 60.162096),24.9384744,60.162096,POI
5821,Robertina,hairdresser,Point (24.9388763 60.1622409),24.9388763,60.1622409,POI
5822,Eiran aikuislukio,school,Point (24.9413306 60.1630431),24.9413306,60.1630431,POI
5823,Profile parturi,hairdresser,Point (24.9413688 60.1630455),24.9413688,60.1630455,POI
5824,Etel?-Helsingin kansalaisopisto,school,Point (24.9413956 60.1630583),24.9413956,60.1630583,POI
5825,Ruokakauppa,greengrocer,Point (24.9414868 60.1631441),24.9414868,60.1631441,POI
5826,Chaos,restaurant,Point (24.9430345 60.163672),24.9430345,60.163672,POI
5827,St?lh?sten,bicycle_shop,Point (24.9439987 60.1640091),24.9439987,60.1640091,POI
5828,Kulttuurikeskus Caisa,theatre,Point (24.9604196 60.183553),24.9604196,60.183553,POI
5829,YTHS,clinic,Point (24.9229997 60.1822493),24.9229997,60.1822493,POI
5830,Kiivi's Caf¨¦ & Bar,bar,Point (24.9133269 60.1575272),24.9133269,60.1575272,POI
5831,Clippers,hairdresser,Point (24.9307269 60.1659981),24.9307269,60.1659981,POI
5832,Spl?ttis Center,sports_shop,Point (24.9308172 60.1659368),24.9308172,60.1659368,POI
5833,Brothers,hairdresser,Point (24.9316963 60.1655836),24.9316963,60.1655836,POI
5834,,recycling_clothes,Point (24.9312652 60.1659135),24.9312652,60.1659135,POI
5835,Sep?n viisari,jeweller,Point (24.9379649 60.1608197),24.9379649,60.1608197,POI
5836,Hattu- ja taidemuseo Maria Pelanne,museum,Point (24.9380334 60.1607704),24.9380334,60.1607704,POI
5837,Salon Lady Chair,hairdresser,Point (24.9381895 60.1606582),24.9381895,60.1606582,POI
5838,Kuuma,cafe,Point (24.9390733 60.1600498),24.9390733,60.1600498,POI
5839,Helsingin vieraskoti,community_centre,Point (24.9396837 60.1596146),24.9396837,60.1596146,POI
5840,,hairdresser,Point (24.9394102 60.1601234),24.9394102,60.1601234,POI
5841,Cafe Daja,cafe,Point (24.9393452 60.1601713),24.9393452,60.1601713,POI
5842,Parturi-Kampaamo Rauni Kurkela,hairdresser,Point (24.9383378 60.1614147),24.9383378,60.1614147,POI
5843,Kauneushoitola Serene,beauty_shop,Point (24.9387828 60.1615702),24.9387828,60.1615702,POI
5844,Parturi Kampaamo RS,hairdresser,Point (24.9393949 60.1617841),24.9393949,60.1617841,POI
5845,Hachi Japanin Markkinat,supermarket,Point (24.9395088 60.1615556),24.9395088,60.1615556,POI
5846,Sis.,cafe,Point (24.9342723 60.1600597),24.9342723,60.1600597,POI
5847,P?iv?koti meripirtti,kindergarten,Point (24.9346411 60.1595632),24.9346411,60.1595632,POI
5848,,car_wash,Point (24.9355289 60.1597207),24.9355289,60.1597207,POI
5849,Hiusstudio Bright Lights,hairdresser,Point (24.9375813 60.1602253),24.9375813,60.1602253,POI
5850,P?iv?koti Engel,kindergarten,Point (24.94193 60.1615351),24.94193,60.1615351,POI
5851,Daghemmet Axel,kindergarten,Point (24.9401638 60.1609259),24.9401638,60.1609259,POI
5852,poiat,furniture_shop,Point (24.9377812 60.1600875),24.9377812,60.1600875,POI
5853,Beauty by Valo,beauty_shop,Point (24.937697 60.1600577),24.937697,60.1600577,POI
5854,Flamenco shop,clothes,Point (24.9369863 60.1595424),24.9369863,60.1595424,POI
5855,Veteira,veterinary,Point (24.9331512 60.1591402),24.9331512,60.1591402,POI
5856,,bench,Point (24.9327515 60.1618908),24.9327515,60.1618908,POI
5857,,waste_basket,Point (24.9328355 60.1619161),24.9328355,60.1619161,POI
5858,,waste_basket,Point (24.9328393 60.1616608),24.9328393,60.1616608,POI
5859,,bench,Point (24.9334947 60.1612379),24.9334947,60.1612379,POI
5860,,bench,Point (24.933588 60.1609247),24.933588,60.1609247,POI
5861,,waste_basket,Point (24.9335667 60.1609432),24.9335667,60.1609432,POI
5862,,bench,Point (24.934598 60.1612702),24.934598,60.1612702,POI
5863,,waste_basket,Point (24.9346347 60.1612316),24.9346347,60.1612316,POI
5864,Sk?ne,bar,Point (24.9604676 60.1690347),24.9604676,60.1690347,POI
5865,,toilet,Point (24.9607937 60.1733416),24.9607937,60.1733416,POI
5866,Helsingin kaupungin jalkavastaanotto ja jalkaterapia,clinic,Point (24.941052 60.1604253),24.941052,60.1604253,POI
5867,,community_centre,Point (24.9388786 60.159654),24.9388786,60.159654,POI
5868,Punavuoren Ankkalampi,kindergarten,Point (24.9403483 60.1604483),24.9403483,60.1604483,POI
5869,Kauneuskeskus Maarit Reufors,beauty_shop,Point (24.9379979 60.1593405),24.9379979,60.1593405,POI
5870,Lumous,hairdresser,Point (24.9380199 60.1593481),24.9380199,60.1593481,POI
5871,Palveleva kosmetiikka- ja korumyym?l?,beauty_shop,Point (24.9407655 60.160526),24.9407655,60.160526,POI
5872,Ev?spiste,cafe,Point (24.9407142 60.1605083),24.9407142,60.1605083,POI
5873,Koala,garden_centre,Point (24.9386195 60.1597961),24.9386195,60.1597961,POI
5874,Helsinki Beauty & Wellness,beauty_shop,Point (24.9376123 60.1594343),24.9376123,60.1594343,POI
5875,,hairdresser,Point (24.9366839 60.1591254),24.9366839,60.1591254,POI
5876,Konnichiwa,restaurant,Point (24.9283312 60.1703233),24.9283312,60.1703233,POI
5877,La Volpe,hairdresser,Point (24.9278618 60.1706902),24.9278618,60.1706902,POI
5878,House of Amber,jeweller,Point (24.9275317 60.1709325),24.9275317,60.1709325,POI
5879,Vanamo,hairdresser,Point (24.926658 60.1715788),24.926658,60.1715788,POI
5880,Suomen psykologikeskus,clinic,Point (24.9264987 60.1717054),24.9264987,60.1717054,POI
5881,MBT Shoes,shoe_shop,Point (24.9261345 60.171995),24.9261345,60.171995,POI
5882,Synlab,clinic,Point (24.9295598 60.1693389),24.9295598,60.1693389,POI
5883,Ohjaamo Helsinki,community_centre,Point (24.9295311 60.1693593),24.9295311,60.1693593,POI
5884,Atelj¨¦ Rauli Kostiainen,jeweller,Point (24.9340446 60.1662743),24.9340446,60.1662743,POI
5885,Dianera,clothes,Point (24.9340099 60.1662958),24.9340099,60.1662958,POI
5886,Funky Lady,clothes,Point (24.9339824 60.1663128),24.9339824,60.1663128,POI
5887,Salon PR,hairdresser,Point (24.9338279 60.1664084),24.9338279,60.1664084,POI
5888,Suomen komediateatteri,theatre,Point (24.9332517 60.1668508),24.9332517,60.1668508,POI
5889,Dots...,clothes,Point (24.9347819 60.1657553),24.9347819,60.1657553,POI
5890,Birka,clothes,Point (24.9351824 60.1654556),24.9351824,60.1654556,POI
5891,Kukkakauppa Ch. Barck,florist,Point (24.9349918 60.1655869),24.9349918,60.1655869,POI
5892,La Lunette,optician,Point (24.9349295 60.1656445),24.9349295,60.1656445,POI
5893,Saxc¨¦,hairdresser,Point (24.9362316 60.164707),24.9362316,60.164707,POI
5894,Bellissima,shoe_shop,Point (24.9705572 60.202606),24.9705572,60.202606,POI
5895,M Tea,cafe,Point (24.935947 60.1649214),24.935947,60.1649214,POI
5896,Liike,clothes,Point (24.9377475 60.1636329),24.9377475,60.1636329,POI
5897,OptiShop,optician,Point (24.9373884 60.1638918),24.9373884,60.1638918,POI
5898,OptiAnna,optician,Point (24.9407257 60.1615278),24.9407257,60.1615278,POI
5899,Rosa di Roma,beauty_shop,Point (24.9405299 60.1615631),24.9405299,60.1615631,POI
5900,Hiussali peili,hairdresser,Point (24.9404875 60.1615501),24.9404875,60.1615501,POI
5901,Ihohoitola lupaus,beauty_shop,Point (24.9403435 60.1615057),24.9403435,60.1615057,POI
5902,Osteopatiaklinikka Kaj Tuominen,clinic,Point (24.9411294 60.1612268),24.9411294,60.1612268,POI
5903,Matka-Seniorit,travel_agent,Point (24.9399008 60.1624288),24.9399008,60.1624288,POI
5904,Silm?lasistudio,optician,Point (24.9366724 60.1647692),24.9366724,60.1647692,POI
5905,Happy!,clothes,Point (24.935048 60.1659195),24.935048,60.1659195,POI
5906,Elinahair,hairdresser,Point (24.9351087 60.1658756),24.9351087,60.1658756,POI
5907,Korumuotoilustudio Aito Helsinki,jeweller,Point (24.9351465 60.1658482),24.9351465,60.1658482,POI
5908,Red shoe,shoe_shop,Point (24.9351817 60.1658227),24.9351817,60.1658227,POI
5909,Yes!,hairdresser,Point (24.9353391 60.1657088),24.9353391,60.1657088,POI
5910,S??tti,beauty_shop,Point (24.9354102 60.1656572),24.9354102,60.1656572,POI
5911,Restaurant La Sirena Pizza & Grill,restaurant,Point (24.9158364 60.1579117),24.9158364,60.1579117,POI
5912,Suomen pukuvuokraamo,clothes,Point (24.9330533 60.1672945),24.9330533,60.1672945,POI
5913,Helsingin optiikka,optician,Point (24.9322024 60.1679025),24.9322024,60.1679025,POI
5914,Kuuban tasavallan suurl?hetyst?,embassy,Point (24.9324388 60.1679695),24.9324388,60.1679695,POI
5915,Salon Nyyti,hairdresser,Point (24.932089 60.1680174),24.932089,60.1680174,POI
5916,Noki Noodlebar,restaurant,Point (24.931743 60.168369),24.931743,60.168369,POI
5917,Santa's minimarket,convenience,Point (24.9261104 60.1725533),24.9261104,60.1725533,POI
5918,Salon 54,beauty_shop,Point (24.9263987 60.1723312),24.9263987,60.1723312,POI
5919,Fredent,dentist,Point (24.9269754 60.1718175),24.9269754,60.1718175,POI
5920,Liangtse,clinic,Point (24.9277163 60.1713569),24.9277163,60.1713569,POI
5921,Freda67,beauty_shop,Point (24.9287671 60.1704173),24.9287671,60.1704173,POI
5922,Kontio,doityourself,Point (24.9289039 60.1703306),24.9289039,60.1703306,POI
5923,Stadi Bike Py?r?huolto,bicycle_shop,Point (24.9205972 60.1621533),24.9205972,60.1621533,POI
5924,Cafe Tarina,cafe,Point (24.8758643 60.1985805),24.8758643,60.1985805,POI
5925,Kiltakellari,restaurant,Point (24.9313581 60.161804),24.9313581,60.161804,POI
5926,Arcadan kirjasto,library,Point (24.9657424 60.201134),24.9657424,60.201134,POI
5927,Sacrum,bookshop,Point (24.9282899 60.1619691),24.9282899,60.1619691,POI
5928,Koskelan Hammas,dentist,Point (24.9592079 60.2139118),24.9592079,60.2139118,POI
5929,Karjalatalo,arts_centre,Point (24.9567793 60.2149422),24.9567793,60.2149422,POI
5930,TS Salonki,hairdresser,Point (24.9371517 60.1589893),24.9371517,60.1589893,POI
5931,Olet ihana,beauty_shop,Point (24.9370717 60.1594624),24.9370717,60.1594624,POI
5932,Ravintola Nepali,restaurant,Point (24.9364305 60.1581374),24.9364305,60.1581374,POI
5933,P?iv?koti Engel Sepp?,kindergarten,Point (24.9375782 60.1585147),24.9375782,60.1585147,POI
5934,Punavuoren el?inl??k?rivastaanotto,veterinary,Point (24.9377847 60.1585826),24.9377847,60.1585826,POI
5935,Velvet Punavuori,hairdresser,Point (24.939235 60.1590987),24.939235,60.1590987,POI
5936,Satama Bar & Bistro Kamppi,pub,Point (24.9283038 60.1691054),24.9283038,60.1691054,POI
5937,Baskeri & Basso Bistro,restaurant,Point (24.9343675 60.1578629),24.9343675,60.1578629,POI
5938,Hair by Teemu Hirvim?ki,hairdresser,Point (24.9354626 60.157934),24.9354626,60.157934,POI
5939,Ekofrissan,hairdresser,Point (24.935755 60.1579754),24.935755,60.1579754,POI
5940,,bench,Point (24.9887858 60.1475793),24.9887858,60.1475793,POI
5941,,bench,Point (24.9887808 60.1476256),24.9887808,60.1476256,POI
5942,,bench,Point (24.9888049 60.1475332),24.9888049,60.1475332,POI
5943,,viewpoint,Point (24.9885746 60.1446573),24.9885746,60.1446573,POI
5944,,bench,Point (24.9888129 60.1474771),24.9888129,60.1474771,POI
5945,Teet? kahdelle,artwork,Point (24.8836214 60.1912699),24.8836214,60.1912699,POI
5946,Machuolto Oy,computer_shop,Point (24.9260059 60.1649312),24.9260059,60.1649312,POI
5947,Caine Clothiers,clothes,Point (24.9465089 60.1621649),24.9465089,60.1621649,POI
5948,Kultainen Leikkaus,hairdresser,Point (24.9340385 60.1600257),24.9340385,60.1600257,POI
5949,,viewpoint,Point (24.873365 60.1646544),24.873365,60.1646544,POI
5950,,viewpoint,Point (24.8743399 60.1535106),24.8743399,60.1535106,POI
5951,Ryss?nk?rki,viewpoint,Point (24.8907873 60.145947),24.8907873,60.145947,POI
5952,,viewpoint,Point (24.9054967 60.1710835),24.9054967,60.1710835,POI
5953,,viewpoint,Point (24.9039337 60.1867788),24.9039337,60.1867788,POI
5954,,viewpoint,Point (24.9368891 60.1543651),24.9368891,60.1543651,POI
5955,,viewpoint,Point (24.9569602 60.1534958),24.9569602,60.1534958,POI
5956,,viewpoint,Point (24.9627317 60.1576766),24.9627317,60.1576766,POI
5957,,viewpoint,Point (24.931194 60.1808515),24.931194,60.1808515,POI
5958,Beauty World Finland,beauty_shop,Point (24.9481474 60.1584628),24.9481474,60.1584628,POI
5959,Helena Orava Design Projects,furniture_shop,Point (24.9479288 60.1584541),24.9479288,60.1584541,POI
5960,Riina K,beauty_shop,Point (24.9471523 60.1584214),24.9471523,60.1584214,POI
5961,Kaivopuiston Kauneus,beauty_shop,Point (24.9451704 60.1583272),24.9451704,60.1583272,POI
5962,Top Cut,hairdresser,Point (24.945005 60.1583194),24.945005,60.1583194,POI
5963,Kauneushoitola Terttu Thome,beauty_shop,Point (24.9447817 60.1583072),24.9447817,60.1583072,POI
5964,,beauty_shop,Point (24.9422565 60.1581828),24.9422565,60.1581828,POI
5965,P?iv?koti Onnela,kindergarten,Point (24.9417852 60.1581686),24.9417852,60.1581686,POI
5966,,drinking_water,Point (24.884585 60.146807),24.884585,60.146807,POI
5967,,drinking_water,Point (24.8878844 60.1462207),24.8878844,60.1462207,POI
5968,,bench,Point (24.8824412 60.1463509),24.8824412,60.1463509,POI
5969,,playground,Point (24.8827134 60.146326),24.8827134,60.146326,POI
5970,,bench,Point (24.8786621 60.1454492),24.8786621,60.1454492,POI
5971,,drinking_water,Point (24.8754051 60.1448765),24.8754051,60.1448765,POI
5972,,drinking_water,Point (24.8754785 60.1454836),24.8754785,60.1454836,POI
5973,,drinking_water,Point (24.8743918 60.1455678),24.8743918,60.1455678,POI
5974,,bench,Point (24.8755423 60.1510211),24.8755423,60.1510211,POI
5975,Ecker? Line Check-In,tourist_info,Point (24.914753 60.1500815),24.914753,60.1500815,POI
5976,,atm,Point (24.9147081 60.1500364),24.9147081,60.1500364,POI
5977,,toilet,Point (24.9147386 60.1498139),24.9147386,60.1498139,POI
5978,,toilet,Point (24.9147364 60.1495299),24.9147364,60.1495299,POI
5979,,atm,Point (24.9146399 60.1495893),24.9146399,60.1495893,POI
5980,Panorama bar,bar,Point (24.9148642 60.1493326),24.9148642,60.1493326,POI
5981,Panorama Bistro,restaurant,Point (24.9138578 60.1496054),24.9138578,60.1496054,POI
5982,Lidl,supermarket,Point (24.9343988 60.1648248),24.9343988,60.1648248,POI
5983,GROOM R??peri,hairdresser,Point (24.945728 60.1637644),24.945728,60.1637644,POI
5984,,beauty_shop,Point (24.9442348 60.1632782),24.9442348,60.1632782,POI
5985,Ihohoitola Lupaus,beauty_shop,Point (24.9434464 60.1629998),24.9434464,60.1629998,POI
5986,Plastiikkakirurgia Fin-Est,clinic,Point (24.9432912 60.162945),24.9432912,60.162945,POI
5987,SKY-Kosmetologi Niina Saine,beauty_shop,Point (24.9479905 60.1582313),24.9479905,60.1582313,POI
5988,Daghemmet Fylgia Solhem,kindergarten,Point (24.948247 60.158243),24.948247,60.158243,POI
5989,,beauty_shop,Point (24.9500287 60.1584639),24.9500287,60.1584639,POI
5990,Matkapalvelut Ven?j?lle,travel_agent,Point (24.9507193 60.158596),24.9507193,60.158596,POI
5991,Pukustudio,clothes,Point (24.9514418 60.1587342),24.9514418,60.1587342,POI
5992,Sonja's Hair,hairdresser,Point (24.951605 60.1587655),24.951605,60.1587655,POI
5993,Gogolf,sports_shop,Point (24.9423367 60.1601351),24.9423367,60.1601351,POI
5994,"Toimela, Etel?-Helsingin kansalaisopisto",community_centre,Point (24.9421433 60.1588332),24.9421433,60.1588332,POI
5995,Lasten p?iv?koti Onnela,kindergarten,Point (24.9416202 60.1584461),24.9416202,60.1584461,POI
5996,Stiletto,hairdresser,Point (24.9415532 60.1583901),24.9415532,60.1583901,POI
5997,Ansa,clothes,Point (24.9547439 60.1844143),24.9547439,60.1844143,POI
5998,Ritz Biljardi,bar,Point (24.9232875 60.1766067),24.9232875,60.1766067,POI
5999,Relove cafe T??l?,cafe,Point (24.923071 60.178732),24.923071,60.178732,POI
6000,,bench,Point (24.9317994 60.185634),24.9317994,60.185634,POI
6001,,bench,Point (24.9318389 60.1856413),24.9318389,60.1856413,POI
6002,,bench,Point (24.9317894 60.1856077),24.9317894,60.1856077,POI
6003,,bench,Point (24.9318115 60.1855886),24.9318115,60.1855886,POI
6004,,waste_basket,Point (24.9317793 60.1856237),24.9317793,60.1856237,POI
6005,,waste_basket,Point (24.9322437 60.1851361),24.9322437,60.1851361,POI
6006,,waste_basket,Point (24.9327996 60.1852723),24.9327996,60.1852723,POI
6007,,bench,Point (24.9322741 60.1857467),24.9322741,60.1857467,POI
6008,,bench,Point (24.932311 60.1857553),24.932311,60.1857553,POI
6009,,waste_basket,Point (24.9323365 60.1857546),24.9323365,60.1857546,POI
6010,,bench,Point (24.9323472 60.1857464),24.9323472,60.1857464,POI
6011,,bench,Point (24.9323687 60.185725),24.9323687,60.185725,POI
6012,,waste_basket,Point (24.932537 60.1851462),24.932537,60.1851462,POI
6013,Neitsytpuiston yleis?vessa,toilet,Point (24.9500028 60.1587471),24.9500028,60.1587471,POI
6014,Hanko Aasia,restaurant,Point (24.8806998 60.1602446),24.8806998,60.1602446,POI
6015,Funny Style,hairdresser,Point (24.8794347 60.1606768),24.8794347,60.1606768,POI
6016,1981 Helsinki,clothes,Point (24.9535581 60.1868745),24.9535581,60.1868745,POI
6017,Manda,cafe,Point (24.9509464 60.166822),24.9509464,60.166822,POI
6018,Yritt?j?tila Helsinki,community_centre,Point (24.9339437 60.1688449),24.9339437,60.1688449,POI
6019,Huippu 34,restaurant,Point (24.9342431 60.1684294),24.9342431,60.1684294,POI
6020,Beauty Studio Chelsea,beauty_shop,Point (24.9356925 60.1675647),24.9356925,60.1675647,POI
6021,Hola,beauty_shop,Point (24.9362154 60.1672131),24.9362154,60.1672131,POI
6022,New Face,hairdresser,Point (24.936237 60.1671819),24.936237,60.1671819,POI
6023,Avoin olohuone,community_centre,Point (24.9395952 60.1647906),24.9395952,60.1647906,POI
6024,Espresso House,cafe,Point (24.9455497 60.1703455),24.9455497,60.1703455,POI
6025,Delite Flowers & Design,florist,Point (24.9187389 60.1836084),24.9187389,60.1836084,POI
6026,Tinku,bar,Point (24.9229 60.1794859),24.9229,60.1794859,POI
6027,,bench,Point (24.9614611 60.1712816),24.9614611,60.1712816,POI
6028,Tervasaaren yleis?vessa,toilet,Point (24.9687777 60.1738187),24.9687777,60.1738187,POI
6029,Pro Sailor,sports_shop,Point (24.8873534 60.1513416),24.8873534,60.1513416,POI
6030,Captain's Shop,sports_shop,Point (24.8881944 60.1510113),24.8881944,60.1510113,POI
6031,Easy Rent,car_rental,Point (24.9559687 60.1837411),24.9559687,60.1837411,POI
6032,Daddy Greens Pizzabar,restaurant,Point (24.920648 60.185005),24.920648,60.185005,POI
6033,Xtreme lashes,beauty_shop,Point (24.935961 60.1677484),24.935961,60.1677484,POI
6034,Make Up Forever,beauty_shop,Point (24.940278 60.164653),24.940278,60.164653,POI
6035,Ihana,beauty_shop,Point (24.9402573 60.1646682),24.9402573,60.1646682,POI
6036,Complete Beauty Care,beauty_shop,Point (24.9406922 60.1643185),24.9406922,60.1643185,POI
6037,Made By,hairdresser,Point (24.9407478 60.1642771),24.9407478,60.1642771,POI
6038,Katja & Sonja Huopainen,hairdresser,Point (24.9407858 60.164251),24.9407858,60.164251,POI
6039,Dextra,clinic,Point (24.9408349 60.1642173),24.9408349,60.1642173,POI
6040,Kampaamo Hannu Sundell,hairdresser,Point (24.9426479 60.1629316),24.9426479,60.1629316,POI
6041,Beninin kunniakonsulaatti,embassy,Point (24.9351471 60.168336),24.9351471,60.168336,POI
6042,Osteo Kamppi,clinic,Point (24.9351051 60.1683663),24.9351051,60.1683663,POI
6043,Jalkahoitola Kvist & Nystr?m,clinic,Point (24.9351334 60.1683459),24.9351334,60.1683459,POI
6044,Heidin Osteopatia,clinic,Point (24.9351198 60.1683557),24.9351198,60.1683557,POI
6045,Espresso House,cafe,Point (24.9412643 60.1702666),24.9412643,60.1702666,POI
6046,Aveling & Porter,attraction,Point (24.9004358 60.165651),24.9004358,60.165651,POI
6047,Delfiinikirjat,bookshop,Point (24.9435267 60.1644564),24.9435267,60.1644564,POI
6048,Kauneushoitola yl?kerta,beauty_shop,Point (24.9368248 60.1683423),24.9368248,60.1683423,POI
6049,Skiffer Liuskaluoto,restaurant,Point (24.9463076 60.1529683),24.9463076,60.1529683,POI
6050,Petiscaria,restaurant,Point (24.9292951 60.1630444),24.9292951,60.1630444,POI
6051,,toilet,Point (24.9526836 60.1529157),24.9526836,60.1529157,POI
6052,,toilet,Point (24.8920001 60.1511366),24.8920001,60.1511366,POI
6053,,laundry,Point (24.8920133 60.1510809),24.8920133,60.1510809,POI
6054,,waste_basket,Point (24.9360256 60.1762905),24.9360256,60.1762905,POI
6055,,shelter,Point (24.9548974 60.1714018),24.9548974,60.1714018,POI
6056,Flytour Cafe Helsinki,cafe,Point (24.9582068 60.1675735),24.9582068,60.1675735,POI
6057,Toca,restaurant,Point (24.9511539 60.1654156),24.9511539,60.1654156,POI
6058,Masu,restaurant,Point (24.945027 60.1669248),24.945027,60.1669248,POI
6059,,post_box,Point (24.9371078 60.2016544),24.9371078,60.2016544,POI
6060,T??l?n tulli,memorial,Point (24.9154472 60.1902661),24.9154472,60.1902661,POI
6061,T??l?n tulli,memorial,Point (24.9151804 60.1901281),24.9151804,60.1901281,POI
6062,Alepa,convenience,Point (24.9188207 60.1597726),24.9188207,60.1597726,POI
6063,Espresso House,cafe,Point (24.939509 60.162692),24.939509,60.162692,POI
6064,The Kahvihuone,cafe,Point (24.948529 60.1907552),24.948529,60.1907552,POI
6065,,toilet,Point (24.8852629 60.1806335),24.8852629,60.1806335,POI
6066,,vending_any,Point (24.9213984 60.2075504),24.9213984,60.2075504,POI
6067,,vending_any,Point (24.9218526 60.2072988),24.9218526,60.2072988,POI
6068,,vending_any,Point (24.8944076 60.2180013),24.8944076,60.2180013,POI
6069,Ravintola Factory Kamppi,restaurant,Point (24.9293577 60.1688181),24.9293577,60.1688181,POI
6070,Factory Bar,bar,Point (24.9288606 60.1688541),24.9288606,60.1688541,POI
6071,K-Market,convenience,Point (24.9334984 60.1644014),24.9334984,60.1644014,POI
6072,Rauhanpuu,memorial,Point (24.8891542 60.1612058),24.8891542,60.1612058,POI
6073,Sidewalk Bar,pub,Point (24.8825558 60.1606435),24.8825558,60.1606435,POI
6074,Ihana Kahvila Baari,cafe,Point (24.948899 60.1690613),24.948899,60.1690613,POI
6075,GROOM James,hairdresser,Point (24.8869593 60.1610163),24.8869593,60.1610163,POI
6076,Hair Spot,hairdresser,Point (24.8876998 60.1607804),24.8876998,60.1607804,POI
6077,Kamelia Shop,clothes,Point (24.8886573 60.1608818),24.8886573,60.1608818,POI
6078,Lauttasaaren silm?l??k?rikeskus,doctors,Point (24.889993 60.1613129),24.889993,60.1613129,POI
6079,Salon Pepe ?hman,hairdresser,Point (24.8815263 60.1602236),24.8815263,60.1602236,POI
6080,Instrumentarium,optician,Point (24.880954 60.1602199),24.880954,60.1602199,POI
6081,Darina,beauty_shop,Point (24.8853904 60.1605121),24.8853904,60.1605121,POI
6082,Sol pesula,laundry,Point (24.8855452 60.1605278),24.8855452,60.1605278,POI
6083,Clean Kalle,laundry,Point (24.8805114 60.1606669),24.8805114,60.1606669,POI
6084,Alko,beverages,Point (24.8815781 60.1601381),24.8815781,60.1601381,POI
6085,gateau,bakery,Point (24.8814115 60.1600656),24.8814115,60.1600656,POI
6086,Pizzeria Luca,restaurant,Point (24.8806854 60.16008),24.8806854,60.16008,POI
6087,Pien,beverages,Point (24.9447443 60.1697019),24.9447443,60.1697019,POI
6088,Amanka,beauty_shop,Point (24.9055766 60.1925639),24.9055766,60.1925639,POI
6089,Subway,fast_food,Point (24.9095915 60.1921974),24.9095915,60.1921974,POI
6090,Salon Fun-Fun,hairdresser,Point (24.9136751 60.1906346),24.9136751,60.1906346,POI
6091,Final Frontier,computer_shop,Point (24.9147721 60.1906736),24.9147721,60.1906736,POI
6092,Crystal Beauty,beauty_shop,Point (24.9102981 60.1924876),24.9102981,60.1924876,POI
6093,T??l?ntullin Pesula,laundry,Point (24.9079547 60.1933178),24.9079547,60.1933178,POI
6094,Bistro,restaurant,Point (24.9114505 60.1909102),24.9114505,60.1909102,POI
6095,Laakson Kukka,florist,Point (24.9061327 60.1938776),24.9061327,60.1938776,POI
6096,W¨¹rth Helsinki-Pasila,doityourself,Point (24.9394848 60.1988985),24.9394848,60.1988985,POI
6097,Teater Viirus,theatre,Point (24.9155447 60.1587551),24.9155447,60.1587551,POI
6098,Lahjoitustavaran vastaanotto,recycling_clothes,Point (24.9736674 60.1984591),24.9736674,60.1984591,POI
6099,Deliberi,restaurant,Point (24.9431192 60.1694184),24.9431192,60.1694184,POI
6100,Riviera Kallio,cinema,Point (24.957698 60.1877458),24.957698,60.1877458,POI
6101,Lopez y Lopez Punavuori,restaurant,Point (24.9409053 60.1629564),24.9409053,60.1629564,POI
6102,,toilet,Point (24.9240258 60.1842188),24.9240258,60.1842188,POI
6103,,toilet,Point (24.9203007 60.1838966),24.9203007,60.1838966,POI
6104,,toilet,Point (24.9105436 60.1637083),24.9105436,60.1637083,POI
6105,U.S nails,beauty_shop,Point (24.9194775 60.1593761),24.9194775,60.1593761,POI
6106,Orion,cinema,Point (24.9327601 60.1664308),24.9327601,60.1664308,POI
6107,Dylan Marmoripiha,restaurant,Point (24.9436093 60.1683916),24.9436093,60.1683916,POI
6108,Yes Yes Yes,restaurant,Point (24.9438937 60.1641975),24.9438937,60.1641975,POI
6109,Raw'n More,cafe,Point (24.924278 60.1800119),24.924278,60.1800119,POI
6110,Suomenlinna Matkailuneuvonta,tourist_info,Point (24.9848907 60.1488313),24.9848907,60.1488313,POI
6111,Ravintola Kaarti,restaurant,Point (24.9171242 60.1768337),24.9171242,60.1768337,POI
6112,Valon tuoja - Talvisodan kansallinen muistomerkki,monument,Point (24.9489579 60.1650025),24.9489579,60.1650025,POI
6113,Carousel Nursery School,kindergarten,Point (24.9038455 60.1657905),24.9038455,60.1657905,POI
6114,,bench,Point (24.9085624 60.161177),24.9085624,60.161177,POI
6115,,bench,Point (24.9085904 60.1611838),24.9085904,60.1611838,POI
6116,,bench,Point (24.9086241 60.1611928),24.9086241,60.1611928,POI
6117,,bench,Point (24.9095169 60.161334),24.9095169,60.161334,POI
6118,,bench,Point (24.9095495 60.1613378),24.9095495,60.1613378,POI
6119,,bench,Point (24.9095826 60.1613417),24.9095826,60.1613417,POI
6120,,bench,Point (24.9100481 60.1614089),24.9100481,60.1614089,POI
6121,,bench,Point (24.9101405 60.1614154),24.9101405,60.1614154,POI
6122,,bench,Point (24.9102328 60.1614218),24.9102328,60.1614218,POI
6123,,bench,Point (24.9108095 60.1614694),24.9108095,60.1614694,POI
6124,,bench,Point (24.910879 60.1614723),24.910879,60.1614723,POI
6125,,bench,Point (24.9109486 60.1614757),24.9109486,60.1614757,POI
6126,,bench,Point (24.9122147 60.1616054),24.9122147,60.1616054,POI
6127,,bench,Point (24.9120351 60.1615872),24.9120351,60.1615872,POI
6128,,bench,Point (24.9118645 60.1615693),24.9118645,60.1615693,POI
6129,Taideteos,artwork,Point (24.8988054 60.2004638),24.8988054,60.2004638,POI
6130,Kapteeninmuistikko,artwork,Point (24.9450507 60.1579078),24.9450507,60.1579078,POI
6131,Merenneito,artwork,Point (24.9448815 60.1665528),24.9448815,60.1665528,POI
6132,Hei vaan,artwork,Point (24.9499754 60.1677068),24.9499754,60.1677068,POI
6133,Leikki II / Aallottaria,artwork,Point (24.9505908 60.1677267),24.9505908,60.1677267,POI
6134,Hirvi,artwork,Point (24.931528 60.1713288),24.931528,60.1713288,POI
6135,Odotus,artwork,Point (24.9511693 60.1560442),24.9511693,60.1560442,POI
6136,Kolme astiaa kantavaa poikaa,artwork,Point (24.9402349 60.1574769),24.9402349,60.1574769,POI
6137,,viewpoint,Point (24.9531199 60.1618806),24.9531199,60.1618806,POI
6138,Taistelija / Valmis,artwork,Point (24.9409425 60.1550193),24.9409425,60.1550193,POI
6139,?itiyden ilo,artwork,Point (24.941435 60.1550272),24.941435,60.1550272,POI
6140,Tiedon tasot,artwork,Point (24.9363351 60.1660448),24.9363351,60.1660448,POI
6141,Fucus,artwork,Point (24.9343842 60.1551414),24.9343842,60.1551414,POI
6142,?iti ja lapset;Kaksi lasta,artwork,Point (24.9398204 60.1668992),24.9398204,60.1668992,POI
6143,Odottamaton vieras,artwork,Point (24.9392039 60.1676014),24.9392039,60.1676014,POI
6144,,toilet,Point (24.9397071 60.1666491),24.9397071,60.1666491,POI
6145,Cordula,artwork,Point (24.9561035 60.170827),24.9561035,60.170827,POI
6146,Urbaani puu,artwork,Point (24.9595542 60.1674807),24.9595542,60.1674807,POI
6147,Tove Jansson,memorial,Point (24.9477938 60.1634499),24.9477938,60.1634499,POI
6148,Asfalttikukkaset,artwork,Point (24.943452 60.1624389),24.943452,60.1624389,POI
6149,Tiedonpuu Punavuoressa,artwork,Point (24.9386684 60.1613282),24.9386684,60.1613282,POI
6150,Pysyvien rakenteiden lis?ksi my?s tilap?iset ilmi?t vaikuttavat paikan luonteeseen,artwork,Point (24.942165 60.1592227),24.942165,60.1592227,POI
6151,Olo n:o 22,artwork,Point (24.9290935 60.161567),24.9290935,60.161567,POI
6152,Helsingfors sims?llskaps (HSS),memorial,Point (24.9384986 60.1537231),24.9384986,60.1537231,POI
6153,Viheltelev? helsinkil?inen,artwork,Point (24.9436993 60.1640378),24.9436993,60.1640378,POI
6154,,viewpoint,Point (24.9550651 60.1555479),24.9550651,60.1555479,POI
6155,,viewpoint,Point (24.9555157 60.154738),24.9555157,60.154738,POI
6156,Kalastava karhu,artwork,Point (24.9576296 60.1572541),24.9576296,60.1572541,POI
6157,Ilvekset,artwork,Point (24.95582 60.1591752),24.95582,60.1591752,POI
6158,Juutalaispakolaisten muistomerkki / Apua anovat k?det,memorial,Point (24.953726 60.1631527),24.953726,60.1631527,POI
6159,Habsburg-h?yrylaivan muistomerkki,memorial,Point (24.9527562 60.1633038),24.9527562,60.1633038,POI
6160,P?in merta myrsky?v??,artwork,Point (24.9524388 60.1647683),24.9524388,60.1647683,POI
6161,S??st?j?,artwork,Point (24.9498197 60.1657548),24.9498197,60.1657548,POI
6162,Atlantit,artwork,Point (24.943439 60.1654949),24.943439,60.1654949,POI
6163,Gornij Dubnjakin taistelun muistomerkki,memorial,Point (24.9489236 60.1642597),24.9489236,60.1642597,POI
6164,Kalat,artwork,Point (24.9448764 60.1668983),24.9448764,60.1668983,POI
6165,Tyynykivi,memorial,Point (24.9568832 60.154792),24.9568832,60.154792,POI
6166,Gr?n,restaurant,Point (24.9324784 60.1647183),24.9324784,60.1647183,POI
6167,Pro Teekkari,artwork,Point (24.9311448 60.1629601),24.9311448,60.1629601,POI
6168,Rakastunut - tai sitten ei!,artwork,Point (24.9273133 60.1628367),24.9273133,60.1628367,POI
6169,Pietarin kalansaalis,artwork,Point (24.958495 60.1698718),24.958495,60.1698718,POI
6170,Japanin ja Suomen yst?vyyden muistokivi,memorial,Point (24.9600034 60.1708999),24.9600034,60.1708999,POI
6171,Kivipuutarha,artwork,Point (24.9580107 60.1714755),24.9580107,60.1714755,POI
6172,Kilpimies,artwork,Point (24.955069 60.1704328),24.955069,60.1704328,POI
6173,Kahvila L?hde,cafe,Point (24.9129 60.1675),24.9129,60.1675,POI
6174,Ulrika Eleonoran kirkon muistomedaljonki,memorial,Point (24.9515498 60.1695619),24.9515498,60.1695619,POI
6175,Aleksanteri I ja Porvoon valtiop?iv?t 1809,memorial,Point (24.9537332 60.1712089),24.9537332,60.1712089,POI
6176,Kaksitoista apostolia,artwork,Point (24.9521999 60.170178),24.9521999,60.170178,POI
6177,"Kuparikonstruktio, Suomen Pankin suihkukaivo",artwork,Point (24.9521255 60.1713596),24.9521255,60.1713596,POI
6178,Palatino infantiles,artwork,Point (24.9510603 60.1726252),24.9510603,60.1726252,POI
6179,Portinvartija,artwork,Point (24.9513051 60.1719095),24.9513051,60.1719095,POI
6180,Viisas hiiri,artwork,Point (24.9520961 60.1718258),24.9520961,60.1718258,POI
6181,Kolme Geniusta,artwork,Point (24.952703 60.1716611),24.952703,60.1716611,POI
6182,Lukemattomat merkit,artwork,Point (24.9502358 60.1725468),24.9502358,60.1725468,POI
6183,"Filosofia, L??ketiede, Teologia ja Juridiikka",artwork,Point (24.9506575 60.1703852),24.9506575,60.1703852,POI
6184,"Historia, Oikeustiede, Filosofia, Taide, L??ketiede, Astronomia, Fysiikka ja Luonnonhistoria",artwork,Point (24.9498595 60.1703145),24.9498595,60.1703145,POI
6185,Matti Pohdon hautamuistomerkki,memorial,Point (24.9502463 60.1699974),24.9502463,60.1699974,POI
6186,Wuorion talon julkisivuveistokset,artwork,Point (24.950865 60.1684864),24.950865,60.1684864,POI
6187,Yst?vyysp?iv?n muistokivi,memorial,Point (24.9432891 60.1759393),24.9432891,60.1759393,POI
6188,Tehtaanpuiston yleis?vessa,toilet,Point (24.9418467 60.1594205),24.9418467,60.1594205,POI
6189,,toilet,Point (24.9496801 60.1673073),24.9496801,60.1673073,POI
6190,,toilet,Point (24.9677241 60.1646688),24.9677241,60.1646688,POI
6191,Kuluttajaperhe,artwork,Point (24.9476947 60.1690469),24.9476947,60.1690469,POI
6192,Vuolukivinaamiot,artwork,Point (24.9458537 60.1688219),24.9458537,60.1688219,POI
6193,V?in?m?inen,artwork,Point (24.9406603 60.1688923),24.9406603,60.1688923,POI
6194,Ilmarinen,artwork,Point (24.9405104 60.168934),24.9405104,60.168934,POI
6195,Ehrenstr?m ja Engel,memorial,Point (24.9506642 60.1699841),24.9506642,60.1699841,POI
6196,Fazerin kukko,artwork,Point (24.9475125 60.1684885),24.9475125,60.1684885,POI
6197,Kehruu ja Mets?stys,artwork,Point (24.9460654 60.1689836),24.9460654,60.1689836,POI
6198,Kluuvinlahden fossiilit,artwork,Point (24.9474279 60.1690289),24.9474279,60.1690289,POI
6199,Ateneumin julkisivuveistokset,artwork,Point (24.944182 60.1702625),24.944182,60.1702625,POI
6200,Kilpiveistos,artwork,Point (24.9390504 60.1698988),24.9390504,60.1698988,POI
6201,Laulupuut,artwork,Point (24.9356468 60.173203),24.9356468,60.173203,POI
6202,Opera Ophidia,artwork,Point (24.9307919 60.1791889),24.9307919,60.1791889,POI
6203,Mekkomania,clothes,Point (24.9530209 60.1861545),24.9530209,60.1861545,POI
6204,Rapakivisiirtolohkare,memorial,Point (24.9569541 60.1540739),24.9569541,60.1540739,POI
6205,Kalliopoimut,memorial,Point (24.9568475 60.153944),24.9568475,60.153944,POI
6206,M&S Outlet,department_store,Point (24.9384519 60.170635),24.9384519,60.170635,POI
6207,Danaidit,artwork,Point (24.9092533 60.1866313),24.9092533,60.1866313,POI
6208,Katse tulevaisuuteen,artwork,Point (24.9087026 60.1866269),24.9087026,60.1866269,POI
6209,Johannes Kastaja,artwork,Point (24.9454338 60.1619635),24.9454338,60.1619635,POI
6210,Apostoli Johannes,artwork,Point (24.9458908 60.1615457),24.9458908,60.1615457,POI
6211,Sokerileipuri Alenius,cafe,Point (24.9497901 60.156114),24.9497901,60.156114,POI
6212,Sokerileipuri Alenius,bakery,Point (24.9497901 60.156114),24.9497901,60.156114,POI
6213,,post_box,Point (24.9196226 60.1602942),24.9196226,60.1602942,POI
6214,,fountain,Point (24.9437097 60.1736058),24.9437097,60.1736058,POI
6215,,fountain,Point (24.9563014 60.169413),24.9563014,60.169413,POI
6216,,fountain,Point (24.9457306 60.175106),24.9457306,60.175106,POI
6217,,fountain,Point (24.9506031 60.1677266),24.9506031,60.1677266,POI
6218,,fountain,Point (24.9499652 60.1677066),24.9499652,60.1677066,POI
6219,,fountain,Point (24.9448813 60.166559),24.9448813,60.166559,POI
6220,,fountain,Point (24.94359 60.1650225),24.94359,60.1650225,POI
6221,,fountain,Point (24.9529155 60.1611669),24.9529155,60.1611669,POI
6222,,fountain,Point (24.9347717 60.171766),24.9347717,60.171766,POI
6223,S??tytalon suihkul?hde,artwork,Point (24.9549468 60.1712605),24.9549468,60.1712605,POI
6224,,bench,Point (24.8901031 60.1465734),24.8901031,60.1465734,POI
6225,Sin? verhoudut valoon,memorial,Point (24.9138571 60.1702696),24.9138571,60.1702696,POI
6226,Juho Kusti Paasikivi,memorial,Point (24.9096752 60.1720166),24.9096752,60.1720166,POI
6227,Maaemo,memorial,Point (24.9086996 60.1710157),24.9086996,60.1710157,POI
6228,Kukkula 13,artwork,Point (24.964508 60.1691518),24.964508,60.1691518,POI
6229,Kohtauspaikat / Pieni kohtauspaikka,artwork,Point (24.9322213 60.1672433),24.9322213,60.1672433,POI
6230,Rakuuna-reliefi,memorial,Point (24.9352982 60.1702241),24.9352982,60.1702241,POI
6231,,fountain,Point (24.9322299 60.1692214),24.9322299,60.1692214,POI
6232,Karhu,artwork,Point (24.932127 60.1748638),24.932127,60.1748638,POI
6233,Mies hiljentyneen? ikuisuuden edess?,memorial,Point (24.9095481 60.1725671),24.9095481,60.1725671,POI
6234,Kauppiaita,artwork,Point (24.9233193 60.1718595),24.9233193,60.1718595,POI
6235,Liikevoitto,artwork,Point (24.9235032 60.1718137),24.9235032,60.1718137,POI
6236,Tiedonpuu,artwork,Point (24.9283883 60.1739558),24.9283883,60.1739558,POI
6237,Kaksi Karhua,artwork,Point (24.9232528 60.1753224),24.9232528,60.1753224,POI
6238,Poika ja kala,artwork,Point (24.9177734 60.174641),24.9177734,60.174641,POI
6239,Aurinkokello,artwork,Point (24.9047497 60.172966),24.9047497,60.172966,POI
6240,Armour,artwork,Point (24.9359155 60.1746796),24.9359155,60.1746796,POI
6241,Gaia,artwork,Point (24.9344628 60.1737616),24.9344628,60.1737616,POI
6242,Sokeritytt?,artwork,Point (24.9285853 60.1802946),24.9285853,60.1802946,POI
6243,Oodi 60 000 j?rvelle,artwork,Point (24.9276979 60.1798549),24.9276979,60.1798549,POI
6244,Graniittipursi,artwork,Point (24.92677 60.1784056),24.92677,60.1784056,POI
6245,Alkun?yt?s,artwork,Point (24.9283751 60.1814062),24.9283751,60.1814062,POI
6246,Kivinen vieras,artwork,Point (24.9297281 60.1821112),24.9297281,60.1821112,POI
6247,Kala ja poika,artwork,Point (24.9248431 60.1831748),24.9248431,60.1831748,POI
6248,El?m?n virta,artwork,Point (24.9196616 60.1799237),24.9196616,60.1799237,POI
6249,Fuuga,artwork,Point (24.9224287 60.1792186),24.9224287,60.1792186,POI
6250,Lukusali,artwork,Point (24.9179388 60.1835004),24.9179388,60.1835004,POI
6251,Toivo Kuula,memorial,Point (24.9127483 60.177843),24.9127483,60.177843,POI
6252,Kullervo puhuu miekalleen,artwork,Point (24.9320045 60.1853907),24.9320045,60.1853907,POI
6253,L?hde / UKK-muistomerkki,memorial,Point (24.9315961 60.1765889),24.9315961,60.1765889,POI
6254,Tahko Pihkala,memorial,Point (24.9294331 60.1860402),24.9294331,60.1860402,POI
6255,Think Corner,cafe,Point (24.9486218 60.1697307),24.9486218,60.1697307,POI
6256,Yksil? ja Yhteis?,artwork,Point (24.8994733 60.1660456),24.8994733,60.1660456,POI
6257,Liian painavat vieraat,artwork,Point (24.9002043 60.1652494),24.9002043,60.1652494,POI
6258,Vooki,artwork,Point (24.9008435 60.1622356),24.9008435,60.1622356,POI
6259,Lepakko,artwork,Point (24.9145561 60.1646823),24.9145561,60.1646823,POI
6260,Nimet?n Ruoholahdessa,artwork,Point (24.9128477 60.1641675),24.9128477,60.1641675,POI
6261,Ruoholahden tilateos,artwork,Point (24.915555 60.1631872),24.915555,60.1631872,POI
6262,ABC kissa k?velee,artwork,Point (24.9192149 60.1620888),24.9192149,60.1620888,POI
6263,Kihlaus,artwork,Point (24.9140774 60.1620806),24.9140774,60.1620806,POI
6264,Lauttasaaren karhu,artwork,Point (24.8671365 60.1567968),24.8671365,60.1567968,POI
6265,P??tepiste,artwork,Point (24.9173146 60.1601839),24.9173146,60.1601839,POI
6266,K??rme paratiisissa,artwork,Point (24.9173066 60.1612369),24.9173066,60.1612369,POI
6267,Poikkeama,artwork,Point (24.9144123 60.1607093),24.9144123,60.1607093,POI
6268,Mare,artwork,Point (24.9132175 60.1589019),24.9132175,60.1589019,POI
6269,Kaksoset,artwork,Point (24.9203075 60.1576068),24.9203075,60.1576068,POI
6270,?ljypisarat,artwork,Point (24.9200966 60.1584677),24.9200966,60.1584677,POI
6271,Keskustelu It?merest?,artwork,Point (24.9196912 60.1591467),24.9196912,60.1591467,POI
6272,Konsertto laaksolle,artwork,Point (24.924658 60.1874208),24.924658,60.1874208,POI
6273,Julius af Lindfors,memorial,Point (24.9318095 60.1859514),24.9318095,60.1859514,POI
6274,Horisontti,artwork,Point (24.9222004 60.1609362),24.9222004,60.1609362,POI
6275,Satama,artwork,Point (24.9207983 60.1600275),24.9207983,60.1600275,POI
6276,Kosketus / Suojaava taivas,artwork,Point (24.9157706 60.1623125),24.9157706,60.1623125,POI
6277,Helsinki Arch,artwork,Point (24.8826024 60.1906082),24.8826024,60.1906082,POI
6278,Avoin syli (Kivipenkki),artwork,Point (24.932263 60.186123),24.932263,60.186123,POI
6279,Sairaanhoito,artwork,Point (24.9021501 60.1912212),24.9021501,60.1912212,POI
6280,Laupias Samarialainen,artwork,Point (24.9037511 60.193071),24.9037511,60.193071,POI
6281,Liekehtiv? Fenix,artwork,Point (24.8977869 60.1942464),24.8977869,60.1942464,POI
6282,Yll?tys,artwork,Point (24.9085333 60.1914099),24.9085333,60.1914099,POI
6283,Kurki on laskeutunut,artwork,Point (24.9034597 60.1975035),24.9034597,60.1975035,POI
6284,Vaivaisukko,artwork,Point (24.8862985 60.1827801),24.8862985,60.1827801,POI
6285,Lukutupa,artwork,Point (24.9217523 60.169781),24.9217523,60.169781,POI
6286,,viewpoint,Point (24.8820924 60.1767167),24.8820924,60.1767167,POI
6287,Sulamaton musta / Lumiukko,artwork,Point (24.8946859 60.2015089),24.8946859,60.2015089,POI
6288,Vapaaheitto,artwork,Point (24.8774725 60.1999383),24.8774725,60.1999383,POI
6289,Matti,artwork,Point (24.883955 60.1964337),24.883955,60.1964337,POI
6290,Jaakko,artwork,Point (24.8842237 60.1967377),24.8842237,60.1967377,POI
6291,Betonisinfonia,artwork,Point (24.8755388 60.1956005),24.8755388,60.1956005,POI
6292,Black Door,pub,Point (24.9437404 60.1641432),24.9437404,60.1641432,POI
6293,Aino,clothes,Point (24.938552 60.163374),24.938552,60.163374,POI
6294,Mabel,beauty_shop,Point (24.9466181 60.1612105),24.9466181,60.1612105,POI
6295,Keidas,artwork,Point (24.9384472 60.1682641),24.9384472,60.1682641,POI
6296,Nereidi,artwork,Point (24.9384905 60.1692805),24.9384905,60.1692805,POI
6297,Hiljaisuuden jalanj?ljet,artwork,Point (24.9372167 60.1696908),24.9372167,60.1696908,POI
6298,Maalaistentalon julkisivuveistokset,artwork,Point (24.9371427 60.1692618),24.9371427,60.1692618,POI
6299,Gekko,artwork,Point (24.9330151 60.1694607),24.9330151,60.1694607,POI
6300,Juutalaisuhrien muistomerkki,memorial,Point (24.9285091 60.1675178),24.9285091,60.1675178,POI
6301,"Maa, ilma, tuli ja vesi",artwork,Point (24.9303644 60.1685702),24.9303644,60.1685702,POI
6302,Verkosto,artwork,Point (24.9476454 60.1720314),24.9476454,60.1720314,POI
6303,Lastensiirrot 1939-1945,memorial,Point (24.9399225 60.1713703),24.9399225,60.1713703,POI
6304,Sininen suora,artwork,Point (24.9413051 60.1713794),24.9413051,60.1713794,POI
6305,VR:n 100-vuotismuistolaatta,memorial,Point (24.9416759 60.1707426),24.9416759,60.1707426,POI
6306,Metrolinjat,artwork,Point (24.9401684 60.1703368),24.9401684,60.1703368,POI
6307,Kleobis ja Biton,artwork,Point (24.9405969 60.1689099),24.9405969,60.1689099,POI
6308,We are all grains of sand,artwork,Point (24.9342735 60.1538573),24.9342735,60.1538573,POI
6309,Kohtaaminen,artwork,Point (24.8883325 60.193695),24.8883325,60.193695,POI
6310,Forumin kiviallas,artwork,Point (24.889342 60.193711),24.889342,60.193711,POI
6311,Istuva tytt?,artwork,Point (24.8819018 60.1942893),24.8819018,60.1942893,POI
6312,,artwork,Point (24.876122 60.1982314),24.876122,60.1982314,POI
6313,Kasvu ja liekki,artwork,Point (24.8789695 60.1973193),24.8789695,60.1973193,POI
6314,Palapeli,artwork,Point (24.8820424 60.1961578),24.8820424,60.1961578,POI
6315,Otto,atm,Point (24.9194817 60.1603154),24.9194817,60.1603154,POI
6316,Ruotsinsalmen vuoden 1790 taistelun muistomerkki,memorial,Point (24.9864813 60.1441164),24.9864813,60.1441164,POI
6317,Terveystalo Pit?j?nm?ki,clinic,Point (24.8762795 60.217968),24.8762795,60.217968,POI
6318,Emil Halosen ateljeen muistoreliefi,memorial,Point (24.9451751 60.1779804),24.9451751,60.1779804,POI
6319,Toriel?m?? Hakaniemess?,artwork,Point (24.9502919 60.1795082),24.9502919,60.1795082,POI
6320,,toilet,Point (24.9528531 60.1664942),24.9528531,60.1664942,POI
6321,Urbanisti,artwork,Point (24.9412861 60.184162),24.9412861,60.184162,POI
6322,Katri Valan muistolaatta,memorial,Point (24.9631419 60.1871974),24.9631419,60.1871974,POI
6323,Rakentajan k?si,artwork,Point (24.944552 60.188344),24.944552,60.188344,POI
6324,Helsingin Suomalainen Klubi,restaurant,Point (24.9340751 60.1674248),24.9340751,60.1674248,POI
6325,,bench,Point (24.8810288 60.1560417),24.8810288,60.1560417,POI
6326,,waste_basket,Point (24.8740287 60.1569787),24.8740287,60.1569787,POI
6327,Fond,restaurant,Point (24.8848653 60.156307),24.8848653,60.156307,POI
6328,?ff?,restaurant,Point (24.9480018 60.189042),24.9480018,60.189042,POI
6329,Thai O'Cha S?rn?inen,restaurant,Point (24.9568029 60.1874718),24.9568029,60.1874718,POI
6330,,drinking_water,Point (24.9113393 60.1716545),24.9113393,60.1716545,POI
6331,Vapaan Taiteen Tila,arts_centre,Point (24.9635777 60.1872424),24.9635777,60.1872424,POI
6332,Noah Cafe,cafe,Point (24.9584184 60.183548),24.9584184,60.183548,POI
6333,,bench,Point (24.9453831 60.1577301),24.9453831,60.1577301,POI
6334,,bench,Point (24.9449897 60.1576644),24.9449897,60.1576644,POI
6335,,bench,Point (24.9448731 60.1579052),24.9448731,60.1579052,POI
6336,,bench,Point (24.9453668 60.1580259),24.9453668,60.1580259,POI
6337,Caf¨¦ Metro,cafe,Point (24.9474229 60.1718542),24.9474229,60.1718542,POI
6338,"UniSport, Kluuvi",sports_centre,Point (24.9489473 60.1697206),24.9489473,60.1697206,POI
6339,Diakonia-ammattikorkeakoulun kirjasto,library,Point (24.9687552 60.1992455),24.9687552,60.1992455,POI
6340,,bench,Point (24.9221264 60.1673754),24.9221264,60.1673754,POI
6341,Vesiviskuri,memorial,Point (24.9580393 60.1675712),24.9580393,60.1675712,POI
6342,Jiahe Asian Market,convenience,Point (24.9541676 60.179956),24.9541676,60.179956,POI
6343,Hamro bazaar,convenience,Point (24.9520477 60.1802251),24.9520477,60.1802251,POI
6344,,bench,Point (24.9143183 60.2124099),24.9143183,60.2124099,POI
6345,studioKA,hairdresser,Point (24.9282084 60.1657108),24.9282084,60.1657108,POI
6346,Sodexo Teollisuuskatu 21,restaurant,Point (24.9483073 60.194602),24.9483073,60.194602,POI
6347,,recycling_glass,Point (24.9095041 60.1931652),24.9095041,60.1931652,POI
6348,,viewpoint,Point (24.9544793 60.1626486),24.9544793,60.1626486,POI
6349,Ravintola B?x,restaurant,Point (24.920927 60.2071246),24.920927,60.2071246,POI
6350,,camera_surveillance,Point (24.9067569 60.1840272),24.9067569,60.1840272,POI
6351,,camera_surveillance,Point (24.9072289 60.1844967),24.9072289,60.1844967,POI
6352,,camera_surveillance,Point (24.9074328 60.1851468),24.9074328,60.1851468,POI
6353,,camera_surveillance,Point (24.9059173 60.18429),24.9059173,60.18429,POI
6354,Holiday Bar,bar,Point (24.9591074 60.1687546),24.9591074,60.1687546,POI
6355,Kuikkarinne,bicycle_rental,Point (24.8693427 60.1570584),24.8693427,60.1570584,POI
6356,Paciuksenkatu,bicycle_rental,Point (24.9013302 60.1915145),24.9013302,60.1915145,POI
6357,Nordenski?ldinaukio,bicycle_rental,Point (24.9172497 60.1852395),24.9172497,60.1852395,POI
6358,Cygnaeuksenkatu,bicycle_rental,Point (24.9282105 60.1740181),24.9282105,60.1740181,POI
6359,Lepp?suonaukio,bicycle_rental,Point (24.926493 60.1695812),24.926493,60.1695812,POI
6360,Salmisaarenranta,bicycle_rental,Point (24.9009405 60.1647826),24.9009405,60.1647826,POI
6361,Annankatu,bicycle_rental,Point (24.9417698 60.1634501),24.9417698,60.1634501,POI
6362,Per?miehenkatu,bicycle_rental,Point (24.9338096 60.1599903),24.9338096,60.1599903,POI
6363,Isois?nsilta,bicycle_rental,Point (24.981602 60.1825182),24.981602,60.1825182,POI
6364,Kustaankatu,bicycle_rental,Point (24.9559781 60.1882726),24.9559781,60.1882726,POI
6365,,post_box,Point (24.9062299 60.1902906),24.9062299,60.1902906,POI
6366,Eevert,restaurant,Point (24.9436476 60.1630652),24.9436476,60.1630652,POI
6367,Wino,restaurant,Point (24.9534889 60.1860112),24.9534889,60.1860112,POI
6368,Subway,fast_food,Point (24.9477717 60.194268),24.9477717,60.194268,POI
6369,Humallahden uimala,memorial,Point (24.9044728 60.186065),24.9044728,60.186065,POI
6370,,bench,Point (24.9160279 60.169507),24.9160279,60.169507,POI
6371,,bench,Point (24.9148999 60.1699491),24.9148999,60.1699491,POI
6372,,bench,Point (24.910098 60.1707324),24.910098,60.1707324,POI
6373,,bench,Point (24.9125782 60.170622),24.9125782,60.170622,POI
6374,,bench,Point (24.9113592 60.1707429),24.9113592,60.1707429,POI
6375,"Helsingin yliopisto, juhlasali",university,Point (24.950505 60.1694709),24.950505,60.1694709,POI
6376,,hairdresser,Point (24.938608 60.1976787),24.938608,60.1976787,POI
6377,,bench,Point (24.9044642 60.1861555),24.9044642,60.1861555,POI
6378,J.K. Paasikivi,memorial,Point (24.9126846 60.1866305),24.9126846,60.1866305,POI
6379,Pastelaria Brasil,restaurant,Point (24.9421273 60.1996516),24.9421273,60.1996516,POI
6380,Tuulenpes?,artwork,Point (24.9803884 60.2096944),24.9803884,60.2096944,POI
6381,Liikkumattomia tanssijoita,artwork,Point (24.9804475 60.2082707),24.9804475,60.2082707,POI
6382,Liikkumattomia tanssijoita,artwork,Point (24.9815928 60.2080308),24.9815928,60.2080308,POI
6383,Sininen hetki,artwork,Point (24.9803133 60.206357),24.9803133,60.206357,POI
6384,La Bottega,restaurant,Point (24.944889 60.1583135),24.944889,60.1583135,POI
6385,Espresso House,cafe,Point (24.9415295 60.1701594),24.9415295,60.1701594,POI
6386,Espresso House,cafe,Point (24.9322823 60.1687816),24.9322823,60.1687816,POI
6387,eBike Store,bicycle_shop,Point (24.8768167 60.2061553),24.8768167,60.2061553,POI
6388,Hello Bike,bicycle_shop,Point (24.9419501 60.1916949),24.9419501,60.1916949,POI
6389,,waste_basket,Point (24.9441996 60.1925716),24.9441996,60.1925716,POI
6390,Sirppi ja vasara,artwork,Point (24.9176109 60.1863672),24.9176109,60.1863672,POI
6391,Per Aspera Ad Astra,artwork,Point (24.9108647 60.1885344),24.9108647,60.1885344,POI
6392,El?m?n sinfonia,artwork,Point (24.9112265 60.1882166),24.9112265,60.1882166,POI
6393,Taivasmatka,artwork,Point (24.9111723 60.1882766),24.9111723,60.1882766,POI
6394,Seitsem?s taivas,artwork,Point (24.9113693 60.1882965),24.9113693,60.1882965,POI
6395,Hanki,artwork,Point (24.911516 60.1883265),24.911516,60.1883265,POI
6396,Aallotar,artwork,Point (24.9115381 60.1882326),24.9115381,60.1882326,POI
6397,Yhteenkasvaneet,artwork,Point (24.9115542 60.1881586),24.9115542,60.1881586,POI
6398,Muukalainen,artwork,Point (24.9117633 60.1882706),24.9117633,60.1882706,POI
6399,Kuutamo sonaatti,artwork,Point (24.9118376 60.1883245),24.9118376,60.1883245,POI
6400,Pauhu,artwork,Point (24.9117773 60.1884914),24.9117773,60.1884914,POI
6401,T?hyst?j?,artwork,Point (24.9116507 60.1884165),24.9116507,60.1884165,POI
6402,Hamlet,artwork,Point (24.9116245 60.1884944),24.9116245,60.1884944,POI
6403,Lent?v? Hollantilainen,artwork,Point (24.9114798 60.1884844),24.9114798,60.1884844,POI
6404,Lintukoto,artwork,Point (24.9113733 60.1884315),24.9113733,60.1884315,POI
6405,El?m?nkaari,artwork,Point (24.9111944 60.1883475),24.9111944,60.1883475,POI
6406,Primavera,artwork,Point (24.9110778 60.1882975),24.9110778,60.1882975,POI
6407,,bench,Point (24.9117587 60.188152),24.9117587,60.188152,POI
6408,,bench,Point (24.9117743 60.188192),24.9117743,60.188192,POI
6409,,bench,Point (24.911704 60.1881581),24.911704,60.1881581,POI
6410,Newroz Parturi,hairdresser,Point (24.9601981 60.1873113),24.9601981,60.1873113,POI
6411,Punapursi,artwork,Point (24.9119607 60.1887134),24.9119607,60.1887134,POI
6412,Lidl,supermarket,Point (24.969212 60.2030651),24.969212,60.2030651,POI
6413,,car_wash,Point (24.9698669 60.2035491),24.9698669,60.2035491,POI
6414,Citikoti,hotel,Point (24.924846 60.1681666),24.924846,60.1681666,POI
6415,,recycling_paper,Point (24.9247572 60.1677637),24.9247572,60.1677637,POI
6416,,recycling_glass,Point (24.9248122 60.1677605),24.9248122,60.1677605,POI
6417,My Lunch,restaurant,Point (24.9070976 60.1639345),24.9070976,60.1639345,POI
6418,Brooklyn Baking Co.,bakery,Point (24.9400654 60.1623106),24.9400654,60.1623106,POI
6419,,gift_shop,Point (24.9593926 60.1668211),24.9593926,60.1668211,POI
6420,Lidl,supermarket,Point (24.932085 60.1696944),24.932085,60.1696944,POI
6421,Vita Nuova,artwork,Point (24.910677 60.1876163),24.910677,60.1876163,POI
6422,Jean Sibeliuksen tammi,memorial,Point (24.9332242 60.1856852),24.9332242,60.1856852,POI
6423,Kampaamo Amarillo,hairdresser,Point (24.9656682 60.2086029),24.9656682,60.2086029,POI
6424,Villa Vadelma,beauty_shop,Point (24.9659573 60.2087338),24.9659573,60.2087338,POI
6425,LuxMe,beauty_shop,Point (24.9660422 60.2086897),24.9660422,60.2086897,POI
6426,,bench,Point (24.925385 60.1726023),24.925385,60.1726023,POI
6427,,bench,Point (24.9254076 60.1726336),24.9254076,60.1726336,POI
6428,,bench,Point (24.9549879 60.1939836),24.9549879,60.1939836,POI
6429,,bench,Point (24.9552348 60.1939348),24.9552348,60.1939348,POI
6430,,bench,Point (24.955186 60.193911),24.955186,60.193911,POI
6431,,bench,Point (24.9550384 60.1940562),24.9550384,60.1940562,POI
6432,,bench,Point (24.9550767 60.1940419),24.9550767,60.1940419,POI
6433,,bench,Point (24.9549405 60.1940037),24.9549405,60.1940037,POI
6434,Vilho V?is?l?,memorial,Point (24.9252706 60.1828824),24.9252706,60.1828824,POI
6435,Sotasairaala 1939--1945,memorial,Point (24.9106562 60.1886763),24.9106562,60.1886763,POI
6436,,bench,Point (24.9117867 60.188169),24.9117867,60.188169,POI
6437,Seppo Hiltunen,memorial,Point (24.9520149 60.1688291),24.9520149,60.1688291,POI
6438,,waste_basket,Point (24.9659233 60.2035821),24.9659233,60.2035821,POI
6439,,waste_basket,Point (24.967928 60.2047625),24.967928,60.2047625,POI
6440,,waste_basket,Point (24.9593703 60.1988676),24.9593703,60.1988676,POI
6441,,waste_basket,Point (24.959596 60.1989196),24.959596,60.1989196,POI
6442,,waste_basket,Point (24.960095 60.1988938),24.960095,60.1988938,POI
6443,,waste_basket,Point (24.9604685 60.198758),24.9604685,60.198758,POI
6444,,waste_basket,Point (24.9601803 60.1980094),24.9601803,60.1980094,POI
6445,,waste_basket,Point (24.9602057 60.1982365),24.9602057,60.1982365,POI
6446,,waste_basket,Point (24.9607286 60.1976343),24.9607286,60.1976343,POI
6447,,waste_basket,Point (24.9609371 60.1977749),24.9609371,60.1977749,POI
6448,,waste_basket,Point (24.960653 60.1980496),24.960653,60.1980496,POI
6449,,waste_basket,Point (24.9599077 60.1982264),24.9599077,60.1982264,POI
6450,,bench,Point (24.96562 60.20907),24.96562,60.20907,POI
6451,,bench,Point (24.9656582 60.2090663),24.9656582,60.2090663,POI
6452,,bench,Point (24.9471754 60.1743792),24.9471754,60.1743792,POI
6453,,waste_basket,Point (24.9471804 60.1744147),24.9471804,60.1744147,POI
6454,Harppi ja t?hdet,artwork,Point (24.9691625 60.2004002),24.9691625,60.2004002,POI
6455,La Torrefazione,cafe,Point (24.9361066 60.1705766),24.9361066,60.1705766,POI
6456,Cafe Avella,cafe,Point (24.9230629 60.1848354),24.9230629,60.1848354,POI
6457,Yhdess?,artwork,Point (24.9405669 60.1695906),24.9405669,60.1695906,POI
6458,,waste_basket,Point (24.9627474 60.1998275),24.9627474,60.1998275,POI
6459,,bench,Point (24.9475142 60.1801204),24.9475142,60.1801204,POI
6460,,bench,Point (24.9474255 60.1800787),24.9474255,60.1800787,POI
6461,,bench,Point (24.9477949 60.1800064),24.9477949,60.1800064,POI
6462,Tri. Georg Kollmann,memorial,Point (24.8778773 60.1976337),24.8778773,60.1976337,POI
6463,Franz Olof Kollmann,memorial,Point (24.8778486 60.197639),24.8778486,60.197639,POI
6464,Janka Kollmann,memorial,Point (24.8778248 60.197645),24.8778248,60.197645,POI
6465,,bench,Point (24.9616708 60.1552295),24.9616708,60.1552295,POI
6466,,waste_basket,Point (24.9616112 60.1552171),24.9616112,60.1552171,POI
6467,,bench,Point (24.9615322 60.1551956),24.9615322,60.1551956,POI
6468,,waste_basket,Point (24.9555896 60.1548427),24.9555896,60.1548427,POI
6469,,waste_basket,Point (24.9559767 60.1565787),24.9559767,60.1565787,POI
6470,,waste_basket,Point (24.956243 60.1570453),24.956243,60.1570453,POI
6471,,waste_basket,Point (24.9549512 60.1578066),24.9549512,60.1578066,POI
6472,,bench,Point (24.932975 60.1596404),24.932975,60.1596404,POI
6473,,waste_basket,Point (24.9532283 60.1574461),24.9532283,60.1574461,POI
6474,,bench,Point (24.9498156 60.1558069),24.9498156,60.1558069,POI
6475,,bench,Point (24.947852 60.1553962),24.947852,60.1553962,POI
6476,,waste_basket,Point (24.94795 60.1554064),24.94795,60.1554064,POI
6477,,bench,Point (24.9495861 60.1556726),24.9495861,60.1556726,POI
6478,,bench,Point (24.9493397 60.1555662),24.9493397,60.1555662,POI
6479,,bench,Point (24.9476703 60.1553694),24.9476703,60.1553694,POI
6480,,bench,Point (24.9458667 60.1553922),24.9458667,60.1553922,POI
6481,,bench,Point (24.9459417 60.1551666),24.9459417,60.1551666,POI
6482,,bench,Point (24.9461316 60.155188),24.9461316,60.155188,POI
6483,,bench,Point (24.9473029 60.1555822),24.9473029,60.1555822,POI
6484,,bench,Point (24.9459745 60.1554112),24.9459745,60.1554112,POI
6485,,bench,Point (24.9475844 60.1556029),24.9475844,60.1556029,POI
6486,,bench,Point (24.9473733 60.155592),24.9473733,60.155592,POI
6487,,bench,Point (24.9471959 60.1555666),24.9471959,60.1555666,POI
6488,,bench,Point (24.9476995 60.1556134),24.9476995,60.1556134,POI
6489,,bench,Point (24.9330075 60.15959),24.9330075,60.15959,POI
6490,,bench,Point (24.9330259 60.1595569),24.9330259,60.1595569,POI
6491,,bench,Point (24.9329618 60.159672),24.9329618,60.159672,POI
6492,,bench,Point (24.9189697 60.1692284),24.9189697,60.1692284,POI
6493,,waste_basket,Point (24.9234147 60.1674508),24.9234147,60.1674508,POI
6494,,bench,Point (24.9142134 60.1706998),24.9142134,60.1706998,POI
6495,,bench,Point (24.907054 60.170693),24.907054,60.170693,POI
6496,,bench,Point (24.933291 60.1735501),24.933291,60.1735501,POI
6497,,bench,Point (24.9331599 60.1735992),24.9331599,60.1735992,POI
6498,,bench,Point (24.933096 60.173625),24.933096,60.173625,POI
6499,,bench,Point (24.933215 60.173576),24.933215,60.173576,POI
6500,THAI Orchid-Konepaja,restaurant,Point (24.9436693 60.193254),24.9436693,60.193254,POI
6501,Kukkakauppa Madonna,florist,Point (24.9563447 60.1715379),24.9563447,60.1715379,POI
6502,EasyHomes Erottaja,hotel,Point (24.9443152 60.1643962),24.9443152,60.1643962,POI
6503,"Henkil?st?ravintola, ravintola Spora",restaurant,Point (24.9616401 60.1951192),24.9616401,60.1951192,POI
6504,Alina Piu Store,clothes,Point (24.961223 60.1957563),24.961223,60.1957563,POI
6505,Ravintola Kapusta,restaurant,Point (24.9635722 60.2172784),24.9635722,60.2172784,POI
6506,,bench,Point (24.9607933 60.1968525),24.9607933,60.1968525,POI
6507,,bench,Point (24.960724 60.1968801),24.960724,60.1968801,POI
6508,,waste_basket,Point (24.9606267 60.196973),24.9606267,60.196973,POI
6509,,bench,Point (24.9612318 60.1969491),24.9612318,60.1969491,POI
6510,,waste_basket,Point (24.9649831 60.2127478),24.9649831,60.2127478,POI
6511,,waste_basket,Point (24.965517 60.2091549),24.965517,60.2091549,POI
6512,,waste_basket,Point (24.966811 60.2095468),24.966811,60.2095468,POI
6513,,waste_basket,Point (24.9677475 60.2103577),24.9677475,60.2103577,POI
6514,,waste_basket,Point (24.963742 60.2097135),24.963742,60.2097135,POI
6515,,waste_basket,Point (24.9652965 60.208773),24.9652965,60.208773,POI
6516,,waste_basket,Point (24.964359 60.2095259),24.964359,60.2095259,POI
6517,,waste_basket,Point (24.9596117 60.2056115),24.9596117,60.2056115,POI
6518,,waste_basket,Point (24.9632877 60.2075886),24.9632877,60.2075886,POI
6519,,bench,Point (24.9529343 60.2037871),24.9529343,60.2037871,POI
6520,,waste_basket,Point (24.9641209 60.1961656),24.9641209,60.1961656,POI
6521,,waste_basket,Point (24.9656446 60.1962162),24.9656446,60.1962162,POI
6522,,bench,Point (24.9633556 60.1971631),24.9633556,60.1971631,POI
6523,,bench,Point (24.9634749 60.1971685),24.9634749,60.1971685,POI
6524,,waste_basket,Point (24.9634153 60.1971671),24.9634153,60.1971671,POI
6525,,waste_basket,Point (24.9635593 60.1974188),24.9635593,60.1974188,POI
6526,,waste_basket,Point (24.955996 60.1952381),24.955996,60.1952381,POI
6527,,waste_basket,Point (24.9562094 60.1953649),24.9562094,60.1953649,POI
6528,,waste_basket,Point (24.9558237 60.1953145),24.9558237,60.1953145,POI
6529,,waste_basket,Point (24.9563366 60.1951094),24.9563366,60.1951094,POI
6530,,bench,Point (24.9562234 60.1953467),24.9562234,60.1953467,POI
6531,,bench,Point (24.9551365 60.1960177),24.9551365,60.1960177,POI
6532,,waste_basket,Point (24.9504653 60.1990274),24.9504653,60.1990274,POI
6533,,bench,Point (24.9552458 60.196065),24.9552458,60.196065,POI
6534,,bench,Point (24.955733 60.195791),24.955733,60.195791,POI
6535,,waste_basket,Point (24.9548088 60.1957331),24.9548088,60.1957331,POI
6536,,waste_basket,Point (24.9551828 60.1955857),24.9551828,60.1955857,POI
6537,,waste_basket,Point (24.9554902 60.1956788),24.9554902,60.1956788,POI
6538,Puu-Vallila,attraction,Point (24.9567226 60.1925252),24.9567226,60.1925252,POI
6539,Meilahdenpuiston koira-aitaus,dog_park,Point (24.8922624 60.1935954),24.8922624,60.1935954,POI
6540,Erottaja,shelter,Point (24.9426269 60.1674068),24.9426269,60.1674068,POI
6541,Mini Rodini,clothes,Point (24.9410029 60.1632036),24.9410029,60.1632036,POI
6542,GROOM Roba,hairdresser,Point (24.9409171 60.1631755),24.9409171,60.1631755,POI
6543,Green Hippo Cafe,cafe,Point (24.9400303 60.1616392),24.9400303,60.1616392,POI
6544,Baskeri & Basso,restaurant,Point (24.933843 60.1579775),24.933843,60.1579775,POI
6545,Twenty Knots,sports_shop,Point (24.8716358 60.191101),24.8716358,60.191101,POI
6546,Haagan py?r?huolto,bicycle_shop,Point (24.8985804 60.215393),24.8985804,60.215393,POI
6547,Aza,beauty_shop,Point (24.9116519 60.1593608),24.9116519,60.1593608,POI
6548,Luckiefuns,restaurant,Point (24.8814258 60.1543615),24.8814258,60.1543615,POI
6549,Pizza Maggio,restaurant,Point (24.8820327 60.1543692),24.8820327,60.1543692,POI
6550,Esan Optiikka,optician,Point (24.917499 60.1893012),24.917499,60.1893012,POI
6551,Kenk?-Antti,shoe_shop,Point (24.9174406 60.1893359),24.9174406,60.1893359,POI
6552,,camera_surveillance,Point (24.9713192 60.1986237),24.9713192,60.1986237,POI
6553,ilmapuolustusmuistomerkki RMB-tykki,attraction,Point (24.8741385 60.1925801),24.8741385,60.1925801,POI
6554,Hotel St. George,hotel,Point (24.9406956 60.1668539),24.9406956,60.1668539,POI
6555,Kallion Itsepalvelupesula,laundry,Point (24.9468948 60.1823717),24.9468948,60.1823717,POI
6556,Karl A. Ebb,memorial,Point (24.9233769 60.18171),24.9233769,60.18171,POI
6557,Jean Sibelius 1939--1942,memorial,Point (24.9210164 60.1820627),24.9210164,60.1820627,POI
6558,Runola,memorial,Point (24.9192391 60.1828496),24.9192391,60.1828496,POI
6559,Hairwell Studio,hairdresser,Point (24.9056632 60.1935107),24.9056632,60.1935107,POI
6560,Aleksandra B,hairdresser,Point (24.9157338 60.1902651),24.9157338,60.1902651,POI
6561,,artwork,Point (24.8761639 60.1596568),24.8761639,60.1596568,POI
6562,,artwork,Point (24.8763103 60.1600484),24.8763103,60.1600484,POI
6563,,artwork,Point (24.8762382 60.1598268),24.8762382,60.1598268,POI
6564,,waste_basket,Point (24.8748192 60.1590466),24.8748192,60.1590466,POI
6565,,bench,Point (24.8756392 60.159615),24.8756392,60.159615,POI
6566,,bench,Point (24.8750559 60.159847),24.8750559,60.159847,POI
6567,,bench,Point (24.8763631 60.1599608),24.8763631,60.1599608,POI
6568,,waste_basket,Point (24.8764618 60.1598339),24.8764618,60.1598339,POI
6569,,artwork,Point (24.876057 60.160131),24.876057,60.160131,POI
6570,OSUVA T?htitorninm?ki,sports_centre,Point (24.9501045 60.1628115),24.9501045,60.1628115,POI
6571,,bench,Point (24.9292039 60.1663509),24.9292039,60.1663509,POI
6572,,bench,Point (24.929016 60.1663987),24.929016,60.1663987,POI
6573,,bench,Point (24.9284777 60.1664306),24.9284777,60.1664306,POI
6574,,bench,Point (24.9289457 60.166392),24.9289457,60.166392,POI
6575,,bench,Point (24.9290716 60.1663985),24.9290716,60.1663985,POI
6576,,bench,Point (24.9284388 60.1664272),24.9284388,60.1664272,POI
6577,,waste_basket,Point (24.9283629 60.1663692),24.9283629,60.1663692,POI
6578,,bench,Point (24.9288826 60.1663846),24.9288826,60.1663846,POI
6579,,bench,Point (24.9285244 60.166245),24.9285244,60.166245,POI
6580,,bench,Point (24.928556 60.1662251),24.928556,60.1662251,POI
6581,,bench,Point (24.9284029 60.1664224),24.9284029,60.1664224,POI
6582,,bench,Point (24.9288461 60.1665402),24.9288461,60.1665402,POI
6583,,bench,Point (24.9288842 60.1665767),24.9288842,60.1665767,POI
6584,,bench,Point (24.9296258 60.1665296),24.9296258,60.1665296,POI
6585,,bench,Point (24.9295682 60.1665368),24.9295682,60.1665368,POI
6586,,bench,Point (24.9292497 60.166578),24.9292497,60.166578,POI
6587,,bench,Point (24.929403 60.1665539),24.929403,60.1665539,POI
6588,,bench,Point (24.9290857 60.1664977),24.9290857,60.1664977,POI
6589,,bench,Point (24.9285253 60.1666804),24.9285253,60.1666804,POI
6590,,bench,Point (24.9291337 60.166582),24.9291337,60.166582,POI
6591,,bench,Point (24.9293228 60.1665665),24.9293228,60.1665665,POI
6592,,bench,Point (24.929503 60.1665431),24.929503,60.1665431,POI
6593,,bench,Point (24.9291085 60.1666075),24.9291085,60.1666075,POI
6594,,bench,Point (24.9284675 60.1666605),24.9284675,60.1666605,POI
6595,,bench,Point (24.9285674 60.1666776),24.9285674,60.1666776,POI
6596,,waste_basket,Point (24.9668885 60.2035554),24.9668885,60.2035554,POI
6597,HYKS Naistentautien poliklinikka Ruoholahti,hospital,Point (24.9190015 60.16416),24.9190015,60.16416,POI
6598,Oluthuone Konepaja,bar,Point (24.9491787 60.1909887),24.9491787,60.1909887,POI
6599,R-Kioski,kiosk,Point (24.948861 60.1911018),24.948861,60.1911018,POI
6600,Alice Italian,restaurant,Point (24.9492683 60.1912072),24.9492683,60.1912072,POI
6601,Inari,restaurant,Point (24.9359028 60.1626468),24.9359028,60.1626468,POI
6602,,bench,Point (24.9606983 60.1980488),24.9606983,60.1980488,POI
6603,,bench,Point (24.9607402 60.1980317),24.9607402,60.1980317,POI
6604,My?,hostel,Point (24.9088664 60.2027569),24.9088664,60.2027569,POI
6605,Postitalon Hammasl??k?rit,dentist,Point (24.9384194 60.1719856),24.9384194,60.1719856,POI
6606,,waste_basket,Point (24.9552759 60.1960087),24.9552759,60.1960087,POI
6607,,waste_basket,Point (24.9562436 60.1951307),24.9562436,60.1951307,POI
6608,,bench,Point (24.9685152 60.2114324),24.9685152,60.2114324,POI
6609,,bench,Point (24.9688267 60.2117973),24.9688267,60.2117973,POI
6610,,post_box,Point (24.9420179 60.1687341),24.9420179,60.1687341,POI
6611,,post_box,Point (24.9423094 60.1687415),24.9423094,60.1687415,POI
6612,Pallotytt?,artwork,Point (24.9034712 60.1953005),24.9034712,60.1953005,POI
6613,Leijona,artwork,Point (24.9459691 60.1641177),24.9459691,60.1641177,POI
6614,Salon Soma,hairdresser,Point (24.9065513 60.1932305),24.9065513,60.1932305,POI
6615,R. Lashes,beauty_shop,Point (24.9093243 60.1922641),24.9093243,60.1922641,POI
6616,,bench,Point (24.9259611 60.1846247),24.9259611,60.1846247,POI
6617,,bench,Point (24.9260067 60.1846473),24.9260067,60.1846473,POI
6618,,bench,Point (24.9261891 60.1847153),24.9261891,60.1847153,POI
6619,,bench,Point (24.9262347 60.1847394),24.9262347,60.1847394,POI
6620,S?ihke,beauty_shop,Point (24.9159822 60.1901597),24.9159822,60.1901597,POI
6621,Clarion Sky Room,bar,Point (24.9222684 60.1599993),24.9222684,60.1599993,POI
6622,Royal Dent,dentist,Point (24.9177358 60.1891451),24.9177358,60.1891451,POI
6623,Asian Nails,beauty_shop,Point (24.9183021 60.1886303),24.9183021,60.1886303,POI
6624,Unelma Puoti,clothes,Point (24.9200488 60.1869731),24.9200488,60.1869731,POI
6625,Palvelusolariumstudio Sunin20,beauty_shop,Point (24.9216566 60.185764),24.9216566,60.185764,POI
6626,Salon Friset,hairdresser,Point (24.9219441 60.185575),24.9219441,60.185575,POI
6627,Parturi-Kampaamo Finoy,hairdresser,Point (24.9228199 60.1849782),24.9228199,60.1849782,POI
6628,Pearls Charm Studio,beauty_shop,Point (24.9230022 60.1848698),24.9230022,60.1848698,POI
6629,Kynsisalonki,beauty_shop,Point (24.9235325 60.1845161),24.9235325,60.1845161,POI
6630,Ionia,cafe,Point (24.9237663 60.1843651),24.9237663,60.1843651,POI
6631,,toilet,Point (24.931979 60.1538155),24.931979,60.1538155,POI
6632,,waste_basket,Point (24.9263012 60.1733191),24.9263012,60.1733191,POI
6633,,bench,Point (24.9263144 60.1733765),24.9263144,60.1733765,POI
6634,,tourist_info,Point (24.9262685 60.17332),24.9262685,60.17332,POI
6635,,bench,Point (24.9262832 60.1734283),24.9262832,60.1734283,POI
6636,,bench,Point (24.8781664 60.1926088),24.8781664,60.1926088,POI
6637,,bench,Point (24.8805832 60.1926433),24.8805832,60.1926433,POI
6638,,post_box,Point (24.9259844 60.1697305),24.9259844,60.1697305,POI
6639,Momotoko,restaurant,Point (24.9414255 60.1700366),24.9414255,60.1700366,POI
6640,Beauty888,beauty_shop,Point (24.9294449 60.1734514),24.9294449,60.1734514,POI
6641,Bangkok9,restaurant,Point (24.9414296 60.1699391),24.9414296,60.1699391,POI
6642,Opticat,optician,Point (24.9441919 60.1652089),24.9441919,60.1652089,POI
6643,Levain Ullanlinna,restaurant,Point (24.9464619 60.1627307),24.9464619,60.1627307,POI
6644,Yesenia,beauty_shop,Point (24.9273643 60.1753708),24.9273643,60.1753708,POI
6645,Tanner,restaurant,Point (24.9587931 60.1831925),24.9587931,60.1831925,POI
6646,Salon Hollywood,hairdresser,Point (24.9304269 60.1764583),24.9304269,60.1764583,POI
6647,Fablo,clothes,Point (24.9298648 60.1769454),24.9298648,60.1769454,POI
6648,Zazabella,clothes,Point (24.9296156 60.177158),24.9296156,60.177158,POI
6649,Salonki Salice,beauty_shop,Point (24.9289994 60.1780399),24.9289994,60.1780399,POI
6650,Meslewi,clothes,Point (24.9288903 60.1782491),24.9288903,60.1782491,POI
6651,Tiko by Nina,hairdresser,Point (24.9288327 60.1783788),24.9288327,60.1783788,POI
6652,Wild Flowers,florist,Point (24.9176286 60.1885689),24.9176286,60.1885689,POI
6653,Hiuspalvelu Tricks,hairdresser,Point (24.9176939 60.1885132),24.9176939,60.1885132,POI
6654,El?inl??k?riasema Veteira,veterinary,Point (24.9177941 60.1884266),24.9177941,60.1884266,POI
6655,Subway,fast_food,Point (24.9180137 60.188217),24.9180137,60.188217,POI
6656,Nora Fashion,clothes,Point (24.9178826 60.1883472),24.9178826,60.1883472,POI
6657,Salon P&P,beauty_shop,Point (24.9256082 60.1825976),24.9256082,60.1825976,POI
6658,Europcar,car_rental,Point (24.9273813 60.1810848),24.9273813,60.1810848,POI
6659,Kauneushoitola Amelie,beauty_shop,Point (24.9274063 60.1810313),24.9274063,60.1810313,POI
6660,TS-Salonki,hairdresser,Point (24.9276947 60.1805531),24.9276947,60.1805531,POI
6661,Hakaliha,butcher,Point (24.9517403 60.1801069),24.9517403,60.1801069,POI
6662,Merja Valo,greengrocer,Point (24.9516151 60.1801038),24.9516151,60.1801038,POI
6663,Ryhm?perhep?iv?koti Jolla,kindergarten,Point (24.9163842 60.1599202),24.9163842,60.1599202,POI
6664,Caf¨¦ Cucca,cafe,Point (24.948803 60.18242),24.948803,60.18242,POI
6665,,waste_basket,Point (24.9787596 60.1670648),24.9787596,60.1670648,POI
6666,,waste_basket,Point (24.9588437 60.2101488),24.9588437,60.2101488,POI
6667,,waste_basket,Point (24.9591924 60.2088469),24.9591924,60.2088469,POI
6668,,bench,Point (24.9606681 60.2063426),24.9606681,60.2063426,POI
6669,Cafe Silo,cafe,Point (24.9845785 60.1483838),24.9845785,60.1483838,POI
6670,Story,cafe,Point (24.9527558 60.1660394),24.9527558,60.1660394,POI
6671,,restaurant,Point (24.9501633 60.1703359),24.9501633,60.1703359,POI
6672,,toilet,Point (24.9315887 60.186237),24.9315887,60.186237,POI
6673,,toilet,Point (24.9857903 60.1484722),24.9857903,60.1484722,POI
6674,,toilet,Point (24.9426624 60.1679196),24.9426624,60.1679196,POI
6675,Lidl,supermarket,Point (24.9533889 60.1821224),24.9533889,60.1821224,POI
6676,,bench,Point (24.9112354 60.1683245),24.9112354,60.1683245,POI
6677,,bench,Point (24.9111427 60.1680674),24.9111427,60.1680674,POI
6678,,water_well,Point (24.9155051 60.1681592),24.9155051,60.1681592,POI
6679,,viewpoint,Point (24.910903 60.1669391),24.910903,60.1669391,POI
6680,Ravintola Factory Salmisaari,restaurant,Point (24.9012504 60.1653966),24.9012504,60.1653966,POI
6681,,bench,Point (24.9364992 60.1716084),24.9364992,60.1716084,POI
6682,,bench,Point (24.9365164 60.1715552),24.9365164,60.1715552,POI
6683,,bench,Point (24.9365273 60.1715047),24.9365273,60.1715047,POI
6684,,bench,Point (24.936543 60.1714527),24.936543,60.1714527,POI
6685,,bench,Point (24.9365562 60.1713987),24.9365562,60.1713987,POI
6686,Osaka Sushi,restaurant,Point (24.8861346 60.1512272),24.8861346,60.1512272,POI
6687,Ariana,restaurant,Point (24.8802286 60.1533141),24.8802286,60.1533141,POI
6688,,bench,Point (24.9488257 60.2068801),24.9488257,60.2068801,POI
6689,,tourist_info,Point (24.9323312 60.1995202),24.9323312,60.1995202,POI
6690,,tourist_info,Point (24.9326478 60.1995579),24.9326478,60.1995579,POI
6691,,tourist_info,Point (24.9329832 60.1995979),24.9329832,60.1995979,POI
6692,,tourist_info,Point (24.9333089 60.1996368),24.9333089,60.1996368,POI
6693,,tourist_info,Point (24.933638 60.199676),24.933638,60.199676,POI
6694,Satama Bar & Bistro,restaurant,Point (24.9765163 60.1878297),24.9765163,60.1878297,POI
6695,Oluthuone Haavi,bar,Point (24.9796297 60.1863834),24.9796297,60.1863834,POI
6696,,bench,Point (24.9560525 60.2171209),24.9560525,60.2171209,POI
6697,,bench,Point (24.956018 60.2170916),24.956018,60.2170916,POI
6698,,bench,Point (24.9558959 60.217261),24.9558959,60.217261,POI
6699,,bench,Point (24.9558308 60.2172436),24.9558308,60.2172436,POI
6700,,bench,Point (24.9553138 60.2171021),24.9553138,60.2171021,POI
6701,,vending_any,Point (24.9423779 60.1681013),24.9423779,60.1681013,POI
6702,Otto,atm,Point (24.9423794 60.1680505),24.9423794,60.1680505,POI
6703,Alko,beverages,Point (24.942495 60.1682222),24.942495,60.1682222,POI
6704,Erottajan Apteekki,pharmacy,Point (24.9423205 60.1680374),24.9423205,60.1680374,POI
6705,Otto,atm,Point (24.9415622 60.168436),24.9415622,60.168436,POI
6706,Fazer Caf¨¦ 8th Floor,cafe,Point (24.9419513 60.1684825),24.9419513,60.1684825,POI
6707,Fazer Champagne,bar,Point (24.9422582 60.1685515),24.9422582,60.1685515,POI
6708,SOL Pesulapalvelut,laundry,Point (24.9417727 60.1682404),24.9417727,60.1682404,POI
6709,Scholl,beauty_shop,Point (24.9418896 60.1686546),24.9418896,60.1686546,POI
6710,Nail Care Lis,beauty_shop,Point (24.9421676 60.1686979),24.9421676,60.1686979,POI
6711,Thann,beauty_shop,Point (24.9417897 60.1684331),24.9417897,60.1684331,POI
6712,Medex Beauty Clinic,beauty_shop,Point (24.9418079 60.168401),24.9418079,60.168401,POI
6713,Pihlajalinna,dentist,Point (24.9424747 60.1683063),24.9424747,60.1683063,POI
6714,Instrumentarium,optician,Point (24.9414441 60.1683108),24.9414441,60.1683108,POI
6715,Olli Johan Lindroos,jeweller,Point (24.9416485 60.1683771),24.9416485,60.1683771,POI
6716,White Dress,clothes,Point (24.9413245 60.1685047),24.9413245,60.1685047,POI
6717,Emmy,recycling_clothes,Point (24.9422157 60.1684181),24.9422157,60.1684181,POI
6718,XS Lelut,toy_shop,Point (24.9426174 60.168203),24.9426174,60.168203,POI
6719,Beauty Hair Sirpa Mansner,hairdresser,Point (24.9415304 60.1682784),24.9415304,60.1682784,POI
6720,Pupu,restaurant,Point (24.9424957 60.1681854),24.9424957,60.1681854,POI
6721,Robert's Coffee Netcup,cafe,Point (24.9416334 60.1686586),24.9416334,60.1686586,POI
6722,Robert¡¯s Coffee Bubbles & Bites,cafe,Point (24.9424637 60.1683411),24.9424637,60.1683411,POI
6723,Joe & The Juice,cafe,Point (24.9425683 60.1683526),24.9425683,60.1683526,POI
6724,,bench,Point (24.9693901 60.1918914),24.9693901,60.1918914,POI
6725,,bench,Point (24.969754 60.1919997),24.969754,60.1919997,POI
6726,,bench,Point (24.9697635 60.1920278),24.9697635,60.1920278,POI
6727,,bench,Point (24.9698119 60.1921292),24.9698119,60.1921292,POI
6728,,bench,Point (24.9698251 60.1921547),24.9698251,60.1921547,POI
6729,,bench,Point (24.9691949 60.1920971),24.9691949,60.1920971,POI
6730,,bench,Point (24.9693035 60.1920814),24.9693035,60.1920814,POI
6731,,bench,Point (24.9686755 60.1921868),24.9686755,60.1921868,POI
6732,,bench,Point (24.9687283 60.1922619),24.9687283,60.1922619,POI
6733,,bench,Point (24.9687606 60.192309),24.9687606,60.192309,POI
6734,,bench,Point (24.9687078 60.1923177),24.9687078,60.1923177,POI
6735,,bench,Point (24.9690123 60.1924942),24.9690123,60.1924942,POI
6736,,bench,Point (24.9690739 60.1924355),24.9690739,60.1924355,POI
6737,,bench,Point (24.9690379 60.1923866),24.9690379,60.1923866,POI
6738,,bench,Point (24.9692947 60.1922834),24.9692947,60.1922834,POI
6739,,bench,Point (24.9693615 60.1922769),24.9693615,60.1922769,POI
6740,,bench,Point (24.9679404 60.2107696),24.9679404,60.2107696,POI
6741,,bench,Point (24.9781726 60.2023806),24.9781726,60.2023806,POI
6742,,bench,Point (24.9780059 60.2023524),24.9780059,60.2023524,POI
6743,,bench,Point (24.9774988 60.2019494),24.9774988,60.2019494,POI
6744,,bench,Point (24.9769621 60.202009),24.9769621,60.202009,POI
6745,,bench,Point (24.9746346 60.2015508),24.9746346,60.2015508,POI
6746,,bench,Point (24.9489733 60.2048643),24.9489733,60.2048643,POI
6747,,bench,Point (24.9487434 60.2048993),24.9487434,60.2048993,POI
6748,,bench,Point (24.948806 60.2048271),24.948806,60.2048271,POI
6749,,bench,Point (24.9488805 60.2047513),24.9488805,60.2047513,POI
6750,,waste_basket,Point (24.9477717 60.2017144),24.9477717,60.2017144,POI
6751,,bench,Point (24.9477079 60.2017805),24.9477079,60.2017805,POI
6752,,bench,Point (24.9477439 60.2017564),24.9477439,60.2017564,POI
6753,Thirsty Scholar,pub,Point (24.9492375 60.1718262),24.9492375,60.1718262,POI
6754,Murasaki,restaurant,Point (24.9273866 60.1698501),24.9273866,60.1698501,POI
6755,,waste_basket,Point (24.9430399 60.2172338),24.9430399,60.2172338,POI
6756,,waste_basket,Point (24.943141 60.2173878),24.943141,60.2173878,POI
6757,,bench,Point (24.9429987 60.2171775),24.9429987,60.2171775,POI
6758,,bench,Point (24.9429475 60.2172944),24.9429475,60.2172944,POI
6759,,bench,Point (24.9429913 60.2174903),24.9429913,60.2174903,POI
6760,,bench,Point (24.9428659 60.2174651),24.9428659,60.2174651,POI
6761,,bench,Point (24.9562053 60.1694173),24.9562053,60.1694173,POI
6762,,bench,Point (24.949373 60.1651819),24.949373,60.1651819,POI
6763,,bench,Point (24.9608035 60.156908),24.9608035,60.156908,POI
6764,,bench,Point (24.960771 60.1569236),24.960771,60.1569236,POI
6765,,bench,Point (24.9607333 60.1569208),24.9607333,60.1569208,POI
6766,,bench,Point (24.9584651 60.1557831),24.9584651,60.1557831,POI
6767,,bench,Point (24.9576263 60.1565352),24.9576263,60.1565352,POI
6768,,bench,Point (24.9176434 60.1858278),24.9176434,60.1858278,POI
6769,,bench,Point (24.9174929 60.1858496),24.9174929,60.1858496,POI
6770,,bench,Point (24.9173453 60.1858725),24.9173453,60.1858725,POI
6771,,bench,Point (24.9173834 60.1858658),24.9173834,60.1858658,POI
6772,,bench,Point (24.9175294 60.1858435),24.9175294,60.1858435,POI
6773,Jungle Juice Bar,fast_food,Point (24.9785186 60.1871779),24.9785186,60.1871779,POI
6774,Makaronitehdas,restaurant,Point (24.9793117 60.1864583),24.9793117,60.1864583,POI
6775,Irti Maasta,sports_centre,Point (24.978406 60.186532),24.978406,60.186532,POI
6776,Yoga Valo,sports_centre,Point (24.9788997 60.1875619),24.9788997,60.1875619,POI
6777,InCar Pesulapalvelu,car_wash,Point (24.9798775 60.1874164),24.9798775,60.1874164,POI
6778,,vending_any,Point (24.9800588 60.1868684),24.9800588,60.1868684,POI
6779,WeFood,convenience,Point (24.979145 60.1865501),24.979145,60.1865501,POI
6780,Kalasataman apteekki,pharmacy,Point (24.9785599 60.1866356),24.9785599,60.1866356,POI
6781,Specsavers,optician,Point (24.9783485 60.1868229),24.9783485,60.1868229,POI
6782,K-Supermarket,supermarket,Point (24.9777955 60.1869325),24.9777955,60.1869325,POI
6783,Posti,post_office,Point (24.977637 60.1870559),24.977637,60.1870559,POI
6784,SOL Pesulapalvelu,laundry,Point (24.9778935 60.1872557),24.9778935,60.1872557,POI
6785,Beauty Hair Sirpa Mansner,hairdresser,Point (24.9780471 60.1872484),24.9780471,60.1872484,POI
6786,Nissen,optician,Point (24.9781998 60.1872119),24.9781998,60.1872119,POI
6787,Instrumentarium,optician,Point (24.9785008 60.1872001),24.9785008,60.1872001,POI
6788,Clas Ohlson,doityourself,Point (24.9784518 60.1873738),24.9784518,60.1873738,POI
6789,Silm?asema,optician,Point (24.978594 60.1874259),24.978594,60.1874259,POI
6790,Alko,beverages,Point (24.9788374 60.1874511),24.9788374,60.1874511,POI
6791,Glitter,jeweller,Point (24.9792393 60.1873539),24.9792393,60.1873539,POI
6792,Suomalainen Kirjakauppa,bookshop,Point (24.9793741 60.1873284),24.9793741,60.1873284,POI
6793,Telia,mobile_phone_shop,Point (24.9791956 60.1869203),24.9791956,60.1869203,POI
6794,Social Burgerjoint,restaurant,Point (24.9793984 60.1867053),24.9793984,60.1867053,POI
6795,Fafa's,fast_food,Point (24.979416 60.1867401),24.979416,60.1867401,POI
6796,Subway,fast_food,Point (24.9794686 60.1868052),24.9794686,60.1868052,POI
6797,Lidl,supermarket,Point (24.980244 60.1873149),24.980244,60.1873149,POI
6798,Redihair,hairdresser,Point (24.9795717 60.1873064),24.9795717,60.1873064,POI
6799,Kalasatama Vapaakaupunki Olohuone,community_centre,Point (24.9781901 60.1875447),24.9781901,60.1875447,POI
6800,Espresso House,cafe,Point (24.9794225 60.1872472),24.9794225,60.1872472,POI
6801,Arnolds,cafe,Point (24.9786043 60.1873194),24.9786043,60.1873194,POI
6802,Pupu,restaurant,Point (24.9781663 60.1873707),24.9781663,60.1873707,POI
6803,Hair Today,hairdresser,Point (24.9777374 60.1871656),24.9777374,60.1871656,POI
6804,Helsinki Beauty Bar,beauty_shop,Point (24.9780862 60.1869494),24.9780862,60.1869494,POI
6805,Luckiefun¡¯s,restaurant,Point (24.9792694 60.1863338),24.9792694,60.1863338,POI
6806,Ristorante Il Siciliano,restaurant,Point (24.9792025 60.1864772),24.9792025,60.1864772,POI
6807,DNA,mobile_phone_shop,Point (24.9796615 60.1866361),24.9796615,60.1866361,POI
6808,JYSK,furniture_shop,Point (24.9799919 60.1867028),24.9799919,60.1867028,POI
6809,Reima,clothes,Point (24.980094 60.1868885),24.980094,60.1868885,POI
6810,KiipeilyAreena Kalasatama,sports_centre,Point (24.9783567 60.1862665),24.9783567,60.1862665,POI
6811,Weekday,clothes,Point (24.9785651 60.1865278),24.9785651,60.1865278,POI
6812,New Yorker,clothes,Point (24.9780741 60.1865764),24.9780741,60.1865764,POI
6813,Lindex,clothes,Point (24.977988 60.1866689),24.977988,60.1866689,POI
6814,Bik Bok,clothes,Point (24.9779145 60.1867991),24.9779145,60.1867991,POI
6815,Cubus,clothes,Point (24.9778319 60.1869939),24.9778319,60.1869939,POI
6816,Vero Moda,clothes,Point (24.9778706 60.1871395),24.9778706,60.1871395,POI
6817,Carlings,clothes,Point (24.9786651 60.1867346),24.9786651,60.1867346,POI
6818,H&M,clothes,Point (24.9785264 60.1870468),24.9785264,60.1870468,POI
6819,Urban Green,florist,Point (24.9785121 60.1872492),24.9785121,60.1872492,POI
6820,Kultajousi,jeweller,Point (24.9784941 60.1873361),24.9784941,60.1873361,POI
6821,Laatukoru,jeweller,Point (24.9782797 60.1872822),24.9782797,60.1872822,POI
6822,Volt,clothes,Point (24.97789 60.187453),24.97789,60.187453,POI
6823,F??ni,sports_centre,Point (24.9780554 60.1877422),24.9780554,60.1877422,POI
6824,Levi's,clothes,Point (24.9780771 60.1874425),24.9780771,60.1874425,POI
6825,KappAhl,clothes,Point (24.9782586 60.1874767),24.9782586,60.1874767,POI
6826,Dressmann,clothes,Point (24.9785219 60.1874608),24.9785219,60.1874608,POI
6827,W¨¹rth,doityourself,Point (24.9790124 60.1876645),24.9790124,60.1876645,POI
6828,Jack & Jones,clothes,Point (24.9787574 60.1874406),24.9787574,60.1874406,POI
6829,Il Mondo,restaurant,Point (24.9786542 60.1872809),24.9786542,60.1872809,POI
6830,Marc O'Polo,clothes,Point (24.9794192 60.1868944),24.9794192,60.1868944,POI
6831,Hanko Sushi,restaurant,Point (24.9791265 60.1866767),24.9791265,60.1866767,POI
6832,Food Market,food_court,Point (24.9791627 60.1863527),24.9791627,60.1863527,POI
6833,Skechers,shoe_shop,Point (24.9798358 60.1872136),24.9798358,60.1872136,POI
6834,Change Lingerie,clothes,Point (24.9802725 60.1871958),24.9802725,60.1871958,POI
6835,Stadium,sports_shop,Point (24.9799113 60.1873554),24.9799113,60.1873554,POI
6836,K-Market,convenience,Point (24.979682 60.1876018),24.979682,60.1876018,POI
6837,,waste_basket,Point (24.9351653 60.1771308),24.9351653,60.1771308,POI
6838,,waste_basket,Point (24.937681 60.1774087),24.937681,60.1774087,POI
6839,,waste_basket,Point (24.9375097 60.1759377),24.9375097,60.1759377,POI
6840,,bench,Point (24.9379198 60.1749414),24.9379198,60.1749414,POI
6841,,bench,Point (24.9379271 60.1749674),24.9379271,60.1749674,POI
6842,,bench,Point (24.9366643 60.1773648),24.9366643,60.1773648,POI
6843,,waste_basket,Point (24.9364416 60.1773006),24.9364416,60.1773006,POI
6844,,waste_basket,Point (24.9347011 60.1762575),24.9347011,60.1762575,POI
6845,,bench,Point (24.9375494 60.175135),24.9375494,60.175135,POI
6846,,waste_basket,Point (24.9375196 60.1753004),24.9375196,60.1753004,POI
6847,,bench,Point (24.9368918 60.1753542),24.9368918,60.1753542,POI
6848,,bench,Point (24.9368544 60.1753529),24.9368544,60.1753529,POI
6849,,waste_basket,Point (24.936662 60.1753495),24.936662,60.1753495,POI
6850,,bench,Point (24.9353005 60.1750893),24.9353005,60.1750893,POI
6851,,bench,Point (24.9352699 60.1751368),24.9352699,60.1751368,POI
6852,,bench,Point (24.9352455 60.1751839),24.9352455,60.1751839,POI
6853,,bench,Point (24.9352158 60.1752314),24.9352158,60.1752314,POI
6854,,bench,Point (24.935195 60.1758805),24.935195,60.1758805,POI
6855,,waste_basket,Point (24.9351725 60.1758326),24.9351725,60.1758326,POI
6856,,waste_basket,Point (24.9344992 60.1768779),24.9344992,60.1768779,POI
6857,,bench,Point (24.9374773 60.1765077),24.9374773,60.1765077,POI
6858,,waste_basket,Point (24.9374169 60.1764023),24.9374169,60.1764023,POI
6859,,bench,Point (24.9371997 60.1762701),24.9371997,60.1762701,POI
6860,,bench,Point (24.9366796 60.1763041),24.9366796,60.1763041,POI
6861,,bench,Point (24.9366399 60.1763024),24.9366399,60.1763024,POI
6862,,bench,Point (24.9450437 60.1868059),24.9450437,60.1868059,POI
6863,,bench,Point (24.9449986 60.1868246),24.9449986,60.1868246,POI
6864,,bench,Point (24.9396669 60.1866428),24.9396669,60.1866428,POI
6865,,bench,Point (24.9396588 60.1866196),24.9396588,60.1866196,POI
6866,,bench,Point (24.9420773 60.1800989),24.9420773,60.1800989,POI
6867,,bench,Point (24.9413145 60.1799839),24.9413145,60.1799839,POI
6868,,bench,Point (24.9469053 60.1802254),24.9469053,60.1802254,POI
6869,,bench,Point (24.9466476 60.1803285),24.9466476,60.1803285,POI
6870,,bench,Point (24.9464119 60.180398),24.9464119,60.180398,POI
6871,,bench,Point (24.9460552 60.1804613),24.9460552,60.1804613,POI
6872,,bench,Point (24.9457897 60.1805559),24.9457897,60.1805559,POI
6873,,bench,Point (24.9457111 60.1805614),24.9457111,60.1805614,POI
6874,,bench,Point (24.9454619 60.1805688),24.9454619,60.1805688,POI
6875,,bench,Point (24.9451012 60.1804528),24.9451012,60.1804528,POI
6876,,bench,Point (24.9447086 60.1804324),24.9447086,60.1804324,POI
6877,,bench,Point (24.9443142 60.1803973),24.9443142,60.1803973,POI
6878,,bench,Point (24.9439151 60.1803582),24.9439151,60.1803582,POI
6879,,bench,Point (24.9435332 60.1803019),24.9435332,60.1803019,POI
6880,,bench,Point (24.9431765 60.1802535),24.9431765,60.1802535,POI
6881,,bench,Point (24.9427083 60.1801839),24.9427083,60.1801839,POI
6882,,bench,Point (24.9423202 60.1801246),24.9423202,60.1801246,POI
6883,,bench,Point (24.9434931 60.1740082),24.9434931,60.1740082,POI
6884,,bench,Point (24.9435834 60.1740104),24.9435834,60.1740104,POI
6885,,bench,Point (24.943664 60.174013),24.943664,60.174013,POI
6886,,bench,Point (24.9437673 60.1740147),24.9437673,60.1740147,POI
6887,,bench,Point (24.9438532 60.1740186),24.9438532,60.1740186,POI
6888,,bench,Point (24.9478552 60.1754688),24.9478552,60.1754688,POI
6889,,bench,Point (24.947793 60.1754701),24.947793,60.1754701,POI
6890,,bench,Point (24.9473217 60.175101),24.9473217,60.175101,POI
6891,,bench,Point (24.947369 60.1750906),24.947369,60.1750906,POI
6892,,bench,Point (24.9469993 60.1747067),24.9469993,60.1747067,POI
6893,,bench,Point (24.9459127 60.1748501),24.9459127,60.1748501,POI
6894,,bench,Point (24.9455712 60.1748452),24.9455712,60.1748452,POI
6895,,bench,Point (24.9456715 60.1752303),24.9456715,60.1752303,POI
6896,,bench,Point (24.9036545 60.1979753),24.9036545,60.1979753,POI
6897,,bench,Point (24.9032771 60.1980312),24.9032771,60.1980312,POI
6898,,bench,Point (24.9031804 60.1980258),24.9031804,60.1980258,POI
6899,,bench,Point (24.903101 60.1980031),24.903101,60.1980031,POI
6900,,bench,Point (24.9030134 60.1979659),24.9030134,60.1979659,POI
6901,,bench,Point (24.9029741 60.1979278),24.9029741,60.1979278,POI
6902,,bench,Point (24.9029531 60.1978806),24.9029531,60.1978806,POI
6903,Way Bakery,cafe,Point (24.9535624 60.1844067),24.9535624,60.1844067,POI
6904,Sun in 20,beauty_shop,Point (24.9355855 60.1625086),24.9355855,60.1625086,POI
6905,Isku,furniture_shop,Point (24.9436307 60.1680959),24.9436307,60.1680959,POI
6906,Garden Rose Kukka ja Sisustus,florist,Point (24.9155696 60.1897979),24.9155696,60.1897979,POI
6907,,bench,Point (24.8892429 60.1522896),24.8892429,60.1522896,POI
6908,,bench,Point (24.8879928 60.1520663),24.8879928,60.1520663,POI
6909,,bench,Point (24.887896 60.1520119),24.887896,60.1520119,POI
6910,,artwork,Point (24.9182662 60.2134324),24.9182662,60.2134324,POI
6911,Mauno Koiviston hauta,memorial,Point (24.9097837 60.1723595),24.9097837,60.1723595,POI
6912,Kartta,memorial,Point (24.9097444 60.1723474),24.9097444,60.1723474,POI
6913,,bench,Point (24.9311698 60.1867321),24.9311698,60.1867321,POI
6914,Lasiranta,restaurant,Point (24.9550671 60.1784168),24.9550671,60.1784168,POI
6915,La Torrefazione,restaurant,Point (24.9496223 60.1785999),24.9496223,60.1785999,POI
6916,Fazer Cafe T??l?,cafe,Point (24.9185251 60.1835702),24.9185251,60.1835702,POI
6917,Urbine,restaurant,Point (24.9215275 60.1571873),24.9215275,60.1571873,POI
6918,Da Spizzico,restaurant,Point (24.9155268 60.1552321),24.9155268,60.1552321,POI
6919,,bench,Point (24.8937488 60.2066586),24.8937488,60.2066586,POI
6920,,bench,Point (24.8937684 60.2067013),24.8937684,60.2067013,POI
6921,Momo & More,restaurant,Point (24.9687118 60.202832),24.9687118,60.202832,POI
6922,UFF Arabia,clothes,Point (24.9681458 60.2030071),24.9681458,60.2030071,POI
6923,Kuwano,restaurant,Point (24.9686404 60.2028005),24.9686404,60.2028005,POI
6924,Ciao! Caff¨¦,cafe,Point (24.9685355 60.2030137),24.9685355,60.2030137,POI
6925,Silm?set,optician,Point (24.9673956 60.2027164),24.9673956,60.2027164,POI
6926,Arabian Autopesu,car_wash,Point (24.9677421 60.2023872),24.9677421,60.2023872,POI
6927,,bench,Point (24.8897785 60.2018253),24.8897785,60.2018253,POI
6928,Broo,restaurant,Point (24.931692 60.1672047),24.931692,60.1672047,POI
6929,,waste_basket,Point (24.9854252 60.2149229),24.9854252,60.2149229,POI
6930,,bench,Point (24.9853175 60.2148652),24.9853175,60.2148652,POI
6931,,bench,Point (24.9852305 60.2148117),24.9852305,60.2148117,POI
6932,,bench,Point (24.9850714 60.2147309),24.9850714,60.2147309,POI
6933,,bench,Point (24.9849704 60.2146842),24.9849704,60.2146842,POI
6934,,waste_basket,Point (24.9859836 60.2140034),24.9859836,60.2140034,POI
6935,,waste_basket,Point (24.9857748 60.2140186),24.9857748,60.2140186,POI
6936,,waste_basket,Point (24.9858917 60.2142331),24.9858917,60.2142331,POI
6937,,bench,Point (24.9671487 60.2011538),24.9671487,60.2011538,POI
6938,,bench,Point (24.9688029 60.2017964),24.9688029,60.2017964,POI
6939,,bench,Point (24.9688087 60.2018267),24.9688087,60.2018267,POI
6940,,bench,Point (24.969057 60.2019426),24.969057,60.2019426,POI
6941,,bench,Point (24.9689631 60.2019634),24.9689631,60.2019634,POI
6942,,bench,Point (24.9688632 60.2019609),24.9688632,60.2019609,POI
6943,,bench,Point (24.9687177 60.2019213),24.9687177,60.2019213,POI
6944,,bench,Point (24.9687147 60.2019471),24.9687147,60.2019471,POI
6945,,bench,Point (24.9688676 60.2020058),24.9688676,60.2020058,POI
6946,,bench,Point (24.9688409 60.2020288),24.9688409,60.2020288,POI
6947,Beyond Store,shoe_shop,Point (24.9468019 60.1713282),24.9468019,60.1713282,POI
6948,,bench,Point (24.8897684 60.2134983),24.8897684,60.2134983,POI
6949,,bench,Point (24.9436957 60.1940334),24.9436957,60.1940334,POI
6950,,bench,Point (24.9437317 60.194012),24.9437317,60.194012,POI
6951,,bench,Point (24.9437777 60.1943645),24.9437777,60.1943645,POI
6952,,bench,Point (24.9436581 60.19439),24.9436581,60.19439,POI
6953,,bench,Point (24.9436091 60.1944016),24.9436091,60.1944016,POI
6954,,bench,Point (24.9432554 60.1945312),24.9432554,60.1945312,POI
6955,,bench,Point (24.9426959 60.1949308),24.9426959,60.1949308,POI
6956,,bench,Point (24.9426701 60.1949021),24.9426701,60.1949021,POI
6957,,bench,Point (24.9425564 60.1948316),24.9425564,60.1948316,POI
6958,,bench,Point (24.9424557 60.1947983),24.9424557,60.1947983,POI
6959,,bench,Point (24.8984191 60.2104458),24.8984191,60.2104458,POI
6960,,bench,Point (24.8987501 60.2108221),24.8987501,60.2108221,POI
6961,,bench,Point (24.8980686 60.2109868),24.8980686,60.2109868,POI
6962,,bench,Point (24.8978937 60.2102421),24.8978937,60.2102421,POI
6963,,bench,Point (24.8977495 60.2102016),24.8977495,60.2102016,POI
6964,,bench,Point (24.8976617 60.2102034),24.8976617,60.2102034,POI
6965,,bench,Point (24.8974673 60.2101598),24.8974673,60.2101598,POI
6966,,waste_basket,Point (24.8958372 60.2094016),24.8958372,60.2094016,POI
6967,,bench,Point (24.8970059 60.2087674),24.8970059,60.2087674,POI
6968,,bench,Point (24.8961344 60.2095767),24.8961344,60.2095767,POI
6969,,tourist_info,Point (24.9381699 60.1732676),24.9381699,60.1732676,POI
6970,Food & Co,restaurant,Point (24.9379133 60.1738439),24.9379133,60.1738439,POI
6971,Kahvila Oodi,cafe,Point (24.9379283 60.1738133),24.9379283,60.1738133,POI
6972,,bench,Point (24.93797 60.1731906),24.93797,60.1731906,POI
6973,Vagabond,shoe_shop,Point (24.937987 60.1689285),24.937987,60.1689285,POI
6974,Telia,mobile_phone_shop,Point (24.9386754 60.169232),24.9386754,60.169232,POI
6975,Reima,clothes,Point (24.9377498 60.1692221),24.9377498,60.1692221,POI
6976,Picnic,cafe,Point (24.9378579 60.1688723),24.9378579,60.1688723,POI
6977,Monki,clothes,Point (24.9382582 60.1690153),24.9382582,60.1690153,POI
6978,Marimekko,clothes,Point (24.9385089 60.1693449),24.9385089,60.1693449,POI
6979,Mango,clothes,Point (24.93796 60.1687467),24.93796,60.1687467,POI
6980,Mehil?inen Helsinki Forum,clinic,Point (24.9381038 60.1694597),24.9381038,60.1694597,POI
6981,Lindex,clothes,Point (24.9381195 60.1686495),24.9381195,60.1686495,POI
6982,LillaLuckan,community_centre,Point (24.9370402 60.1689811),24.9370402,60.1689811,POI
6983,Kukontorin Hammasl??k?rit,dentist,Point (24.9373301 60.1688893),24.9373301,60.1688893,POI
6984,Blue Tomato,clothes,Point (24.9382164 60.1687224),24.9382164,60.1687224,POI
6985,Jungle Juice Bar,fast_food,Point (24.9380447 60.1688239),24.9380447,60.1688239,POI
6986,Jesper Junior,clothes,Point (24.9378513 60.1692568),24.9378513,60.1692568,POI
6987,JC,clothes,Point (24.9376319 60.1688869),24.9376319,60.1688869,POI
6988,Intersport,sports_shop,Point (24.9384035 60.1686049),24.9384035,60.1686049,POI
6989,Hanko Aasia,restaurant,Point (24.9381231 60.1688838),24.9381231,60.1688838,POI
6990,H&M,clothes,Point (24.937764 60.1688491),24.937764,60.1688491,POI
6991,Glitter,jeweller,Point (24.9381833 60.168972),24.9381833,60.168972,POI
6992,Funky Lady,clothes,Point (24.9378431 60.1686336),24.9378431,60.1686336,POI
6993,Fazer Caf¨¦,cafe,Point (24.9377774 60.1691794),24.9377774,60.1691794,POI
6994,Espresso House,cafe,Point (24.9380468 60.1686976),24.9380468,60.1686976,POI
6995,Elisa,mobile_phone_shop,Point (24.9383431 60.1691558),24.9383431,60.1691558,POI
6996,Cubus,clothes,Point (24.9375755 60.1690061),24.9375755,60.1690061,POI
6997,Change Lingerie,clothes,Point (24.9386044 60.1691981),24.9386044,60.1691981,POI
6998,Carlings,clothes,Point (24.9380095 60.1693683),24.9380095,60.1693683,POI
6999,Bj?rn Borg,clothes,Point (24.938356 60.1690995),24.938356,60.1690995,POI
7000,Bik Bok,clothes,Point (24.938276 60.1690151),24.938276,60.1690151,POI
7001,Aurinko,clothes,Point (24.9372166 60.1689891),24.9372166,60.1689891,POI
7002,Arnolds,cafe,Point (24.9383015 60.16876),24.9383015,60.16876,POI
7003,Hair it is...,hairdresser,Point (24.9497356 60.1824644),24.9497356,60.1824644,POI
7004,,bench,Point (24.9839872 60.1750819),24.9839872,60.1750819,POI
7005,,bench,Point (24.9840063 60.1750551),24.9840063,60.1750551,POI
7006,,bench,Point (24.9840267 60.1750262),24.9840267,60.1750262,POI
7007,,bench,Point (24.9840512 60.1749912),24.9840512,60.1749912,POI
7008,,bench,Point (24.9834732 60.1746469),24.9834732,60.1746469,POI
7009,,bench,Point (24.9834623 60.1746697),24.9834623,60.1746697,POI
7010,,bench,Point (24.9833121 60.1747069),24.9833121,60.1747069,POI
7011,,bench,Point (24.983269 60.174699),24.983269,60.174699,POI
7012,,bench,Point (24.980428 60.1738754),24.980428,60.1738754,POI
7013,,bench,Point (24.9804153 60.1738526),24.9804153,60.1738526,POI
7014,,bench,Point (24.9804022 60.1738305),24.9804022,60.1738305,POI
7015,,bench,Point (24.9803908 60.1738059),24.9803908,60.1738059,POI
7016,,picnic_site,Point (24.9832232 60.1724242),24.9832232,60.1724242,POI
7017,,bench,Point (24.9892935 60.1741198),24.9892935,60.1741198,POI
7018,,bench,Point (24.988613 60.1740182),24.988613,60.1740182,POI
7019,,bench,Point (24.9886457 60.1740322),24.9886457,60.1740322,POI
7020,,bench,Point (24.988177 60.1753306),24.988177,60.1753306,POI
7021,,bench,Point (24.9881398 60.1753401),24.9881398,60.1753401,POI
7022,,bench,Point (24.9878785 60.1754096),24.9878785,60.1754096,POI
7023,,bench,Point (24.9878422 60.1754172),24.9878422,60.1754172,POI
7024,,bench,Point (24.9818032 60.1752178),24.9818032,60.1752178,POI
7025,,bench,Point (24.9817977 60.1752318),24.9817977,60.1752318,POI
7026,,bench,Point (24.9817723 60.1752358),24.9817723,60.1752358,POI
7027,,bench,Point (24.9335481 60.1566522),24.9335481,60.1566522,POI
7028,,bench,Point (24.9322896 60.1564255),24.9322896,60.1564255,POI
7029,,waste_basket,Point (24.9360878 60.1554064),24.9360878,60.1554064,POI
7030,,waste_basket,Point (24.9360742 60.1553992),24.9360742,60.1553992,POI
7031,,bench,Point (24.9386131 60.1553978),24.9386131,60.1553978,POI
7032,,bench,Point (24.9384751 60.1554028),24.9384751,60.1554028,POI
7033,,bench,Point (24.9383554 60.1554046),24.9383554,60.1554046,POI
7034,,bench,Point (24.938192 60.1554177),24.938192,60.1554177,POI
7035,,bench,Point (24.9379924 60.1554362),24.9379924,60.1554362,POI
7036,,bench,Point (24.93784 60.1554543),24.93784,60.1554543,POI
7037,,bench,Point (24.9328249 60.1540946),24.9328249,60.1540946,POI
7038,,bench,Point (24.9327805 60.1540802),24.9327805,60.1540802,POI
7039,,bench,Point (24.9359694 60.1551978),24.9359694,60.1551978,POI
7040,,bench,Point (24.9359095 60.1551806),24.9359095,60.1551806,POI
7041,,bench,Point (24.9356959 60.1552497),24.9356959,60.1552497,POI
7042,,bench,Point (24.9358215 60.1552285),24.9358215,60.1552285,POI
7043,,bench,Point (24.9358125 60.1552933),24.9358125,60.1552933,POI
7044,,bench,Point (24.9356015 60.1554357),24.9356015,60.1554357,POI
7045,,bench,Point (24.9354735 60.1554543),24.9354735,60.1554543,POI
7046,,bench,Point (24.9355625 60.1555053),24.9355625,60.1555053,POI
7047,,bench,Point (24.9344346 60.1553648),24.9344346,60.1553648,POI
7048,,bench,Point (24.9343974 60.155382),24.9343974,60.155382,POI
7049,,bench,Point (24.9343575 60.1553937),24.9343575,60.1553937,POI
7050,,bench,Point (24.9337314 60.1549548),24.9337314,60.1549548,POI
7051,,bench,Point (24.9337096 60.1549883),24.9337096,60.1549883,POI
7052,Sir Eino,bar,Point (24.9449571 60.1684779),24.9449571,60.1684779,POI
7053,Annette Tillander,jeweller,Point (24.9453552 60.1681096),24.9453552,60.1681096,POI
7054,Kulkukatin Poika,bookshop,Point (24.948028 60.1889807),24.948028,60.1889807,POI
7055,,tourist_info,Point (24.9166171 60.1562297),24.9166171,60.1562297,POI
7056,Elielinaukion r?ntgen,clinic,Point (24.9384104 60.1715463),24.9384104,60.1715463,POI
7057,Beauty by Liisi,beauty_shop,Point (24.9445322 60.1600736),24.9445322,60.1600736,POI
7058,?lander,florist,Point (24.9464339 60.1598524),24.9464339,60.1598524,POI
7059,Musta H?yhen,clothes,Point (24.9464359 60.1597973),24.9464359,60.1597973,POI
7060,,bench,Point (24.963954 60.1867862),24.963954,60.1867862,POI
7061,,bench,Point (24.9631719 60.1871576),24.9631719,60.1871576,POI
7062,,bench,Point (24.9633939 60.1871363),24.9633939,60.1871363,POI
7063,,bench,Point (24.9630594 60.1870575),24.9630594,60.1870575,POI
7064,,bench,Point (24.9634308 60.1870145),24.9634308,60.1870145,POI
7065,,bench,Point (24.9632366 60.1869745),24.9632366,60.1869745,POI
7066,,bench,Point (24.9629953 60.1868587),24.9629953,60.1868587,POI
7067,,bench,Point (24.9628821 60.1868945),24.9628821,60.1868945,POI
7068,,bench,Point (24.9640702 60.1865065),24.9640702,60.1865065,POI
7069,,bench,Point (24.9641573 60.1865706),24.9641573,60.1865706,POI
7070,,bench,Point (24.9641881 60.1865931),24.9641881,60.1865931,POI
7071,,bench,Point (24.9639764 60.186656),24.9639764,60.186656,POI
7072,,bench,Point (24.9637514 60.1867312),24.9637514,60.1867312,POI
7073,,bench,Point (24.9635288 60.1868043),24.9635288,60.1868043,POI
7074,,bench,Point (24.9637012 60.1868692),24.9637012,60.1868692,POI
7075,,bench,Point (24.9639903 60.1867754),24.9639903,60.1867754,POI
7076,,bench,Point (24.964245 60.1866915),24.964245,60.1866915,POI
7077,"UniSport, Meilahti",sports_centre,Point (24.8971492 60.1900894),24.8971492,60.1900894,POI
7078,UniSport,sports_centre,Point (24.9620573 60.205687),24.9620573,60.205687,POI
7079,Burger King,fast_food,Point (24.9465443 60.2075202),24.9465443,60.2075202,POI
7080,,ruins,Point (24.8762231 60.1488809),24.8762231,60.1488809,POI
7081,Suomen Biljardimyynti Oy / Darts-kauppa,sports_shop,Point (24.8922482 60.2076412),24.8922482,60.2076412,POI
7082,Uusi Sauna,attraction,Point (24.918119 60.1593559),24.918119,60.1593559,POI
7083,Pien Brewpub,restaurant,Point (24.9604625 60.1845629),24.9604625,60.1845629,POI
7084,Philosophy's Creperie,cafe,Point (24.9179179 60.1883083),24.9179179,60.1883083,POI
7085,John Scott¡¯s,restaurant,Point (24.9349651 60.1706596),24.9349651,60.1706596,POI
7086,,bench,Point (24.9609878 60.1968171),24.9609878,60.1968171,POI
7087,,bench,Point (24.9613458 60.1970097),24.9613458,60.1970097,POI
7088,,waste_basket,Point (24.9609059 60.1971302),24.9609059,60.1971302,POI
7089,Maxine,nightclub,Point (24.9340685 60.1694236),24.9340685,60.1694236,POI
7090,,post_box,Point (24.8789084 60.2060644),24.8789084,60.2060644,POI
7091,Hercules,nightclub,Point (24.9424496 60.1701239),24.9424496,60.1701239,POI
7092,Caf¨¦ Kasarmi,cafe,Point (24.9162657 60.1766753),24.9162657,60.1766753,POI
7093,Individual Aesthetics Helsinki,beauty_shop,Point (24.9265455 60.1770502),24.9265455,60.1770502,POI
7094,Meiccu,restaurant,Point (24.8998351 60.1947521),24.8998351,60.1947521,POI
7095,Helsinki Homemade,bakery,Point (24.9285478 60.1750636),24.9285478,60.1750636,POI
7096,Stadin ammattiopisto Teollisuuskadun toimipaikka,school,Point (24.9469236 60.1946583),24.9469236,60.1946583,POI
7097,Life,beauty_shop,Point (24.8813185 60.1599717),24.8813185,60.1599717,POI
7098,Friends & Brgrs,restaurant,Point (24.8811731 60.1600428),24.8811731,60.1600428,POI
7099,Kahvila Puhuri,cafe,Point (24.8792124 60.1596324),24.8792124,60.1596324,POI
7100,Kukkakaari,florist,Point (24.8814567 60.1599802),24.8814567,60.1599802,POI
7101,makers kahvila,cafe,Point (24.8822899 60.1556675),24.8822899,60.1556675,POI
7102,S?rkan Ruusu,bar,Point (24.9658571 60.1879747),24.9658571,60.1879747,POI
7103,Loru,restaurant,Point (24.8794115 60.1531855),24.8794115,60.1531855,POI
7104,luontokauppa,department_store,Point (24.8794732 60.1530399),24.8794732,60.1530399,POI
7105,Makuja Sushi,restaurant,Point (24.9166022 60.184925),24.9166022,60.184925,POI
7106,Ecco,shoe_shop,Point (24.932872 60.1690906),24.932872,60.1690906,POI
7107,Levant,restaurant,Point (24.8875467 60.1498151),24.8875467,60.1498151,POI
7108,,bench,Point (24.8878476 60.1826793),24.8878476,60.1826793,POI
7109,Malkit,doityourself,Point (24.9175695 60.1900376),24.9175695,60.1900376,POI
7110,Lauttasaaren kauneuskeskus,hairdresser,Point (24.8813061 60.153565),24.8813061,60.153565,POI
7111,Shea Coco,hairdresser,Point (24.8819471 60.153278),24.8819471,60.153278,POI
7112,kolibri nails,beauty_shop,Point (24.8822005 60.1544031),24.8822005,60.1544031,POI
7113,Sankaripatsas "Pioneeri",memorial,Point (24.9005994 60.2135118),24.9005994,60.2135118,POI
7114,Vapahtaja sotilaiden lohduttajana,memorial,Point (24.920699 60.1660869),24.920699,60.1660869,POI
7115,T??l?n Montessori-leikkikoulu,kindergarten,Point (24.9291818 60.1735144),24.9291818,60.1735144,POI
7116,Munkkiniemen Montessori-leikkikoulu,kindergarten,Point (24.8795296 60.1977972),24.8795296,60.1977972,POI
7117,,bench,Point (24.9569238 60.1854177),24.9569238,60.1854177,POI
7118,,bench,Point (24.9566942 60.185103),24.9566942,60.185103,POI
7119,,bench,Point (24.9566522 60.1850706),24.9566522,60.1850706,POI
7120,,waste_basket,Point (24.9562678 60.1866521),24.9562678,60.1866521,POI
7121,,bench,Point (24.9379081 60.1580793),24.9379081,60.1580793,POI
7122,,bench,Point (24.9373825 60.158141),24.9373825,60.158141,POI
7123,,bench,Point (24.9373405 60.1581139),24.9373405,60.1581139,POI
7124,,bench,Point (24.9345783 60.1612915),24.9345783,60.1612915,POI
7125,,bench,Point (24.934615 60.1612531),24.934615,60.1612531,POI
7126,Luckiefun's,restaurant,Point (24.9405111 60.1698982),24.9405111,60.1698982,POI
7127,Social Burgerjoint,fast_food,Point (24.9414619 60.1701076),24.9414619,60.1701076,POI
7128,D?ner Harju,restaurant,Point (24.9414384 60.1697878),24.9414384,60.1697878,POI
7129,Sushibar+wine,restaurant,Point (24.9417234 60.1697112),24.9417234,60.1697112,POI
7130,Gateau,bakery,Point (24.941746 60.1699812),24.941746,60.1699812,POI
7131,Jungle Juice Bar,fast_food,Point (24.9415879 60.1699493),24.9415879,60.1699493,POI
7132,Fazer Caf¨¦,cafe,Point (24.9417617 60.1696963),24.9417617,60.1696963,POI
7133,,toilet,Point (24.9421719 60.1700462),24.9421719,60.1700462,POI
7134,Silm?asema,optician,Point (24.9423339 60.1697476),24.9423339,60.1697476,POI
7135,La Chica,beauty_shop,Point (24.9420518 60.1698315),24.9420518,60.1698315,POI
7136,Vero Moda,clothes,Point (24.9423759 60.1700832),24.9423759,60.1700832,POI
7137,8-Bit Taproom,pub,Point (24.9370628 60.1659969),24.9370628,60.1659969,POI
7138,Pikkulintu Ruttopuisto,pub,Point (24.9367624 60.1658942),24.9367624,60.1658942,POI
7139,,bench,Point (24.9449648 60.1674762),24.9449648,60.1674762,POI
7140,,bench,Point (24.9449105 60.1675065),24.9449105,60.1675065,POI
7141,,bench,Point (24.9448725 60.1675157),24.9448725,60.1675157,POI
7142,,bench,Point (24.9447254 60.1675124),24.9447254,60.1675124,POI
7143,,bench,Point (24.9446859 60.1674983),24.9446859,60.1674983,POI
7144,,bench,Point (24.9446582 60.1674797),24.9446582,60.1674797,POI
7145,,bench,Point (24.9449213 60.1673718),24.9449213,60.1673718,POI
7146,,bench,Point (24.9448643 60.1673573),24.9448643,60.1673573,POI
7147,,bench,Point (24.9448126 60.1673542),24.9448126,60.1673542,POI
7148,,bench,Point (24.9447618 60.1673552),24.9447618,60.1673552,POI
7149,,bench,Point (24.9456145 60.1634876),24.9456145,60.1634876,POI
7150,,bench,Point (24.9456533 60.1634996),24.9456533,60.1634996,POI
7151,,bench,Point (24.9459474 60.1634936),24.9459474,60.1634936,POI
7152,,bench,Point (24.945971 60.1634719),24.945971,60.1634719,POI
7153,,bench,Point (24.9458399 60.1633178),24.9458399,60.1633178,POI
7154,,bench,Point (24.952641 60.1618694),24.952641,60.1618694,POI
7155,,bench,Point (24.9525062 60.1622825),24.9525062,60.1622825,POI
7156,,bench,Point (24.9515514 60.1609802),24.9515514,60.1609802,POI
7157,,bench,Point (24.9518419 60.1613288),24.9518419,60.1613288,POI
7158,,bench,Point (24.951802 60.1613199),24.951802,60.1613199,POI
7159,,bench,Point (24.9506948 60.1613825),24.9506948,60.1613825,POI
7160,,bench,Point (24.950462 60.161786),24.950462,60.161786,POI
7161,,bench,Point (24.9505731 60.1618914),24.9505731,60.1618914,POI
7162,,bench,Point (24.9505023 60.161894),24.9505023,60.161894,POI
7163,,bench,Point (24.9506602 60.1624541),24.9506602,60.1624541,POI
7164,,bench,Point (24.9510078 60.1624536),24.9510078,60.1624536,POI
7165,,bench,Point (24.9508919 60.1625845),24.9508919,60.1625845,POI
7166,,bench,Point (24.9507713 60.1625824),24.9507713,60.1625824,POI
7167,,bench,Point (24.9507398 60.1625331),24.9507398,60.1625331,POI
7168,Mustikkamaan yleis?vessa,toilet,Point (24.9896051 60.1802458),24.9896051,60.1802458,POI
7169,,bench,Point (24.921865 60.1697477),24.921865,60.1697477,POI
7170,,bench,Point (24.9219024 60.1697556),24.9219024,60.1697556,POI
7171,,bench,Point (24.9218968 60.1697656),24.9218968,60.1697656,POI
7172,,bench,Point (24.9218815 60.1697738),24.9218815,60.1697738,POI
7173,,bench,Point (24.921854 60.169776),24.921854,60.169776,POI
7174,,bench,Point (24.9218344 60.1697708),24.9218344,60.1697708,POI
7175,,bench,Point (24.9218234 60.1697626),24.9218234,60.1697626,POI
7176,,bench,Point (24.9249578 60.168694),24.9249578,60.168694,POI
7177,,bench,Point (24.9247135 60.1685834),24.9247135,60.1685834,POI
7178,,bench,Point (24.9246033 60.1685307),24.9246033,60.1685307,POI
7179,,bench,Point (24.9245574 60.1685064),24.9245574,60.1685064,POI
7180,,bench,Point (24.9245078 60.1684811),24.9245078,60.1684811,POI
7181,,bench,Point (24.8898668 60.1960153),24.8898668,60.1960153,POI
7182,,bench,Point (24.8914858 60.1973415),24.8914858,60.1973415,POI
7183,,bench,Point (24.8927534 60.1976799),24.8927534,60.1976799,POI
7184,,bench,Point (24.8929318 60.1973617),24.8929318,60.1973617,POI
7185,,bench,Point (24.8929808 60.1972897),24.8929808,60.1972897,POI
7186,,atm,Point (24.9316604 60.1695602),24.9316604,60.1695602,POI
7187,,tourist_info,Point (24.9257104 60.1726999),24.9257104,60.1726999,POI
7188,,bench,Point (24.9584519 60.2020034),24.9584519,60.2020034,POI
7189,,bench,Point (24.9565903 60.1806173),24.9565903,60.1806173,POI
7190,,bench,Point (24.9567472 60.1806186),24.9567472,60.1806186,POI
7191,,bench,Point (24.929181 60.1745053),24.929181,60.1745053,POI
7192,,bench,Point (24.9291315 60.1745097),24.9291315,60.1745097,POI
7193,,bench,Point (24.930397 60.1742576),24.930397,60.1742576,POI
7194,,bench,Point (24.932354 60.1742147),24.932354,60.1742147,POI
7195,,bench,Point (24.932244 60.1741858),24.932244,60.1741858,POI
7196,,vending_parking,Point (24.9388764 60.1738656),24.9388764,60.1738656,POI
7197,Salon Sensitive,hairdresser,Point (24.9390696 60.173108),24.9390696,60.173108,POI
7198,,waste_basket,Point (24.9343881 60.1702477),24.9343881,60.1702477,POI
7199,Brokadi Noodle,restaurant,Point (24.9517405 60.1969909),24.9517405,60.1969909,POI
7200,Kuukkeli,artwork,Point (24.9810449 60.185195),24.9810449,60.185195,POI
7201,King Kebab Kallio,restaurant,Point (24.9560832 60.18848),24.9560832,60.18848,POI
7202,Rose Cafe,cafe,Point (24.8891931 60.2101206),24.8891931,60.2101206,POI
7203,COS,clothes,Point (24.9465425 60.1679074),24.9465425,60.1679074,POI
7204,M Room Kamppi,hairdresser,Point (24.9311296 60.1669816),24.9311296,60.1669816,POI
7205,Kallion uimahalli,sports_centre,Point (24.9472531 60.18682),24.9472531,60.18682,POI
7206,Otavan Kirjakahvila,cafe,Point (24.9413802 60.1645473),24.9413802,60.1645473,POI
7207,Uusix Fillari,bicycle_shop,Point (24.9741155 60.1978158),24.9741155,60.1978158,POI
7208,ilOksi Lifestyle,clothes,Point (24.8767445 60.1985894),24.8767445,60.1985894,POI
7209,Inaria Studio,furniture_shop,Point (24.8768631 60.1985637),24.8768631,60.1985637,POI
7210,Hertz,car_rental,Point (24.9283152 60.1692267),24.9283152,60.1692267,POI
7211,Flow Bar,bar,Point (24.9466581 60.184793),24.9466581,60.184793,POI
7212,,bench,Point (24.9339452 60.161181),24.9339452,60.161181,POI
7213,,bench,Point (24.9338258 60.1613145),24.9338258,60.1613145,POI
7214,,bench,Point (24.9335529 60.1612804),24.9335529,60.1612804,POI
7215,,bench,Point (24.9335288 60.1611737),24.9335288,60.1611737,POI
7216,,bench,Point (24.9336468 60.1613151),24.9336468,60.1613151,POI
7217,,bench,Point (24.9337368 60.1613485),24.9337368,60.1613485,POI
7218,,bench,Point (24.9335878 60.1611417),24.9335878,60.1611417,POI
7219,,bench,Point (24.9342577 60.1617142),24.9342577,60.1617142,POI
7220,,bench,Point (24.9341973 60.1616988),24.9341973,60.1616988,POI
7221,,bench,Point (24.9341423 60.1616942),24.9341423,60.1616942,POI
7222,,bench,Point (24.934094 60.1617035),24.934094,60.1617035,POI
7223,,bench,Point (24.9340471 60.1617963),24.9340471,60.1617963,POI
7224,,bench,Point (24.9340766 60.1618243),24.9340766,60.1618243,POI
7225,street gastro,restaurant,Point (24.9792067 60.1863772),24.9792067,60.1863772,POI
7226,Fisu & Ranet,restaurant,Point (24.9792553 60.1863624),24.9792553,60.1863624,POI
7227,L?hialuematkat,travel_agent,Point (24.9552804 60.1608627),24.9552804,60.1608627,POI
7228,V?in? Kallio,restaurant,Point (24.9588485 60.1832531),24.9588485,60.1832531,POI
7229,Virka Galleria,attraction,Point (24.9523391 60.1681919),24.9523391,60.1681919,POI
7230,Plektra Trading,doityourself,Point (24.9184317 60.1864756),24.9184317,60.1864756,POI
7231,,bench,Point (24.9606508 60.196985),24.9606508,60.196985,POI
7232,T?htisilm?,hairdresser,Point (24.9606932 60.184733),24.9606932,60.184733,POI
7233,Pihka,restaurant,Point (24.9623374 60.1840132),24.9623374,60.1840132,POI
7234,,waste_basket,Point (24.9603626 60.1988676),24.9603626,60.1988676,POI
7235,,waste_basket,Point (24.9539011 60.198792),24.9539011,60.198792,POI
7236,,bench,Point (24.9741807 60.2089498),24.9741807,60.2089498,POI
7237,,bench,Point (24.9728427 60.2082733),24.9728427,60.2082733,POI
7238,,bench,Point (24.9728895 60.2082621),24.9728895,60.2082621,POI
7239,,bench,Point (24.9728712 60.2082374),24.9728712,60.2082374,POI
7240,,waste_basket,Point (24.9728956 60.2082505),24.9728956,60.2082505,POI
7241,,vending_any,Point (24.9724114 60.2081496),24.9724114,60.2081496,POI
7242,,bench,Point (24.9731706 60.2091716),24.9731706,60.2091716,POI
7243,,bench,Point (24.9732125 60.2091584),24.9732125,60.2091584,POI
7244,,bench,Point (24.9732478 60.2091452),24.9732478,60.2091452,POI
7245,,waste_basket,Point (24.9731919 60.2091691),24.9731919,60.2091691,POI
7246,,bench,Point (24.9761195 60.2099728),24.9761195,60.2099728,POI
7247,,bench,Point (24.9761379 60.2099965),24.9761379,60.2099965,POI
7248,,waste_basket,Point (24.9761293 60.209987),24.9761293,60.209987,POI
7249,,waste_basket,Point (24.970168 60.2115934),24.970168,60.2115934,POI
7250,Street Gastro,fast_food,Point (24.9336412 60.1693913),24.9336412,60.1693913,POI
7251,Yeply,bicycle_shop,Point (24.9206146 60.1559277),24.9206146,60.1559277,POI
7252,Bistro Bron,cafe,Point (24.9826314 60.1796),24.9826314,60.1796,POI
7253,Kotipizza,fast_food,Point (24.9549601 60.2164735),24.9549601,60.2164735,POI
7254,K?pyl?n kiska,kiosk,Point (24.9548252 60.2171333),24.9548252,60.2171333,POI
7255,Fiori di Anita,florist,Point (24.9536979 60.2171808),24.9536979,60.2171808,POI
7256,NOM Vietnamese Kitchen,restaurant,Point (24.9412095 60.1630593),24.9412095,60.1630593,POI
7257,,toilet,Point (24.94813 60.169536),24.94813,60.169536,POI
7258,Natural Movement,shoe_shop,Point (24.9127239 60.1916274),24.9127239,60.1916274,POI
7259,,vending_any,Point (24.9691269 60.2005703),24.9691269,60.2005703,POI
7260,,bench,Point (24.9691546 60.2007877),24.9691546,60.2007877,POI
7261,,bench,Point (24.9679469 60.2004659),24.9679469,60.2004659,POI
7262,,bench,Point (24.9695198 60.2008148),24.9695198,60.2008148,POI
7263,,bench,Point (24.9696646 60.2008433),24.9696646,60.2008433,POI
7264,,bench,Point (24.9696961 60.2008502),24.9696961,60.2008502,POI
7265,,waste_basket,Point (24.9708029 60.2005584),24.9708029,60.2005584,POI
7266,L?nnrotinkatu 36,artwork,Point (24.9280043 60.1625828),24.9280043,60.1625828,POI
7267,L?hialuematkat,travel_agent,Point (24.9412029 60.1710331),24.9412029,60.1710331,POI
7268,,waste_basket,Point (24.9737804 60.208549),24.9737804,60.208549,POI
7269,,bench,Point (24.9722333 60.2082709),24.9722333,60.2082709,POI
7270,,bench,Point (24.9747658 60.2061601),24.9747658,60.2061601,POI
7271,,bench,Point (24.9748139 60.2061739),24.9748139,60.2061739,POI
7272,,waste_basket,Point (24.9748589 60.2061751),24.9748589,60.2061751,POI
7273,,waste_basket,Point (24.9752677 60.2057999),24.9752677,60.2057999,POI
7274,Suomalainen Kirjakauppa,bookshop,Point (24.9439978 60.169072),24.9439978,60.169072,POI
7275,,waste_basket,Point (24.9830972 60.1836686),24.9830972,60.1836686,POI
7276,,waste_basket,Point (24.9818589 60.1825488),24.9818589,60.1825488,POI
7277,,waste_basket,Point (24.978652 60.1828633),24.978652,60.1828633,POI
7278,,waste_basket,Point (24.977852 60.1829597),24.977852,60.1829597,POI
7279,,waste_basket,Point (24.9769821 60.183141),24.9769821,60.183141,POI
7280,,waste_basket,Point (24.9757531 60.1839596),24.9757531,60.1839596,POI
7281,,waste_basket,Point (24.9780257 60.1843381),24.9780257,60.1843381,POI
7282,,waste_basket,Point (24.9779295 60.1849208),24.9779295,60.1849208,POI
7283,,waste_basket,Point (24.977729 60.1842469),24.977729,60.1842469,POI
7284,,waste_basket,Point (24.9775241 60.1845181),24.9775241,60.1845181,POI
7285,,waste_basket,Point (24.9767753 60.1834716),24.9767753,60.1834716,POI
7286,,vending_any,Point (24.97667 60.1835193),24.97667,60.1835193,POI
7287,,waste_basket,Point (24.9828529 60.1860386),24.9828529,60.1860386,POI
7288,,bench,Point (24.9828837 60.1860313),24.9828837,60.1860313,POI
7289,,bench,Point (24.9832282 60.1859907),24.9832282,60.1859907,POI
7290,,bench,Point (24.9835878 60.18595),24.9835878,60.18595,POI
7291,,waste_basket,Point (24.9835551 60.1859558),24.9835551,60.1859558,POI
7292,,waste_basket,Point (24.9840662 60.1847722),24.9840662,60.1847722,POI
7293,,waste_basket,Point (24.9839332 60.1852757),24.9839332,60.1852757,POI
7294,,waste_basket,Point (24.9838917 60.1854924),24.9838917,60.1854924,POI
7295,,waste_basket,Point (24.9686557 60.201793),24.9686557,60.201793,POI
7296,,waste_basket,Point (24.9687638 60.2021615),24.9687638,60.2021615,POI
7297,,waste_basket,Point (24.9683987 60.2019858),24.9683987,60.2019858,POI
7298,,waste_basket,Point (24.9691469 60.2020197),24.9691469,60.2020197,POI
7299,Liian painavat vieraat,artwork,Point (24.8978641 60.1660441),24.8978641,60.1660441,POI
7300,,post_box,Point (24.8830425 60.1537482),24.8830425,60.1537482,POI
7301,,post_box,Point (24.8824461 60.1542),24.8824461,60.1542,POI
7302,GROOM Sport,hairdresser,Point (24.9212988 60.1860723),24.9212988,60.1860723,POI
7303,Vacco,restaurant,Point (24.9132354 60.1581094),24.9132354,60.1581094,POI
7304,Arcadahallen,sports_centre,Point (24.9684122 60.1998472),24.9684122,60.1998472,POI
7305,Hope ¨C Yhdess? & Yhteisesti ry p??kaupunkiseutu,recycling_clothes,Point (24.8737887 60.2140701),24.8737887,60.2140701,POI
7306,,bench,Point (24.9647315 60.2126629),24.9647315,60.2126629,POI
7307,,waste_basket,Point (24.9821043 60.1830766),24.9821043,60.1830766,POI
7308,Oranssi,arts_centre,Point (24.9733231 60.1859075),24.9733231,60.1859075,POI
7309,Ilmalan asema,bicycle_rental,Point (24.9222514 60.2066206),24.9222514,60.2066206,POI
7310,Biitsi Salmisaari,sports_centre,Point (24.9036455 60.1659502),24.9036455,60.1659502,POI
7311,Annan Pippuri,fast_food,Point (24.9355076 60.1680536),24.9355076,60.1680536,POI
7312,Parturi-kampaamo Woima,hairdresser,Point (24.9354479 60.168105),24.9354479,60.168105,POI
7313,Kiinan viisumipalvelukeskus,embassy,Point (24.9291348 60.1687874),24.9291348,60.1687874,POI
7314,Taco Bell,fast_food,Point (24.9305632 60.1691774),24.9305632,60.1691774,POI
7315,Massa,artwork,Point (24.9369035 60.1737219),24.9369035,60.1737219,POI
7316,,vending_any,Point (24.9771813 60.2024931),24.9771813,60.2024931,POI
7317,,vending_any,Point (24.9567664 60.2041659),24.9567664,60.2041659,POI
7318,,vending_any,Point (24.9824163 60.207593),24.9824163,60.207593,POI
7319,,vending_any,Point (24.9525468 60.2011271),24.9525468,60.2011271,POI
7320,,vending_any,Point (24.9682352 60.1970207),24.9682352,60.1970207,POI
7321,L?nsisatamankuja,bicycle_rental,Point (24.9120792 60.1569409),24.9120792,60.1569409,POI
7322,Gidi,restaurant,Point (24.9458707 60.1884315),24.9458707,60.1884315,POI
7323,Ravintola Stonebase,restaurant,Point (24.8796576 60.1527176),24.8796576,60.1527176,POI
7324,Huopalahden asema,bicycle_rental,Point (24.8918637 60.2180822),24.8918637,60.2180822,POI
7325,Tunnelitie,bicycle_rental,Point (24.8995477 60.2166338),24.8995477,60.2166338,POI
7326,,recycling_clothes,Point (24.9133998 60.1623863),24.9133998,60.1623863,POI
7327,Lilla e.,bar,Point (24.9475132 60.1643396),24.9475132,60.1643396,POI
7328,Trillby & Chadwick,bar,Point (24.9537339 60.1683663),24.9537339,60.1683663,POI
7329,Runar,bar,Point (24.9494185 60.1662694),24.9494185,60.1662694,POI
7330,Tislaamo - Distillery Bar,bar,Point (24.9698346 60.1901291),24.9698346,60.1901291,POI
7331,,waste_basket,Point (24.9759891 60.216107),24.9759891,60.216107,POI
7332,,waste_basket,Point (24.9760055 60.2159829),24.9760055,60.2159829,POI
7333,,waste_basket,Point (24.9848788 60.2146505),24.9848788,60.2146505,POI
7334,,waste_basket,Point (24.9852389 60.2157049),24.9852389,60.2157049,POI
7335,,waste_basket,Point (24.9830354 60.2169955),24.9830354,60.2169955,POI
7336,,waste_basket,Point (24.982602 60.2172865),24.982602,60.2172865,POI
7337,,waste_basket,Point (24.9818717 60.2159873),24.9818717,60.2159873,POI
7338,,waste_basket,Point (24.9827815 60.2154197),24.9827815,60.2154197,POI
7339,,waste_basket,Point (24.9823949 60.2155418),24.9823949,60.2155418,POI
7340,,waste_basket,Point (24.9824032 60.2156588),24.9824032,60.2156588,POI
7341,,waste_basket,Point (24.9828232 60.2156649),24.9828232,60.2156649,POI
7342,,waste_basket,Point (24.9829799 60.2158681),24.9829799,60.2158681,POI
7343,,waste_basket,Point (24.9844503 60.2157339),24.9844503,60.2157339,POI
7344,,waste_basket,Point (24.9820234 60.2157319),24.9820234,60.2157319,POI
7345,,bench,Point (24.9824211 60.2155301),24.9824211,60.2155301,POI
7346,,bench,Point (24.9828135 60.2154158),24.9828135,60.2154158,POI
7347,Subway,fast_food,Point (24.9623008 60.1833345),24.9623008,60.1833345,POI
7348,PYYKKIPOIKA?,laundry,Point (24.9441922 60.1681137),24.9441922,60.1681137,POI
7349,,waste_basket,Point (24.9747828 60.2063555),24.9747828,60.2063555,POI
7350,,waste_basket,Point (24.9734312 60.2061627),24.9734312,60.2061627,POI
7351,Sodexo - Huolintatalo,restaurant,Point (24.9287611 60.1954769),24.9287611,60.1954769,POI
7352,Star Cafe,cafe,Point (24.9537253 60.1740221),24.9537253,60.1740221,POI
7353,Caf¨¦ Boardgame,cafe,Point (24.9348205 60.1667119),24.9348205,60.1667119,POI
7354,Suojeluskuntatalo,memorial,Point (24.9249679 60.1774937),24.9249679,60.1774937,POI
7355,PRIMO,bakery,Point (24.912274 60.1687971),24.912274,60.1687971,POI
7356,Caf¨¦ Meli,cafe,Point (24.956607 60.1874559),24.956607,60.1874559,POI
7357,,toilet,Point (24.8672699 60.1723796),24.8672699,60.1723796,POI
7358,Bruket Cafe & Catering,restaurant,Point (24.9595072 60.1825345),24.9595072,60.1825345,POI
7359,,waste_basket,Point (24.9688749 60.2132254),24.9688749,60.2132254,POI
7360,J??murtajien informaatiotaulu,tourist_info,Point (24.9679959 60.1692),24.9679959,60.1692,POI
7361,Eiran Hius Agentuuri,hairdresser,Point (24.9494791 60.1598942),24.9494791,60.1598942,POI
7362,Skin Atelier Fellman,beauty_shop,Point (24.9547658 60.1607686),24.9547658,60.1607686,POI
7363,,post_box,Point (24.9554953 60.1608918),24.9554953,60.1608918,POI
7364,Kaivopuiston hammasl??k?riasema,dentist,Point (24.9549884 60.1605535),24.9549884,60.1605535,POI
7365,Valkoinen Elefantti,clothes,Point (24.9455877 60.1591969),24.9455877,60.1591969,POI
7366,P?iv?koti Fylgia-Solhem,kindergarten,Point (24.9450098 60.1591784),24.9450098,60.1591784,POI
7367,headMade Helsinki,hairdresser,Point (24.9447093 60.1591687),24.9447093,60.1591687,POI
7368,Salon Harmony,hairdresser,Point (24.9443371 60.1591568),24.9443371,60.1591568,POI
7369,M.U.K.A.V.A.,hairdresser,Point (24.9437895 60.1591392),24.9437895,60.1591392,POI
7370,Aroha Helsinki,hairdresser,Point (24.9437145 60.1591368),24.9437145,60.1591368,POI
7371,Omistuskirjoitus,artwork,Point (24.9379592 60.1736753),24.9379592,60.1736753,POI
7372,Blomer,furniture_shop,Point (24.9498197 60.1574398),24.9498197,60.1574398,POI
7373,Kaivopuisto International Kindergarten,kindergarten,Point (24.9498788 60.156434),24.9498788,60.156434,POI
7374,cloything shop,clothes,Point (24.9494804 60.1572736),24.9494804,60.1572736,POI
7375,Jura,restaurant,Point (24.949125 60.1579883),24.949125,60.1579883,POI
7376,RAMS ROASTERS,cafe,Point (24.9490741 60.1580911),24.9490741,60.1580911,POI
7377,,fountain,Point (24.9579612 60.1865809),24.9579612,60.1865809,POI
7378,Clean Kalle,laundry,Point (24.945769 60.1572266),24.945769,60.1572266,POI
7379,Annan hiussalonki,hairdresser,Point (24.9459471 60.1572262),24.9459471,60.1572262,POI
7380,,beauty_shop,Point (24.9468507 60.1572972),24.9468507,60.1572972,POI
7381,Kauneushoitola Snow White,beauty_shop,Point (24.947023 60.1573241),24.947023,60.1573241,POI
7382,Wild Thinks Helsinki Flower Studio,florist,Point (24.9470895 60.1573376),24.9470895,60.1573376,POI
7383,Exuviance,beauty_shop,Point (24.9485499 60.1572678),24.9485499,60.1572678,POI
7384,,hairdresser,Point (24.948476 60.157258),24.948476,60.157258,POI
7385,Just your beauty,beauty_shop,Point (24.9480623 60.1572114),24.9480623,60.1572114,POI
7386,Victoria's room for beauty,beauty_shop,Point (24.9467546 60.1570582),24.9467546,60.1570582,POI
7387,Kultasepp? Jaana Lehtinen,jeweller,Point (24.9456563 60.1569271),24.9456563,60.1569271,POI
7388,,car_rental,Point (24.9436566 60.1566844),24.9436566,60.1566844,POI
7389,C. Hagelstam,bookshop,Point (24.9465964 60.1615308),24.9465964,60.1615308,POI
7390,Rubens,jeweller,Point (24.946613 60.1613382),24.946613,60.1613382,POI
7391,Maison helsinki,clothes,Point (24.9466716 60.1607993),24.9466716,60.1607993,POI
7392,Sntosh Shop & Showroom,clothes,Point (24.9467824 60.1599139),24.9467824,60.1599139,POI
7393,Faber art,jeweller,Point (24.9467894 60.1598648),24.9467894,60.1598648,POI
7394,Silver Art,jeweller,Point (24.9467948 60.1598273),24.9467948,60.1598273,POI
7395,Lempi kampaamo,hairdresser,Point (24.9468201 60.1596737),24.9468201,60.1596737,POI
7396,GANT,clothes,Point (24.9468497 60.1594614),24.9468497,60.1594614,POI
7397,,waste_basket,Point (24.9486025 60.2044651),24.9486025,60.2044651,POI
7398,,waste_basket,Point (24.9480112 60.204619),24.9480112,60.204619,POI
7399,,waste_basket,Point (24.9488248 60.2042624),24.9488248,60.2042624,POI
7400,,waste_basket,Point (24.948554 60.2042952),24.948554,60.2042952,POI
7401,,bench,Point (24.9482726 60.2041481),24.9482726,60.2041481,POI
7402,,bench,Point (24.949162 60.2045204),24.949162,60.2045204,POI
7403,,bench,Point (24.9492209 60.2045187),24.9492209,60.2045187,POI
7404,,waste_basket,Point (24.9491493 60.2045232),24.9491493,60.2045232,POI
7405,,waste_basket,Point (24.9480259 60.2037779),24.9480259,60.2037779,POI
7406,,waste_basket,Point (24.9475892 60.2038085),24.9475892,60.2038085,POI
7407,,waste_basket,Point (24.9487234 60.2049052),24.9487234,60.2049052,POI
7408,,waste_basket,Point (24.9486364 60.205027),24.9486364,60.205027,POI
7409,,waste_basket,Point (24.9488776 60.2047418),24.9488776,60.2047418,POI
7410,Goldfish,bar,Point (24.946462 60.1625829),24.946462,60.1625829,POI
7411,Parturi Kampaamo,hairdresser,Point (24.9460735 60.1657887),24.9460735,60.1657887,POI
7412,Kultasepp?,jeweller,Point (24.9462926 60.1611209),24.9462926,60.1611209,POI
7413,Ritva Falla,clothes,Point (24.9464886 60.1595224),24.9464886,60.1595224,POI
7414,,bench,Point (24.9741419 60.2081562),24.9741419,60.2081562,POI
7415,,waste_basket,Point (24.9746262 60.2089683),24.9746262,60.2089683,POI
7416,Komia,clothes,Point (24.9475862 60.1658803),24.9475862,60.1658803,POI
7417,SOL,laundry,Point (24.948278 60.1603296),24.948278,60.1603296,POI
7418,Kello- ja korukorjaus aikamerkki,jeweller,Point (24.9483349 60.159938),24.9483349,60.159938,POI
7419,Era Nova,bookshop,Point (24.9483477 60.1598685),24.9483477,60.1598685,POI
7420,Hurmus Sesderma,beauty_shop,Point (24.945745 60.1608662),24.945745,60.1608662,POI
7421,Pihka,restaurant,Point (24.9480053 60.1659253),24.9480053,60.1659253,POI
7422,Borse e Cose - Jeans & Towels,clothes,Point (24.9479274 60.1662633),24.9479274,60.1662633,POI
7423,Hiussalonki Lumo Helsinki,hairdresser,Point (24.947106 60.1641408),24.947106,60.1641408,POI
7424,Kartell,furniture_shop,Point (24.9479578 60.1660789),24.9479578,60.1660789,POI
7425,Kulmala,jeweller,Point (24.9459003 60.1585928),24.9459003,60.1585928,POI
7426,Kukkakauppa Rose-Marie,florist,Point (24.9462321 60.1590857),24.9462321,60.1590857,POI
7427,Ristomatti Ratia,clothes,Point (24.9459419 60.1558472),24.9459419,60.1558472,POI
7428,Etana editions,bookshop,Point (24.9459903 60.1557492),24.9459903,60.1557492,POI
7429,SOL,laundry,Point (24.9456037 60.1573407),24.9456037,60.1573407,POI
7430,Knitworks,clothes,Point (24.9459707 60.1578961),24.9459707,60.1578961,POI
7431,C. Hagelstamin Antikvaarinen Kirjakauppa,bookshop,Point (24.9459255 60.157841),24.9459255,60.157841,POI
7432,Wheelstr?m,bicycle_shop,Point (24.946016 60.1579862),24.946016,60.1579862,POI
7433,,furniture_shop,Point (24.9461127 60.158135),24.9461127,60.158135,POI
7434,Pyh?n Marian Lastentarha,kindergarten,Point (24.9541859 60.1588017),24.9541859,60.1588017,POI
7435,Salonki Beauty Charm,beauty_shop,Point (24.9522378 60.1572812),24.9522378,60.1572812,POI
7436,Olaplex,beauty_shop,Point (24.9459632 60.1563299),24.9459632,60.1563299,POI
7437,Bart,bar,Point (24.93586 60.1666973),24.93586,60.1666973,POI
7438,Tove Jansson,memorial,Point (24.9194635 60.1681778),24.9194635,60.1681778,POI
7439,Oma Puoti,artwork,Point (24.9533987 60.1688196),24.9533987,60.1688196,POI
7440,Vieno Puustj?rvi,gift_shop,Point (24.9534276 60.1688826),24.9534276,60.1688826,POI
7441,Vieno Puustj?rvi,artwork,Point (24.9534276 60.1688826),24.9534276,60.1688826,POI
7442,Opastinsilta,bicycle_rental,Point (24.9379132 60.1992385),24.9379132,60.1992385,POI
7443,Amos Rex Shop,gift_shop,Point (24.9366727 60.1705534),24.9366727,60.1705534,POI
7444,A. I. Virtasen aukio,bicycle_rental,Point (24.9621073 60.2055609),24.9621073,60.2055609,POI
7445,,waste_basket,Point (24.945749 60.1975919),24.945749,60.1975919,POI
7446,Sandro Kortteli,restaurant,Point (24.9336289 60.1697822),24.9336289,60.1697822,POI
7447,Hoku,restaurant,Point (24.9337633 60.16969),24.9337633,60.16969,POI
7448,Villa Severino,restaurant,Point (24.9339862 60.169482),24.9339862,60.169482,POI
7449,Beijing8,restaurant,Point (24.9335006 60.1695809),24.9335006,60.1695809,POI
7450,,bench,Point (24.9883445 60.1736466),24.9883445,60.1736466,POI
7451,,bench,Point (24.9846027 60.1726457),24.9846027,60.1726457,POI
7452,,bench,Point (24.9852233 60.1726133),24.9852233,60.1726133,POI
7453,,bench,Point (24.9849709 60.1724613),24.9849709,60.1724613,POI
7454,,waste_basket,Point (24.9832304 60.1724418),24.9832304,60.1724418,POI
7455,,waste_basket,Point (24.980838 60.1738385),24.980838,60.1738385,POI
7456,,bench,Point (24.9825891 60.172813),24.9825891,60.172813,POI
7457,,waste_basket,Point (24.9826453 60.1726624),24.9826453,60.1726624,POI
7458,,bench,Point (24.9854222 60.172617),24.9854222,60.172617,POI
7459,,bench,Point (24.9842049 60.1725901),24.9842049,60.1725901,POI
7460,,bench,Point (24.9848668 60.1724475),24.9848668,60.1724475,POI
7461,,bench,Point (24.9853384 60.1726569),24.9853384,60.1726569,POI
7462,,waste_basket,Point (24.982118 60.1756667),24.982118,60.1756667,POI
7463,,waste_basket,Point (24.9829648 60.1759909),24.9829648,60.1759909,POI
7464,,waste_basket,Point (24.9834098 60.1765995),24.9834098,60.1765995,POI
7465,,waste_basket,Point (24.9775259 60.1832351),24.9775259,60.1832351,POI
7466,,bench,Point (24.9748006 60.1837311),24.9748006,60.1837311,POI
7467,,bench,Point (24.9748614 60.1837066),24.9748614,60.1837066,POI
7468,,picnic_site,Point (24.9185539 60.1955528),24.9185539,60.1955528,POI
7469,Haagan tori,bicycle_rental,Point (24.8989375 60.2121156),24.8989375,60.2121156,POI
7470,Takomotie,bicycle_rental,Point (24.871198 60.2179175),24.871198,60.2179175,POI
7471,Valimotie,bicycle_rental,Point (24.8754148 60.2156069),24.8754148,60.2156069,POI
7472,Vanha Viertotie,bicycle_rental,Point (24.88166 60.211075),24.88166,60.211075,POI
7473,Ruskeasuon varikko,bicycle_rental,Point (24.898668 60.20768),24.898668,60.20768,POI
7474,L?nsiterminaali,bicycle_rental,Point (24.915863 60.150396),24.915863,60.150396,POI
7475,Katariina Saksilaisen katu,bicycle_rental,Point (24.98442 60.217215),24.98442,60.217215,POI
7476,Mustikkamaa,bicycle_rental,Point (24.992037 60.181862),24.992037,60.181862,POI
7477,Koskelan varikko,bicycle_rental,Point (24.9698737 60.2125814),24.9698737,60.2125814,POI
7478,Vallilan varikko,bicycle_rental,Point (24.9628214 60.1952514),24.9628214,60.1952514,POI
7479,,vending_any,Point (24.9419431 60.1729147),24.9419431,60.1729147,POI
7480,Karhupuiston Optiikka Ky,optician,Point (24.9524935 60.1843419),24.9524935,60.1843419,POI
7481,Pizzeria Via Tribunali,restaurant,Point (24.9637355 60.187945),24.9637355,60.187945,POI
7482,Ravintola Greenport,restaurant,Point (24.9812698 60.1877769),24.9812698,60.1877769,POI
7483,,bench,Point (24.9179316 60.2122918),24.9179316,60.2122918,POI
7484,,bench,Point (24.9180052 60.2122821),24.9180052,60.2122821,POI
7485,Praha,bar,Point (24.9403806 60.1694155),24.9403806,60.1694155,POI
7486,,bench,Point (24.9152208 60.1593972),24.9152208,60.1593972,POI
7487,,bench,Point (24.8749992 60.1576043),24.8749992,60.1576043,POI
7488,,bench,Point (24.8750302 60.1575734),24.8750302,60.1575734,POI
7489,,bench,Point (24.8750134 60.1575363),24.8750134,60.1575363,POI
7490,Auttamo,arts_centre,Point (24.9449951 60.1878321),24.9449951,60.1878321,POI
7491,Relaxin,bar,Point (24.9556224 60.1873711),24.9556224,60.1873711,POI
7492,Parturi Kampaamo Beirut,hairdresser,Point (24.9450791 60.187884),24.9450791,60.187884,POI
7493,Wanha Apteekki,pub,Point (24.9540681 60.187232),24.9540681,60.187232,POI
7494,Capris,fast_food,Point (24.9558939 60.1875008),24.9558939,60.1875008,POI
7495,"Kalasataman peruskoulu, Sturenkadun toimipaikka",school,Point (24.9432684 60.1874239),24.9432684,60.1874239,POI
7496,"Aleksis Kiven peruskoulu, Sturenkadun toimipaikka",school,Point (24.9433649 60.1874053),24.9433649,60.1874053,POI
7497,R??m,gift_shop,Point (24.9544226 60.1872652),24.9544226,60.1872652,POI
7498,Parturi-Kampaamo Hiuskarva,hairdresser,Point (24.9534379 60.1882307),24.9534379,60.1882307,POI
7499,Mimin herkut,cafe,Point (24.9597574 60.1874129),24.9597574,60.1874129,POI
7500,Limbo,bar,Point (24.952767 60.1871268),24.952767,60.1871268,POI
7501,Skiffer,restaurant,Point (24.9527252 60.1853868),24.9527252,60.1853868,POI
7502,Elias Kopelowsky,memorial,Point (24.9385975 60.167949),24.9385975,60.167949,POI
7503,,waste_basket,Point (24.8695192 60.2176163),24.8695192,60.2176163,POI
7504,Salon Royal,hairdresser,Point (24.869211 60.2172023),24.869211,60.2172023,POI
7505,Parturi kampaamo Hiusmestarit,hairdresser,Point (24.8682871 60.2165764),24.8682871,60.2165764,POI
7506,,bench,Point (24.8692294 60.1578834),24.8692294,60.1578834,POI
7507,,bench,Point (24.8798368 60.1595914),24.8798368,60.1595914,POI
7508,,bench,Point (24.9248215 60.1609499),24.9248215,60.1609499,POI
7509,,bench,Point (24.9248537 60.1609346),24.9248537,60.1609346,POI
7510,,waste_basket,Point (24.9279839 60.1826519),24.9279839,60.1826519,POI
7511,,waste_basket,Point (24.930857 60.1824729),24.930857,60.1824729,POI
7512,,waste_basket,Point (24.9332285 60.1855093),24.9332285,60.1855093,POI
7513,,bench,Point (24.9332345 60.1855215),24.9332345,60.1855215,POI
7514,,bench,Point (24.9334262 60.1857775),24.9334262,60.1857775,POI
7515,,waste_basket,Point (24.933422 60.1857628),24.933422,60.1857628,POI
7516,,waste_basket,Point (24.933595 60.1860925),24.933595,60.1860925,POI
7517,,bench,Point (24.9336034 60.1861066),24.9336034,60.1861066,POI
7518,,bench,Point (24.9363167 60.1749588),24.9363167,60.1749588,POI
7519,,bench,Point (24.936309 60.174932),24.936309,60.174932,POI
7520,,bench,Point (24.936484 60.1778421),24.936484,60.1778421,POI
7521,,bench,Point (24.9378845 60.1787752),24.9378845,60.1787752,POI
7522,,waste_basket,Point (24.8823767 60.1466994),24.8823767,60.1466994,POI
7523,,bench,Point (24.8822508 60.1467336),24.8822508,60.1467336,POI
7524,Taiga,attraction,Point (24.9391818 60.1883292),24.9391818,60.1883292,POI
7525,,waste_basket,Point (24.9725234 60.2007272),24.9725234,60.2007272,POI
7526,,bench,Point (24.9700973 60.2000293),24.9700973,60.2000293,POI
7527,,bench,Point (24.9700552 60.2000241),24.9700552,60.2000241,POI
7528,,bench,Point (24.9702784 60.1998044),24.9702784,60.1998044,POI
7529,,bench,Point (24.9702629 60.1998368),24.9702629,60.1998368,POI
7530,,waste_basket,Point (24.9108465 60.1875352),24.9108465,60.1875352,POI
7531,,waste_basket,Point (24.9063267 60.1734447),24.9063267,60.1734447,POI
7532,,waste_basket,Point (24.9062391 60.1734054),24.9062391,60.1734054,POI
7533,,bench,Point (24.9204773 60.167551),24.9204773,60.167551,POI
7534,,bench,Point (24.9207782 60.1660411),24.9207782,60.1660411,POI
7535,Gohan Wine Bar,restaurant,Point (24.9522299 60.1688859),24.9522299,60.1688859,POI
7536,,waste_basket,Point (24.9497972 60.1710406),24.9497972,60.1710406,POI
7537,,waste_basket,Point (24.9529493 60.1731926),24.9529493,60.1731926,POI
7538,,bench,Point (24.9523589 60.1732085),24.9523589,60.1732085,POI
7539,,bench,Point (24.9522979 60.1732071),24.9522979,60.1732071,POI
7540,,bench,Point (24.952815 60.1731951),24.952815,60.1731951,POI
7541,,bench,Point (24.9528788 60.1731968),24.9528788,60.1731968,POI
7542,,bench,Point (24.9478387 60.1735745),24.9478387,60.1735745,POI
7543,,bench,Point (24.9501319 60.1733794),24.9501319,60.1733794,POI
7544,,bench,Point (24.9501777 60.1733582),24.9501777,60.1733582,POI
7545,,bench,Point (24.9448563 60.1749744),24.9448563,60.1749744,POI
7546,,bench,Point (24.9443739 60.1756),24.9443739,60.1756,POI
7547,,bench,Point (24.944826 60.1760141),24.944826,60.1760141,POI
7548,,bench,Point (24.9457135 60.1756178),24.9457135,60.1756178,POI
7549,,bench,Point (24.9454852 60.1752719),24.9454852,60.1752719,POI
7550,,bench,Point (24.9457902 60.1752324),24.9457902,60.1752324,POI
7551,,bench,Point (24.9459911 60.1752708),24.9459911,60.1752708,POI
7552,,bench,Point (24.9466676 60.1750765),24.9466676,60.1750765,POI
7553,,bench,Point (24.9468875 60.1751394),24.9468875,60.1751394,POI
7554,,bench,Point (24.953242 60.1617788),24.953242,60.1617788,POI
7555,,bench,Point (24.9507976 60.1610296),24.9507976,60.1610296,POI
7556,,bench,Point (24.9496635 60.159298),24.9496635,60.159298,POI
7557,,bench,Point (24.9498676 60.1593104),24.9498676,60.1593104,POI
7558,,bench,Point (24.9498653 60.1592513),24.9498653,60.1592513,POI
7559,,bench,Point (24.9499018 60.1591968),24.9499018,60.1591968,POI
7560,,bench,Point (24.9499972 60.1591736),24.9499972,60.1591736,POI
7561,,bench,Point (24.9498474 60.1590941),24.9498474,60.1590941,POI
7562,,bench,Point (24.9499538 60.1590736),24.9499538,60.1590736,POI
7563,,bench,Point (24.9502084 60.1591675),24.9502084,60.1591675,POI
7564,,bench,Point (24.9503287 60.1590531),24.9503287,60.1590531,POI
7565,Lie Mi,restaurant,Point (24.9500997 60.1814858),24.9500997,60.1814858,POI
7566,K-Market,convenience,Point (24.9622082 60.1674512),24.9622082,60.1674512,POI
7567,,bench,Point (24.9304776 60.1780666),24.9304776,60.1780666,POI
7568,,bench,Point (24.9303286 60.1783117),24.9303286,60.1783117,POI
7569,,bench,Point (24.9304357 60.1782627),24.9304357,60.1782627,POI
7570,,bench,Point (24.9304691 60.1782033),24.9304691,60.1782033,POI
7571,,bench,Point (24.9305351 60.1779863),24.9305351,60.1779863,POI
7572,,bench,Point (24.9326053 60.1759694),24.9326053,60.1759694,POI
7573,,bench,Point (24.9325327 60.17588),24.9325327,60.17588,POI
7574,,bench,Point (24.9313905 60.1766382),24.9313905,60.1766382,POI
7575,,bench,Point (24.9313843 60.1765803),24.9313843,60.1765803,POI
7576,,bench,Point (24.9335888 60.1744188),24.9335888,60.1744188,POI
7577,,bench,Point (24.9334437 60.1745311),24.9334437,60.1745311,POI
7578,,bench,Point (24.9346158 60.1746377),24.9346158,60.1746377,POI
7579,,bench,Point (24.934223 60.1744176),24.934223,60.1744176,POI
7580,,bench,Point (24.9288552 60.16354),24.9288552,60.16354,POI
7581,,bench,Point (24.928776 60.1635097),24.928776,60.1635097,POI
7582,,bench,Point (24.9286872 60.1634828),24.9286872,60.1634828,POI
7583,,bench,Point (24.9289421 60.1634766),24.9289421,60.1634766,POI
7584,,bench,Point (24.9602681 60.1548712),24.9602681,60.1548712,POI
7585,,bench,Point (24.9604033 60.1549092),24.9604033,60.1549092,POI
7586,,bench,Point (24.9586245 60.15448),24.9586245,60.15448,POI
7587,,bench,Point (24.9584459 60.1541677),24.9584459,60.1541677,POI
7588,,bench,Point (24.958386 60.1541206),24.958386,60.1541206,POI
7589,,waste_basket,Point (24.9000868 60.2047879),24.9000868,60.2047879,POI
7590,,bench,Point (24.9000912 60.2048052),24.9000912,60.2048052,POI
7591,,bench,Point (24.8979724 60.166021),24.8979724,60.166021,POI
7592,,bench,Point (24.8979936 60.1659381),24.8979936,60.1659381,POI
7593,,bench,Point (24.8981722 60.1659476),24.8981722,60.1659476,POI
7594,,bench,Point (24.898126 60.1658126),24.898126,60.1658126,POI
7595,,bench,Point (24.898151 60.1658382),24.898151,60.1658382,POI
7596,,bench,Point (24.8981461 60.1658938),24.8981461,60.1658938,POI
7597,,bench,Point (24.8982134 60.1658895),24.8982134,60.1658895,POI
7598,,bench,Point (24.8982628 60.1658766),24.8982628,60.1658766,POI
7599,,bench,Point (24.8983665 60.1658301),24.8983665,60.1658301,POI
7600,,bench,Point (24.8983247 60.165808),24.8983247,60.165808,POI
7601,,bench,Point (24.8982628 60.1657861),24.8982628,60.1657861,POI
7602,,bench,Point (24.8982216 60.1657515),24.8982216,60.1657515,POI
7603,,bench,Point (24.9235362 60.1790844),24.9235362,60.1790844,POI
7604,,bench,Point (24.9261029 60.1796237),24.9261029,60.1796237,POI
7605,,bench,Point (24.9260757 60.1795683),24.9260757,60.1795683,POI
7606,,bench,Point (24.9256551 60.1799967),24.9256551,60.1799967,POI
7607,,bench,Point (24.9255715 60.1799745),24.9255715,60.1799745,POI
7608,,bench,Point (24.925495 60.1798687),24.925495,60.1798687,POI
7609,,bench,Point (24.9254722 60.1798909),24.9254722,60.1798909,POI
7610,Namnam,restaurant,Point (24.953308 60.1878773),24.953308,60.1878773,POI
7611,,bench,Point (24.9471078 60.1553615),24.9471078,60.1553615,POI
7612,,bench,Point (24.9474374 60.1556),24.9474374,60.1556,POI
7613,,bench,Point (24.9278632 60.1773953),24.9278632,60.1773953,POI
7614,,bench,Point (24.9287823 60.1775057),24.9287823,60.1775057,POI
7615,,bench,Point (24.9286952 60.1776819),24.9286952,60.1776819,POI
7616,,bench,Point (24.9288111 60.1776938),24.9288111,60.1776938,POI
7617,,bench,Point (24.93145 60.1778626),24.93145,60.1778626,POI
7618,,bench,Point (24.9455231 60.1551358),24.9455231,60.1551358,POI
7619,,bench,Point (24.9454244 60.1551236),24.9454244,60.1551236,POI
7620,,bench,Point (24.9433653 60.154881),24.9433653,60.154881,POI
7621,,bench,Point (24.9434728 60.1548907),24.9434728,60.1548907,POI
7622,,bench,Point (24.9437826 60.1549306),24.9437826,60.1549306,POI
7623,,bench,Point (24.9438852 60.1549403),24.9438852,60.1549403,POI
7624,,waste_basket,Point (24.9443387 60.155199),24.9443387,60.155199,POI
7625,,waste_basket,Point (24.9439478 60.1551796),24.9439478,60.1551796,POI
7626,,bench,Point (24.9438852 60.1551767),24.9438852,60.1551767,POI
7627,,bench,Point (24.9438217 60.1551674),24.9438217,60.1551674,POI
7628,,bench,Point (24.9449069 60.1552698),24.9449069,60.1552698,POI
7629,,bench,Point (24.9448454 60.1552644),24.9448454,60.1552644,POI
7630,,bench,Point (24.9446572 60.155245),24.9446572,60.155245,POI
7631,,bench,Point (24.9446758 60.1551815),24.9446758,60.1551815,POI
7632,,bench,Point (24.9446177 60.1551747),24.9446177,60.1551747,POI
7633,,bench,Point (24.9443089 60.1551244),24.9443089,60.1551244,POI
7634,,bench,Point (24.9443005 60.1551492),24.9443005,60.1551492,POI
7635,,bench,Point (24.9442101 60.1552124),24.9442101,60.1552124,POI
7636,,bench,Point (24.9379566 60.1556294),24.9379566,60.1556294,POI
7637,,bench,Point (24.9761786 60.1845832),24.9761786,60.1845832,POI
7638,,bench,Point (24.9761662 60.1845937),24.9761662,60.1845937,POI
7639,,bench,Point (24.9762426 60.1843933),24.9762426,60.1843933,POI
7640,,bench,Point (24.9760172 60.1843243),24.9760172,60.1843243,POI
7641,,bench,Point (24.9760375 60.1843255),24.9760375,60.1843255,POI
7642,,bench,Point (24.9760601 60.1843255),24.9760601,60.1843255,POI
7643,,bench,Point (24.9761147 60.1843177),24.9761147,60.1843177,POI
7644,,bench,Point (24.9761279 60.1843115),24.9761279,60.1843115,POI
7645,,bench,Point (24.9761412 60.1842247),24.9761412,60.1842247,POI
7646,,bench,Point (24.9761396 60.1842142),24.9761396,60.1842142,POI
7647,,bench,Point (24.9761303 60.1842084),24.9761303,60.1842084,POI
7648,,bench,Point (24.9760929 60.1842053),24.9760929,60.1842053,POI
7649,,bench,Point (24.9760718 60.1842022),24.9760718,60.1842022,POI
7650,,bench,Point (24.9760929 60.1841584),24.9760929,60.1841584,POI
7651,,bench,Point (24.9758527 60.1841902),24.9758527,60.1841902,POI
7652,,bench,Point (24.9758722 60.1841933),24.9758722,60.1841933,POI
7653,,bench,Point (24.9759026 60.1841882),24.9759026,60.1841882,POI
7654,,bench,Point (24.9759408 60.1841599),24.9759408,60.1841599,POI
7655,,bench,Point (24.975944 60.1841336),24.975944,60.1841336,POI
7656,,bench,Point (24.9759276 60.1841204),24.9759276,60.1841204,POI
7657,,bench,Point (24.9759034 60.1841076),24.9759034,60.1841076,POI
7658,,bench,Point (24.9764842 60.1836711),24.9764842,60.1836711,POI
7659,,bench,Point (24.9764569 60.1837033),24.9764569,60.1837033,POI
7660,,bench,Point (24.9764297 60.1837367),24.9764297,60.1837367,POI
7661,,bench,Point (24.9764827 60.1839491),24.9764827,60.1839491,POI
7662,,bench,Point (24.9764897 60.183965),24.9764897,60.183965,POI
7663,,bench,Point (24.9764764 60.183977),24.9764764,60.183977,POI
7664,,bench,Point (24.9764382 60.1840254),24.9764382,60.1840254,POI
7665,,bench,Point (24.9764312 60.184034),24.9764312,60.184034,POI
7666,,bench,Point (24.976913 60.1842681),24.976913,60.1842681,POI
7667,,bench,Point (24.9767431 60.1841964),24.9767431,60.1841964,POI
7668,,bench,Point (24.9767228 60.1841871),24.9767228,60.1841871,POI
7669,,bench,Point (24.9765521 60.1841127),24.9765521,60.1841127,POI
7670,,bench,Point (24.9765372 60.1841037),24.9765372,60.1841037,POI
7671,,bench,Point (24.9765061 60.1840898),24.9765061,60.1840898,POI
7672,,bench,Point (24.9766947 60.1841716),24.9766947,60.1841716,POI
7673,,bench,Point (24.9768296 60.184232),24.9768296,60.184232,POI
7674,,bench,Point (24.9768803 60.1842518),24.9768803,60.1842518,POI
7675,,bench,Point (24.9770744 60.184339),24.9770744,60.184339,POI
7676,,bench,Point (24.9775687 60.1846956),24.9775687,60.1846956,POI
7677,,bench,Point (24.9775975 60.1847491),24.9775975,60.1847491,POI
7678,,bench,Point (24.9776217 60.1847995),24.9776217,60.1847995,POI
7679,,bench,Point (24.9777028 60.1848995),24.9777028,60.1848995,POI
7680,,bench,Point (24.977741 60.1849181),24.977741,60.1849181,POI
7681,,bench,Point (24.9781456 60.1844921),24.9781456,60.1844921,POI
7682,,bench,Point (24.978158 60.1845313),24.978158,60.1845313,POI
7683,,bench,Point (24.9781697 60.1845747),24.9781697,60.1845747,POI
7684,,bench,Point (24.9781846 60.1846573),24.9781846,60.1846573,POI
7685,,bench,Point (24.9781799 60.1847011),24.9781799,60.1847011,POI
7686,,bench,Point (24.9781612 60.1847437),24.9781612,60.1847437,POI
7687,,bench,Point (24.9762652 60.1843774),24.9762652,60.1843774,POI
7688,,bench,Point (24.9759237 60.1840665),24.9759237,60.1840665,POI
7689,,bench,Point (24.9405012 60.1575932),24.9405012,60.1575932,POI
7690,,bench,Point (24.9406633 60.1572876),24.9406633,60.1572876,POI
7691,,bench,Point (24.9411333 60.1572525),24.9411333,60.1572525,POI
7692,,waste_basket,Point (24.9379927 60.158087),24.9379927,60.158087,POI
7693,,waste_basket,Point (24.9376923 60.1558914),24.9376923,60.1558914,POI
7694,,waste_basket,Point (24.9381657 60.1559271),24.9381657,60.1559271,POI
7695,,waste_basket,Point (24.9376155 60.1567493),24.9376155,60.1567493,POI
7696,Usko toivo rakkaus,artwork,Point (24.9437435 60.1669507),24.9437435,60.1669507,POI
7697,,bench,Point (24.93831 60.1538352),24.93831,60.1538352,POI
7698,,bench,Point (24.9389617 60.1536794),24.9389617,60.1536794,POI
7699,,bench,Point (24.9397997 60.1537267),24.9397997,60.1537267,POI
7700,,bench,Point (24.9405545 60.1537819),24.9405545,60.1537819,POI
7701,,waste_basket,Point (24.9343856 60.1548085),24.9343856,60.1548085,POI
7702,,bench,Point (24.9344101 60.1548135),24.9344101,60.1548135,POI
7703,,bench,Point (24.9344662 60.1548224),24.9344662,60.1548224,POI
7704,,bench,Point (24.9345497 60.1548371),24.9345497,60.1548371,POI
7705,,bench,Point (24.9345993 60.1548453),24.9345993,60.1548453,POI
7706,,bench,Point (24.9346789 60.1548588),24.9346789,60.1548588,POI
7707,,bench,Point (24.9347325 60.1548661),24.9347325,60.1548661,POI
7708,,waste_basket,Point (24.9341359 60.1541313),24.9341359,60.1541313,POI
7709,,waste_basket,Point (24.9336293 60.1538999),24.9336293,60.1538999,POI
7710,,waste_basket,Point (24.9330745 60.1537939),24.9330745,60.1537939,POI
7711,,bench,Point (24.9340891 60.1541123),24.9340891,60.1541123,POI
7712,,bench,Point (24.9340539 60.154094),24.9340539,60.154094,POI
7713,,bench,Point (24.9340265 60.1540675),24.9340265,60.1540675,POI
7714,,bench,Point (24.9339978 60.1540432),24.9339978,60.1540432,POI
7715,,waste_basket,Point (24.8733407 60.1577015),24.8733407,60.1577015,POI
7716,,bench,Point (24.9448513 60.1579507),24.9448513,60.1579507,POI
7717,,bench,Point (24.9449205 60.1578027),24.9449205,60.1578027,POI
7718,,bench,Point (24.9560848 60.1766183),24.9560848,60.1766183,POI
7719,,bench,Point (24.953473 60.1766739),24.953473,60.1766739,POI
7720,,bench,Point (24.9608464 60.1735363),24.9608464,60.1735363,POI
7721,,bench,Point (24.9608889 60.1735542),24.9608889,60.1735542,POI
7722,Ravintola Perho,restaurant,Point (24.9209727 60.1707817),24.9209727,60.1707817,POI
7723,,bench,Point (24.9306066 60.1797149),24.9306066,60.1797149,POI
7724,Corona Baari & Biljardi,bar,Point (24.9452452 60.1940595),24.9452452,60.1940595,POI
7725,Buenos Aires Cafe/Bar,cafe,Point (24.932312 60.166064),24.932312,60.166064,POI
7726,,bench,Point (24.9444753 60.1942636),24.9444753,60.1942636,POI
7727,,waste_basket,Point (24.9439024 60.194333),24.9439024,60.194333,POI
7728,Prisma,supermarket,Point (24.9299114 60.1984569),24.9299114,60.1984569,POI
7729,Lidl,supermarket,Point (24.9294779 60.1986525),24.9294779,60.1986525,POI
7730,K-Supermarket,supermarket,Point (24.930532 60.1986478),24.930532,60.1986478,POI
7731,Alepa,convenience,Point (24.9326944 60.1984573),24.9326944,60.1984573,POI
7732,K-Market,convenience,Point (24.9342412 60.1986427),24.9342412,60.1986427,POI
7733,Be My Guest,restaurant,Point (24.9157151 60.1588048),24.9157151,60.1588048,POI
7734,,bench,Point (24.9481139 60.1783304),24.9481139,60.1783304,POI
7735,,bench,Point (24.9483549 60.1783638),24.9483549,60.1783638,POI
7736,Ismet,restaurant,Point (24.9120669 60.1577894),24.9120669,60.1577894,POI
7737,,caravan_site,Point (24.9907805 60.1819687),24.9907805,60.1819687,POI
7738,R-Kioski,kiosk,Point (24.9340656 60.1988578),24.9340656,60.1988578,POI
7739,O'Learys,restaurant,Point (24.9311071 60.1979328),24.9311071,60.1979328,POI
7740,,bench,Point (24.9162945 60.1618907),24.9162945,60.1618907,POI
7741,,bench,Point (24.9160758 60.1618833),24.9160758,60.1618833,POI
7742,,bench,Point (24.9171792 60.1619215),24.9171792,60.1619215,POI
7743,,bench,Point (24.9169636 60.1619159),24.9169636,60.1619159,POI
7744,,bench,Point (24.9193929 60.1620061),24.9193929,60.1620061,POI
7745,,bench,Point (24.9194441 60.1620082),24.9194441,60.1620082,POI
7746,,bench,Point (24.9196078 60.1620135),24.9196078,60.1620135,POI
7747,,bench,Point (24.9196566 60.1620154),24.9196566,60.1620154,POI
7748,,bench,Point (24.9212323 60.1616582),24.9212323,60.1616582,POI
7749,,bench,Point (24.9213848 60.1616635),24.9213848,60.1616635,POI
7750,,bench,Point (24.9213629 60.161785),24.9213629,60.161785,POI
7751,,bench,Point (24.9216547 60.162588),24.9216547,60.162588,POI
7752,,bench,Point (24.9217809 60.1622684),24.9217809,60.1622684,POI
7753,Pupu,restaurant,Point (24.9341056 60.1990091),24.9341056,60.1990091,POI
7754,Oluthuone Ratamo,pub,Point (24.9332466 60.1985811),24.9332466,60.1985811,POI
7755,Hesburger,fast_food,Point (24.9331242 60.1986063),24.9331242,60.1986063,POI
7756,B?r Bar,cafe,Point (24.9333005 60.1986284),24.9333005,60.1986284,POI
7757,Kaivokukka Tripla,florist,Point (24.9337375 60.1986397),24.9337375,60.1986397,POI
7758,Levant,restaurant,Point (24.9546077 60.1884669),24.9546077,60.1884669,POI
7759,Japanin l?hetyst?,embassy,Point (24.9510031 60.1664276),24.9510031,60.1664276,POI
7760,,bench,Point (24.9803585 60.2047166),24.9803585,60.2047166,POI
7761,,bench,Point (24.9825105 60.2062382),24.9825105,60.2062382,POI
7762,,bench,Point (24.9819889 60.2053577),24.9819889,60.2053577,POI
7763,,bench,Point (24.9829704 60.2096842),24.9829704,60.2096842,POI
7764,,bench,Point (24.982911 60.2103573),24.982911,60.2103573,POI
7765,,bench,Point (24.9827297 60.2105803),24.9827297,60.2105803,POI
7766,,bench,Point (24.9465818 60.1674112),24.9465818,60.1674112,POI
7767,,bench,Point (24.9477742 60.1676507),24.9477742,60.1676507,POI
7768,,bench,Point (24.9474113 60.1673194),24.9474113,60.1673194,POI
7769,,bench,Point (24.9473636 60.1673351),24.9473636,60.1673351,POI
7770,,bench,Point (24.9478114 60.1673267),24.9478114,60.1673267,POI
7771,,bench,Point (24.9478577 60.1673463),24.9478577,60.1673463,POI
7772,,bench,Point (24.9487321 60.1675593),24.9487321,60.1675593,POI
7773,Bierhaus Berlin,pub,Point (24.9289271 60.1978531),24.9289271,60.1978531,POI
7774,Brokadi Tripla,restaurant,Point (24.9329152 60.1989466),24.9329152,60.1989466,POI
7775,,bench,Point (24.9490643 60.1609824),24.9490643,60.1609824,POI
7776,,bench,Point (24.9492362 60.1609908),24.9492362,60.1609908,POI
7777,,bench,Point (24.9491492 60.1609831),24.9491492,60.1609831,POI
7778,,bench,Point (24.9525656 60.1630853),24.9525656,60.1630853,POI
7779,,waste_basket,Point (24.9530252 60.1635146),24.9530252,60.1635146,POI
7780,,bench,Point (24.953233 60.162988),24.953233,60.162988,POI
7781,Roots Helsinki Vallila,cafe,Point (24.960774 60.1955427),24.960774,60.1955427,POI
7782,Jungle Juice Bar 4. krs,beverages,Point (24.9333887 60.1988492),24.9333887,60.1988492,POI
7783,,pub,Point (24.9333355 60.1987929),24.9333355,60.1987929,POI
7784,Gateau,cafe,Point (24.933287 60.1988535),24.933287,60.1988535,POI
7785,Fazer Caf¨¦,cafe,Point (24.9300679 60.1982868),24.9300679,60.1982868,POI
7786,Bangkok9,restaurant,Point (24.929968 60.1985963),24.929968,60.1985963,POI
7787,Keops Optiikka,optician,Point (24.9373125 60.1701372),24.9373125,60.1701372,POI
7788,,bench,Point (24.966962 60.1925298),24.966962,60.1925298,POI
7789,,waste_basket,Point (24.9704325 60.1922822),24.9704325,60.1922822,POI
7790,,waste_basket,Point (24.9695306 60.1918922),24.9695306,60.1918922,POI
7791,,waste_basket,Point (24.967995 60.1921528),24.967995,60.1921528,POI
7792,,waste_basket,Point (24.9688625 60.1919523),24.9688625,60.1919523,POI
7793,,waste_basket,Point (24.9689287 60.1922851),24.9689287,60.1922851,POI
7794,,waste_basket,Point (24.9690842 60.19245),24.9690842,60.19245,POI
7795,,waste_basket,Point (24.9690851 60.1923441),24.9690851,60.1923441,POI
7796,,waste_basket,Point (24.9690988 60.192337),24.9690988,60.192337,POI
7797,,waste_basket,Point (24.9697115 60.192274),24.9697115,60.192274,POI
7798,,waste_basket,Point (24.9700389 60.1923016),24.9700389,60.1923016,POI
7799,,bench,Point (24.9686154 60.1921876),24.9686154,60.1921876,POI
7800,,bench,Point (24.9422624 60.1855901),24.9422624,60.1855901,POI
7801,,waste_basket,Point (24.9524271 60.1945752),24.9524271,60.1945752,POI
7802,,waste_basket,Point (24.9526817 60.1944674),24.9526817,60.1944674,POI
7803,,waste_basket,Point (24.952808 60.194881),24.952808,60.194881,POI
7804,,waste_basket,Point (24.9529149 60.1948422),24.9529149,60.1948422,POI
7805,,bench,Point (24.9527532 60.1945479),24.9527532,60.1945479,POI
7806,,bench,Point (24.9526653 60.1945574),24.9526653,60.1945574,POI
7807,,bench,Point (24.9526232 60.1945537),24.9526232,60.1945537,POI
7808,,bench,Point (24.9522992 60.1946774),24.9522992,60.1946774,POI
7809,,bench,Point (24.9522664 60.1946879),24.9522664,60.1946879,POI
7810,,bench,Point (24.9532407 60.1673796),24.9532407,60.1673796,POI
7811,,bench,Point (24.9532421 60.1673539),24.9532421,60.1673539,POI
7812,,bench,Point (24.9560523 60.1675086),24.9560523,60.1675086,POI
7813,,bench,Point (24.9559622 60.1675068),24.9559622,60.1675068,POI
7814,,bench,Point (24.9558406 60.1675029),24.9558406,60.1675029,POI
7815,,bench,Point (24.9552519 60.1671462),24.9552519,60.1671462,POI
7816,,bench,Point (24.9551636 60.1671427),24.9551636,60.1671427,POI
7817,,bench,Point (24.9550768 60.1671401),24.9550768,60.1671401,POI
7818,,bench,Point (24.9549847 60.1671378),24.9549847,60.1671378,POI
7819,,bench,Point (24.9548963 60.1671347),24.9548963,60.1671347,POI
7820,,bench,Point (24.9548088 60.1671328),24.9548088,60.1671328,POI
7821,,bench,Point (24.9547128 60.1671297),24.9547128,60.1671297,POI
7822,,bench,Point (24.954626 60.1671282),24.954626,60.1671282,POI
7823,Keltainen Salonki,beauty_shop,Point (24.9242028 60.176797),24.9242028,60.176797,POI
7824,Kukkakauppa Castanum Oy,florist,Point (24.9274705 60.1771574),24.9274705,60.1771574,POI
7825,,bench,Point (24.9685884 60.2044366),24.9685884,60.2044366,POI
7826,,bench,Point (24.9686456 60.2044062),24.9686456,60.2044062,POI
7827,,bench,Point (24.966895 60.2035259),24.966895,60.2035259,POI
7828,,bench,Point (24.96693 60.2035011),24.96693,60.2035011,POI
7829,,bench,Point (24.9668139 60.2035055),24.9668139,60.2035055,POI
7830,,bench,Point (24.9668236 60.2035624),24.9668236,60.2035624,POI
7831,,bench,Point (24.9668551 60.203477),24.9668551,60.203477,POI
7832,Kumt?hden kentt?,tourist_info,Point (24.9669533 60.2034778),24.9669533,60.2034778,POI
7833,,waste_basket,Point (24.9670001 60.2034454),24.9670001,60.2034454,POI
7834,,bench,Point (24.9667843 60.2035532),24.9667843,60.2035532,POI
7835,,bench,Point (24.9695658 60.2059847),24.9695658,60.2059847,POI
7836,,bench,Point (24.9453111 60.1822407),24.9453111,60.1822407,POI
7837,,bench,Point (24.9452099 60.1818984),24.9452099,60.1818984,POI
7838,Studio Kupu,jeweller,Point (24.9536912 60.1853827),24.9536912,60.1853827,POI
7839,Alko,beverages,Point (24.9297912 60.1985595),24.9297912,60.1985595,POI
7840,Plaza,restaurant,Point (24.9348544 60.1691622),24.9348544,60.1691622,POI
7841,,artwork,Point (24.9113345 60.1880384),24.9113345,60.1880384,POI
7842,,waste_basket,Point (24.9444789 60.1893836),24.9444789,60.1893836,POI
7843,,bench,Point (24.9444949 60.1892575),24.9444949,60.1892575,POI
7844,,bench,Point (24.9444675 60.1892876),24.9444675,60.1892876,POI
7845,,waste_basket,Point (24.9439545 60.1890097),24.9439545,60.1890097,POI
7846,,bench,Point (24.9437314 60.189975),24.9437314,60.189975,POI
7847,,bench,Point (24.9435156 60.1902477),24.9435156,60.1902477,POI
7848,,bench,Point (24.9435166 60.1902673),24.9435166,60.1902673,POI
7849,,bench,Point (24.9425414 60.1902758),24.9425414,60.1902758,POI
7850,,bench,Point (24.9425678 60.1902485),24.9425678,60.1902485,POI
7851,,bench,Point (24.9440637 60.1891307),24.9440637,60.1891307,POI
7852,,bench,Point (24.944101 60.1891044),24.944101,60.1891044,POI
7853,,bench,Point (24.9441046 60.1893461),24.9441046,60.1893461,POI
7854,,bench,Point (24.9439131 60.1893978),24.9439131,60.1893978,POI
7855,,bench,Point (24.9442615 60.1893818),24.9442615,60.1893818,POI
7856,,bench,Point (24.9443169 60.1893692),24.9443169,60.1893692,POI
7857,,vending_any,Point (24.9334076 60.198887),24.9334076,60.198887,POI
7858,,vending_any,Point (24.9334158 60.1988674),24.9334158,60.1988674,POI
7859,,toilet,Point (24.9324106 60.198896),24.9324106,60.198896,POI
7860,R-Kioski,kiosk,Point (24.9326319 60.1987462),24.9326319,60.1987462,POI
7861,Subway,fast_food,Point (24.9337593 60.1989225),24.9337593,60.1989225,POI
7862,Arnolds,cafe,Point (24.9323079 60.1987233),24.9323079,60.1987233,POI
7863,SIS. Deli+Caf¨¦,cafe,Point (24.9323781 60.1985931),24.9323781,60.1985931,POI
7864,BioRex,cinema,Point (24.9310414 60.1987875),24.9310414,60.1987875,POI
7865,East Market,restaurant,Point (24.930081 60.1987974),24.930081,60.1987974,POI
7866,Verstas247,doityourself,Point (24.9452238 60.1830357),24.9452238,60.1830357,POI
7867,Delhi Rasoi Tripla,restaurant,Point (24.9316179 60.1989894),24.9316179,60.1989894,POI
7868,Capperi,restaurant,Point (24.9304446 60.1985717),24.9304446,60.1985717,POI
7869,SeuraShop.fi,sports_shop,Point (24.9439583 60.1836007),24.9439583,60.1836007,POI
7870,Mochi Kukka,florist,Point (24.920507 60.1603709),24.920507,60.1603709,POI
7871,Siisti Kirppis,clothes,Point (24.920395 60.158503),24.920395,60.158503,POI
7872,Chefood Bistro,restaurant,Point (24.9206259 60.1577278),24.9206259,60.1577278,POI
7873,Barley & Bait,pub,Point (24.9137233 60.1582365),24.9137233,60.1582365,POI
7874,Boneless,restaurant,Point (24.9118972 60.1576178),24.9118972,60.1576178,POI
7875,Embassy of the United Arab Emirates,embassy,Point (24.9406336 60.1679406),24.9406336,60.1679406,POI
7876,HELBUS,college,Point (24.9214178 60.1735258),24.9214178,60.1735258,POI
7877,Kanniston leipomo,bakery,Point (24.9218112 60.1759475),24.9218112,60.1759475,POI
7878,Vivo barefoot,shoe_shop,Point (24.9535626 60.1813797),24.9535626,60.1813797,POI
7879,Erkkeri-halli,sports_centre,Point (24.8773602 60.1558209),24.8773602,60.1558209,POI
7880,KaimUp,clothes,Point (24.959299 60.1959417),24.959299,60.1959417,POI
7881,Laura Hyvi bridal,clothes,Point (24.9592912 60.1959441),24.9592912,60.1959441,POI
7882,J?ttil?isvaraani,artwork,Point (24.9871475 60.1752948),24.9871475,60.1752948,POI
7883,Jylhyys Hiiden Hirvi,artwork,Point (24.9851848 60.1733741),24.9851848,60.1733741,POI
7884,,waste_basket,Point (24.9662512 60.2057148),24.9662512,60.2057148,POI
7885,,waste_basket,Point (24.9661333 60.2058057),24.9661333,60.2058057,POI
7886,Tiivist?m?,arts_centre,Point (24.9731241 60.1869673),24.9731241,60.1869673,POI
7887,Munkkiniemen Hammasl??k?rit,dentist,Point (24.8805088 60.1976055),24.8805088,60.1976055,POI
7888,i-Lo,hairdresser,Point (24.8842538 60.19676),24.8842538,60.19676,POI
7889,,waste_basket,Point (24.9785228 60.1862909),24.9785228,60.1862909,POI
7890,,atm,Point (24.9789585 60.1864978),24.9789585,60.1864978,POI
7891,,bench,Point (24.9404346 60.1688258),24.9404346,60.1688258,POI
7892,,bench,Point (24.9407391 60.1686584),24.9407391,60.1686584,POI
7893,,waste_basket,Point (24.9398361 60.1692035),24.9398361,60.1692035,POI
7894,,bench,Point (24.940708 60.1686792),24.940708,60.1686792,POI
7895,,playground,Point (24.9808345 60.1856006),24.9808345,60.1856006,POI
7896,Min Sushi,restaurant,Point (24.879827 60.1981768),24.879827,60.1981768,POI
7897,Shelter,restaurant,Point (24.9593212 60.1689639),24.9593212,60.1689639,POI
7898,,fountain,Point (24.8788396 60.1591866),24.8788396,60.1591866,POI
7899,,bench,Point (24.8789539 60.1592555),24.8789539,60.1592555,POI
7900,,bench,Point (24.8787266 60.1591279),24.8787266,60.1591279,POI
7901,Puosun Kellari,restaurant,Point (24.9527668 60.1672424),24.9527668,60.1672424,POI
7902,Ravintola 27,restaurant,Point (24.9671361 60.1859436),24.9671361,60.1859436,POI
7903,Ravintola BAD Lintu 10,restaurant,Point (24.9636528 60.1842509),24.9636528,60.1842509,POI
7904,La Torrefazione,cafe,Point (24.9332928 60.1696278),24.9332928,60.1696278,POI
7905,Story Kortteli,restaurant,Point (24.9342202 60.1693233),24.9342202,60.1693233,POI
7906,Pobrecito,restaurant,Point (24.9334851 60.1697333),24.9334851,60.1697333,POI
7907,Fisken p? Disken,restaurant,Point (24.9338 60.1693926),24.9338,60.1693926,POI
7908,The Souk,restaurant,Point (24.9339451 60.1695612),24.9339451,60.1695612,POI
7909,Caf¨¦ Saurahuone,cafe,Point (24.9540099 60.2164835),24.9540099,60.2164835,POI
7910,Victoria Patisserie J?tk?saari,cafe,Point (24.915383 60.1587094),24.915383,60.1587094,POI
7911,Viva la Beauty,beauty_shop,Point (24.9513983 60.1666835),24.9513983,60.1666835,POI
7912,The Grind,cafe,Point (24.950943 60.1668629),24.950943,60.1668629,POI
7913,Pulju,hairdresser,Point (24.9509009 60.165592),24.9509009,60.165592,POI
7914,Valkoven?j?n suurl?hetyst?,embassy,Point (24.9510351 60.1655517),24.9510351,60.1655517,POI
7915,Villivanilja,hairdresser,Point (24.9276255 60.1708748),24.9276255,60.1708748,POI
7916,Scolare,restaurant,Point (24.9498631 60.1657978),24.9498631,60.1657978,POI
7917,Kazakstanin suurl?hetyst?,embassy,Point (24.9509615 60.1666173),24.9509615,60.1666173,POI
7918,,waste_basket,Point (24.9599118 60.1974747),24.9599118,60.1974747,POI
7919,,waste_basket,Point (24.9594652 60.1974234),24.9594652,60.1974234,POI
7920,,waste_basket,Point (24.9598286 60.1974404),24.9598286,60.1974404,POI
7921,,waste_basket,Point (24.9596704 60.1972218),24.9596704,60.1972218,POI
7922,Caf¨¦ Linkosuo Esplanadi,cafe,Point (24.9492025 60.1670974),24.9492025,60.1670974,POI
7923,Parturiliike Fabian,hairdresser,Point (24.9493673 60.1666393),24.9493673,60.1666393,POI
7924,Sacrum,bookshop,Point (24.9493885 60.166486),24.9493885,60.166486,POI
7925,Hotel F6,hotel,Point (24.9494111 60.1663228),24.9494111,60.1663228,POI
7926,Salon Virho,hairdresser,Point (24.9494671 60.1659191),24.9494671,60.1659191,POI
7927,A.S. Helsing?,furniture_shop,Point (24.9494932 60.1657306),24.9494932,60.1657306,POI
7928,Trattoria Sogno,restaurant,Point (24.9265552 60.1816513),24.9265552,60.1816513,POI
7929,Ravintola Vesilinna,restaurant,Point (24.917142 60.2068699),24.917142,60.2068699,POI
7930,Metropolia Arabian kampus,university,Point (24.976674 60.2098936),24.976674,60.2098936,POI
7931,Maria Jotuni,memorial,Point (24.9072884 60.1712863),24.9072884,60.1712863,POI
7932,,tourist_info,Point (24.9404774 60.1994776),24.9404774,60.1994776,POI
7933,Betula verrucosa,memorial,Point (24.9499096 60.1727938),24.9499096,60.1727938,POI
7934,Br?ner,fast_food,Point (24.9579686 60.1884772),24.9579686,60.1884772,POI
7935,Faselli,restaurant,Point (24.9523827 60.1871107),24.9523827,60.1871107,POI
7936,Alepa,convenience,Point (24.8981017 60.2152316),24.8981017,60.2152316,POI
7937,,bench,Point (24.8739864 60.156205),24.8739864,60.156205,POI
7938,,bench,Point (24.8737119 60.1560125),24.8737119,60.1560125,POI
7939,,bench,Point (24.8893822 60.1933278),24.8893822,60.1933278,POI
7940,,bench,Point (24.8897585 60.1934346),24.8897585,60.1934346,POI
7941,,bench,Point (24.8898373 60.193421),24.8898373,60.193421,POI
7942,,bench,Point (24.8899462 60.1933979),24.8899462,60.1933979,POI
7943,,bench,Point (24.8902052 60.1931719),24.8902052,60.1931719,POI
7944,,bench,Point (24.8901829 60.1931565),24.8901829,60.1931565,POI
7945,,bench,Point (24.8901559 60.1931378),24.8901559,60.1931378,POI
7946,,bench,Point (24.8900149 60.1930218),24.8900149,60.1930218,POI
7947,,bench,Point (24.8900432 60.1930431),24.8900432,60.1930431,POI
7948,,bench,Point (24.8900687 60.1930623),24.8900687,60.1930623,POI
7949,,bench,Point (24.8898067 60.1928781),24.8898067,60.1928781,POI
7950,,bench,Point (24.8898321 60.1928948),24.8898321,60.1928948,POI
7951,,bench,Point (24.8898951 60.1929418),24.8898951,60.1929418,POI
7952,,bench,Point (24.8899144 60.1929579),24.8899144,60.1929579,POI
7953,Meilahden ruusutarha,tourist_info,Point (24.8901857 60.1932082),24.8901857,60.1932082,POI
7954,Meilahden ruusutarha,tourist_info,Point (24.8892513 60.1927794),24.8892513,60.1927794,POI
7955,,picnic_site,Point (24.8891296 60.1927921),24.8891296,60.1927921,POI
7956,Meilahden arboretum,tourist_info,Point (24.8890496 60.1921261),24.8890496,60.1921261,POI
7957,Meilahden arboretum,tourist_info,Point (24.887178 60.1935587),24.887178,60.1935587,POI
7958,Bardem,bar,Point (24.9457063 60.1698909),24.9457063,60.1698909,POI
7959,Apteekki 51,pharmacy,Point (24.9297182 60.1986843),24.9297182,60.1986843,POI
7960,Picnic,cafe,Point (24.9322465 60.1689545),24.9322465,60.1689545,POI
7961,Picnic,cafe,Point (24.947296 60.1715955),24.947296,60.1715955,POI
7962,Luxury Helsinki,clothes,Point (24.9471702 60.1660073),24.9471702,60.1660073,POI
7963,,waste_basket,Point (24.8748469 60.153045),24.8748469,60.153045,POI
7964,,bench,Point (24.8748445 60.1530635),24.8748445,60.1530635,POI
7965,Loistoristeilyt,travel_agent,Point (24.9699063 60.2029227),24.9699063,60.2029227,POI
7966,JYSK,furniture_shop,Point (24.9676505 60.2024419),24.9676505,60.2024419,POI
7967,,waste_basket,Point (24.9688976 60.2042347),24.9688976,60.2042347,POI
7968,,waste_basket,Point (24.9684328 60.204003),24.9684328,60.204003,POI
7969,,waste_basket,Point (24.9717468 60.2168471),24.9717468,60.2168471,POI
7970,Finnj?vel,restaurant,Point (24.9314856 60.1719515),24.9314856,60.1719515,POI
7971,La Baguette,cafe,Point (24.9431929 60.1909855),24.9431929,60.1909855,POI
7972,Taqueria Lopez y Lopez,fast_food,Point (24.9719998 60.1901824),24.9719998,60.1901824,POI
7973,Karaz,restaurant,Point (24.953683 60.1829642),24.953683,60.1829642,POI
7974,Kallion Aloha,beauty_shop,Point (24.9574193 60.1865677),24.9574193,60.1865677,POI
7975,,bench,Point (24.9596254 60.2055251),24.9596254,60.2055251,POI
7976,,tourist_info,Point (24.9590044 60.2055364),24.9590044,60.2055364,POI
7977,,tourist_info,Point (24.9708201 60.2125193),24.9708201,60.2125193,POI
7978,,bench,Point (24.8826171 60.1622458),24.8826171,60.1622458,POI
7979,,bench,Point (24.8852192 60.1628822),24.8852192,60.1628822,POI
7980,,waste_basket,Point (24.885193 60.1628954),24.885193,60.1628954,POI
7981,,playground,Point (24.8821918 60.1653861),24.8821918,60.1653861,POI
7982,,bench,Point (24.8850432 60.1456558),24.8850432,60.1456558,POI
7983,,bench,Point (24.867812 60.1595338),24.867812,60.1595338,POI
7984,,waste_basket,Point (24.8678289 60.1595292),24.8678289,60.1595292,POI
7985,,bench,Point (24.8699076 60.1591199),24.8699076,60.1591199,POI
7986,,bench,Point (24.8763484 60.1613328),24.8763484,60.1613328,POI
7987,Lottalehto,tourist_info,Point (24.8871892 60.1461174),24.8871892,60.1461174,POI
7988,,bench,Point (24.8871281 60.1460797),24.8871281,60.1460797,POI
7989,,bench,Point (24.8871148 60.1460959),24.8871148,60.1460959,POI
7990,,bench,Point (24.8803515 60.1497797),24.8803515,60.1497797,POI
7991,,playground,Point (24.8805822 60.1501015),24.8805822,60.1501015,POI
7992,,bench,Point (24.9510441 60.1552803),24.9510441,60.1552803,POI
7993,,bench,Point (24.9514084 60.1551612),24.9514084,60.1551612,POI
7994,,bench,Point (24.9518891 60.1550064),24.9518891,60.1550064,POI
7995,,bench,Point (24.9521188 60.154925),24.9521188,60.154925,POI
7996,,waste_basket,Point (24.9527826 60.1547121),24.9527826,60.1547121,POI
7997,,bench,Point (24.9529711 60.1546511),24.9529711,60.1546511,POI
7998,,bench,Point (24.9534307 60.1545018),24.9534307,60.1545018,POI
7999,,waste_basket,Point (24.9537317 60.1544013),24.9537317,60.1544013,POI
8000,,waste_basket,Point (24.9545575 60.1541503),24.9545575,60.1541503,POI
8001,,waste_basket,Point (24.9584163 60.1548577),24.9584163,60.1548577,POI
8002,,bench,Point (24.9568469 60.1545787),24.9568469,60.1545787,POI
8003,,waste_basket,Point (24.9568489 60.1546126),24.9568489,60.1546126,POI
8004,,bench,Point (24.9573643 60.1551124),24.9573643,60.1551124,POI
8005,Rautanaama,artwork,Point (24.8730123 60.1467065),24.8730123,60.1467065,POI
8006,,memorial,Point (24.9727142 60.2063913),24.9727142,60.2063913,POI
8007,,bench,Point (24.8846768 60.1576271),24.8846768,60.1576271,POI
8008,,bench,Point (24.8845808 60.1576352),24.8845808,60.1576352,POI
8009,,bench,Point (24.8855918 60.1581614),24.8855918,60.1581614,POI
8010,,bench,Point (24.8819741 60.156268),24.8819741,60.156268,POI
8011,,waste_basket,Point (24.8821477 60.146981),24.8821477,60.146981,POI
8012,,bench,Point (24.8810241 60.146996),24.8810241,60.146996,POI
8013,,bench,Point (24.8764532 60.1484644),24.8764532,60.1484644,POI
8014,,bench,Point (24.8763459 60.1488232),24.8763459,60.1488232,POI
8015,,waste_basket,Point (24.8763489 60.1488467),24.8763489,60.1488467,POI
8016,,bench,Point (24.8762372 60.1495003),24.8762372,60.1495003,POI
8017,P?iv?koti Runo,kindergarten,Point (24.9626993 60.1921606),24.9626993,60.1921606,POI
8018,,bench,Point (24.8773898 60.1624399),24.8773898,60.1624399,POI
8019,,bench,Point (24.8852406 60.1649188),24.8852406,60.1649188,POI
8020,,monument,Point (24.9848923 60.1448263),24.9848923,60.1448263,POI
8021,K. A. & Gertrud Wrede,memorial,Point (24.8998607 60.2131027),24.8998607,60.2131027,POI
8022,Hyppyrim?ki,ruins,Point (24.8921711 60.1894386),24.8921711,60.1894386,POI
8023,Hyppyrim?ki,ruins,Point (24.8931797 60.1894691),24.8931797,60.1894691,POI
8024,,bench,Point (24.8962413 60.2141358),24.8962413,60.2141358,POI
8025,,bench,Point (24.8963107 60.2141361),24.8963107,60.2141361,POI
8026,,bench,Point (24.8962967 60.2141768),24.8962967,60.2141768,POI
8027,,bench,Point (24.8962178 60.2141673),24.8962178,60.2141673,POI
8028,,bench,Point (24.8961268 60.2141592),24.8961268,60.2141592,POI
8029,,bench,Point (24.8997943 60.2130362),24.8997943,60.2130362,POI
8030,Kotiseutukuuset,memorial,Point (24.9007235 60.2137149),24.9007235,60.2137149,POI
8031,,bench,Point (24.9005456 60.2134309),24.9005456,60.2134309,POI
8032,,bench,Point (24.900583 60.2135853),24.900583,60.2135853,POI
8033,Luna Nails Lashes,beauty_shop,Point (24.9558955 60.1873941),24.9558955,60.1873941,POI
8034,CWT,travel_agent,Point (24.9726939 60.1890322),24.9726939,60.1890322,POI
8035,,artwork,Point (24.9402018 60.1978247),24.9402018,60.1978247,POI
8036,Lidl,supermarket,Point (24.9146909 60.1549324),24.9146909,60.1549324,POI
8037,Hesburger,fast_food,Point (24.9150645 60.1631544),24.9150645,60.1631544,POI
8038,,bench,Point (24.9504412 60.1918525),24.9504412,60.1918525,POI
8039,,bench,Point (24.9503606 60.1918725),24.9503606,60.1918725,POI
8040,,bench,Point (24.9502915 60.1918634),24.9502915,60.1918634,POI
8041,OZ Jewel,jeweller,Point (24.9514535 60.1661189),24.9514535,60.1661189,POI
8042,Monqrime,clothes,Point (24.9378191 60.1609245),24.9378191,60.1609245,POI
8043,Blue Coral Beauty Salons,beauty_shop,Point (24.9196485 60.1590135),24.9196485,60.1590135,POI
8044,Karjalanpiirakkaleipomo Arffman,bakery,Point (24.9200039 60.1592204),24.9200039,60.1592204,POI
8045,Pub Ludvig,pub,Point (24.9457029 60.1658933),24.9457029,60.1658933,POI
8046,,bench,Point (24.9780457 60.1829522),24.9780457,60.1829522,POI
8047,,bench,Point (24.978216 60.1829331),24.978216,60.1829331,POI
8048,,bench,Point (24.9783262 60.1829073),24.9783262,60.1829073,POI
8049,,bench,Point (24.980603 60.1826464),24.980603,60.1826464,POI
8050,,bench,Point (24.9796611 60.1821548),24.9796611,60.1821548,POI
8051,,bench,Point (24.9795804 60.1819799),24.9795804,60.1819799,POI
8052,,waste_basket,Point (24.9794699 60.1816873),24.9794699,60.1816873,POI
8053,,bench,Point (24.9795734 60.1817654),24.9795734,60.1817654,POI
8054,,bench,Point (24.9796249 60.1817925),24.9796249,60.1817925,POI
8055,,bench,Point (24.9793706 60.1815153),24.9793706,60.1815153,POI
8056,,waste_basket,Point (24.9791009 60.1810794),24.9791009,60.1810794,POI
8057,,bench,Point (24.9790486 60.1808201),24.9790486,60.1808201,POI
8058,,bench,Point (24.9789701 60.1806434),24.9789701,60.1806434,POI
8059,,bench,Point (24.9789246 60.1803519),24.9789246,60.1803519,POI
8060,,bench,Point (24.9789915 60.1803757),24.9789915,60.1803757,POI
8061,,vending_any,Point (24.9487708 60.1868076),24.9487708,60.1868076,POI
8062,,waste_basket,Point (24.9435888 60.2007371),24.9435888,60.2007371,POI
8063,,vending_any,Point (24.9441468 60.200792),24.9441468,60.200792,POI
8064,,vending_any,Point (24.9580168 60.1850626),24.9580168,60.1850626,POI
8065,,vending_any,Point (24.9562814 60.1864884),24.9562814,60.1864884,POI
8066,,vending_any,Point (24.9558451 60.1919707),24.9558451,60.1919707,POI
8067,,bench,Point (24.9548848 60.1923729),24.9548848,60.1923729,POI
8068,,bench,Point (24.9549311 60.1923542),24.9549311,60.1923542,POI
8069,,bench,Point (24.9550193 60.1923189),24.9550193,60.1923189,POI
8070,,bench,Point (24.9550672 60.192298),24.9550672,60.192298,POI
8071,,bench,Point (24.9549608 60.192226),24.9549608,60.192226,POI
8072,,bench,Point (24.9549192 60.1922437),24.9549192,60.1922437,POI
8073,,bench,Point (24.9548877 60.1922567),24.9548877,60.1922567,POI
8074,,bench,Point (24.9548503 60.1922714),24.9548503,60.1922714,POI
8075,,bench,Point (24.9548177 60.1922845),24.9548177,60.1922845,POI
8076,,waste_basket,Point (24.9547773 60.1923003),24.9547773,60.1923003,POI
8077,,waste_basket,Point (24.9555462 60.1922675),24.9555462,60.1922675,POI
8078,Robert's Coffee,cafe,Point (24.9428809 60.1665413),24.9428809,60.1665413,POI
8079,Luther Divari & Kristillinen kirjakauppa,bookshop,Point (24.9500021 60.1649015),24.9500021,60.1649015,POI
8080,Salon De Niro,hairdresser,Point (24.9504353 60.1649137),24.9504353,60.1649137,POI
8081,Farouge,restaurant,Point (24.94999 60.164696),24.94999,60.164696,POI
8082,,tourist_info,Point (24.9499575 60.1644418),24.9499575,60.1644418,POI
8083,FAB Makeup&Hair,hairdresser,Point (24.9500601 60.1638887),24.9500601,60.1638887,POI
8084,,tourist_info,Point (24.9180497 60.1595401),24.9180497,60.1595401,POI
8085,,tourist_info,Point (24.9194588 60.1592866),24.9194588,60.1592866,POI
8086,,tourist_info,Point (24.9199504 60.1582832),24.9199504,60.1582832,POI
8087,,tourist_info,Point (24.9202052 60.1577844),24.9202052,60.1577844,POI
8088,,tourist_info,Point (24.9200691 60.1576442),24.9200691,60.1576442,POI
8089,,tourist_info,Point (24.9188691 60.1591161),24.9188691,60.1591161,POI
8090,,tourist_info,Point (24.9184089 60.1589509),24.9184089,60.1589509,POI
8091,,tourist_info,Point (24.9197939 60.1587197),24.9197939,60.1587197,POI
8092,,tourist_info,Point (24.9205183 60.1583077),24.9205183,60.1583077,POI
8093,,tourist_info,Point (24.9186406 60.1570045),24.9186406,60.1570045,POI
8094,Fere,clothes,Point (24.9425997 60.166424),24.9425997,60.166424,POI
8095,,tourist_info,Point (24.952957 60.2109395),24.952957,60.2109395,POI
8096,,tourist_info,Point (24.952818 60.2109765),24.952818,60.2109765,POI
8097,Ravintola sk?rd,restaurant,Point (24.9377153 60.163977),24.9377153,60.163977,POI
8098,Boho,hairdresser,Point (24.9357718 60.1628407),24.9357718,60.1628407,POI
8099,,tourist_info,Point (24.9212124 60.156956),24.9212124,60.156956,POI
8100,,tourist_info,Point (24.9210038 60.156925),24.9210038,60.156925,POI
8101,,tourist_info,Point (24.9155878 60.155558),24.9155878,60.155558,POI
8102,,tourist_info,Point (24.9162451 60.155564),24.9162451,60.155564,POI
8103,,tourist_info,Point (24.9162239 60.1554625),24.9162239,60.1554625,POI
8104,High care boulevard,beauty_shop,Point (24.9366173 60.1640427),24.9366173,60.1640427,POI
8105,Kukkakauppa Sakura,florist,Point (24.8774585 60.2056878),24.8774585,60.2056878,POI
8106,Zadonna,clothes,Point (24.8772895 60.2060876),24.8772895,60.2060876,POI
8107,Bulevardin hammasl??k?ri,dentist,Point (24.9358816 60.1642084),24.9358816,60.1642084,POI
8108,HUS,dentist,Point (24.9373721 60.1642997),24.9373721,60.1642997,POI
8109,,tourist_info,Point (24.9184805 60.1567764),24.9184805,60.1567764,POI
8110,,tourist_info,Point (24.9185906 60.1566058),24.9185906,60.1566058,POI
8111,,tourist_info,Point (24.916448 60.1559759),24.916448,60.1559759,POI
8112,,tourist_info,Point (24.915591 60.1550705),24.915591,60.1550705,POI
8113,Kiffehair,hairdresser,Point (24.9408911 60.1646167),24.9408911,60.1646167,POI
8114,,tourist_info,Point (24.9474491 60.1634374),24.9474491,60.1634374,POI
8115,Mycoko,clothes,Point (24.9516946 60.1671712),24.9516946,60.1671712,POI
8116,"Hammasl??k?rit Suominen Stranden Kalle, Kitti",dentist,Point (24.9523185 60.1655945),24.9523185,60.1655945,POI
8117,BOS,shoe_shop,Point (24.9522668 60.1660759),24.9522668,60.1660759,POI
8118,Nomart,furniture_shop,Point (24.9480801 60.1656795),24.9480801,60.1656795,POI
8119,Sue Ellen,restaurant,Point (24.9522275 60.1664297),24.9522275,60.1664297,POI
8120,Amber Dream,jeweller,Point (24.952157 60.1669575),24.952157,60.1669575,POI
8121,Wool Oasis,gift_shop,Point (24.9521526 60.1670579),24.9521526,60.1670579,POI
8122,Fiasco?,restaurant,Point (24.95218 60.1666351),24.95218,60.1666351,POI
8123,,tourist_info,Point (24.9526774 60.1689589),24.9526774,60.1689589,POI
8124,,tourist_info,Point (24.9226115 60.1990625),24.9226115,60.1990625,POI
8125,,tourist_info,Point (24.9212078 60.2001646),24.9212078,60.2001646,POI
8126,,tourist_info,Point (24.9208945 60.201207),24.9208945,60.201207,POI
8127,,tourist_info,Point (24.9533966 60.1685184),24.9533966,60.1685184,POI
8128,Kaupungintalon ravintola,restaurant,Point (24.9530329 60.1685456),24.9530329,60.1685456,POI
8129,,tourist_info,Point (24.9229991 60.2016915),24.9229991,60.2016915,POI
8130,,tourist_info,Point (24.9220263 60.2013998),24.9220263,60.2013998,POI
8131,Bassi,restaurant,Point (24.9450265 60.1669485),24.9450265,60.1669485,POI
8132,Lasanic,clothes,Point (24.9495465 60.1684448),24.9495465,60.1684448,POI
8133,New Hair,hairdresser,Point (24.8782005 60.2059848),24.8782005,60.2059848,POI
8134,Halla x Halla,clothes,Point (24.9512513 60.1683877),24.9512513,60.1683877,POI
8135,Dent-thema,dentist,Point (24.9244843 60.1993316),24.9244843,60.1993316,POI
8136,Anni-optikko,optician,Point (24.9244288 60.1994368),24.9244288,60.1994368,POI
8137,,tourist_info,Point (24.9248387 60.2001575),24.9248387,60.2001575,POI
8138,,tourist_info,Point (24.9168987 60.1582417),24.9168987,60.1582417,POI
8139,,tourist_info,Point (24.9157241 60.1579461),24.9157241,60.1579461,POI
8140,,tourist_info,Point (24.9160644 60.1575247),24.9160644,60.1575247,POI
8141,Hyv?ntoivon Kauneushoitola,beauty_shop,Point (24.9163894 60.157262),24.9163894,60.157262,POI
8142,,tourist_info,Point (24.9123207 60.1578806),24.9123207,60.1578806,POI
8143,,tourist_info,Point (24.9147391 60.156943),24.9147391,60.156943,POI
8144,Artisaani,clothes,Point (24.9508557 60.1682986),24.9508557,60.1682986,POI
8145,Ambassador Karaoke & Club,bar,Point (24.9508238 60.1685246),24.9508238,60.1685246,POI
8146,Neuhaus Caf¨¦,cafe,Point (24.9508113 60.1686364),24.9508113,60.1686364,POI
8147,Union of Ekasalongit,hairdresser,Point (24.9508059 60.1686664),24.9508059,60.1686664,POI
8148,Finnska,gift_shop,Point (24.9508006 60.1687106),24.9508006,60.1687106,POI
8149,new life,beauty_shop,Point (24.9070764 60.158816),24.9070764,60.158816,POI
8150,,tourist_info,Point (24.9076201 60.1590369),24.9076201,60.1590369,POI
8151,Sofia Bistro,restaurant,Point (24.9512369 60.1685861),24.9512369,60.1685861,POI
8152,Nordea,bank,Point (24.9501028 60.168892),24.9501028,60.168892,POI
8153,,tourist_info,Point (24.9051867 60.1581882),24.9051867,60.1581882,POI
8154,Goose Pastabar,restaurant,Point (24.9274478 60.1643216),24.9274478,60.1643216,POI
8155,Delice Beauty,beauty_shop,Point (24.927828 60.1644695),24.927828,60.1644695,POI
8156,Rose D'Orient,beauty_shop,Point (24.9279588 60.1644931),24.9279588,60.1644931,POI
8157,Paitakulma,clothes,Point (24.9283846 60.1646283),24.9283846,60.1646283,POI
8158,,tourist_info,Point (24.9141561 60.1571494),24.9141561,60.1571494,POI
8159,,tourist_info,Point (24.9540041 60.1690088),24.9540041,60.1690088,POI
8160,El Fant,cafe,Point (24.9536891 60.1687039),24.9536891,60.1687039,POI
8161,W¨¹rth,doityourself,Point (24.9129786 60.1585858),24.9129786,60.1585858,POI
8162,,tourist_info,Point (24.9129419 60.1573636),24.9129419,60.1573636,POI
8163,,tourist_info,Point (24.9128857 60.157342),24.9128857,60.157342,POI
8164,,tourist_info,Point (24.9119486 60.1574352),24.9119486,60.1574352,POI
8165,,tourist_info,Point (24.9133461 60.1563904),24.9133461,60.1563904,POI
8166,,tourist_info,Point (24.9125195 60.1570804),24.9125195,60.1570804,POI
8167,,tourist_info,Point (24.9116152 60.1571175),24.9116152,60.1571175,POI
8168,,tourist_info,Point (24.9102032 60.1562139),24.9102032,60.1562139,POI
8169,,tourist_info,Point (24.9100525 60.1563292),24.9100525,60.1563292,POI
8170,Chill Studio,beauty_shop,Point (24.9097354 60.1577347),24.9097354,60.1577347,POI
8171,,tourist_info,Point (24.9092149 60.1578284),24.9092149,60.1578284,POI
8172,Mahuraan elintarvikekauppa,supermarket,Point (24.9376417 60.1997379),24.9376417,60.1997379,POI
8173,,tourist_info,Point (24.9093135 60.1582616),24.9093135,60.1582616,POI
8174,Barbers & Beer Company,hairdresser,Point (24.9104168 60.1582645),24.9104168,60.1582645,POI
8175,Radical¡¯Epil,beauty_shop,Point (24.9105456 60.1581851),24.9105456,60.1581851,POI
8176,,tourist_info,Point (24.9146324 60.1584956),24.9146324,60.1584956,POI
8177,,tourist_info,Point (24.9147373 60.1584507),24.9147373,60.1584507,POI
8178,,tourist_info,Point (24.9155226 60.1581258),24.9155226,60.1581258,POI
8179,,tourist_info,Point (24.9100057 60.1558442),24.9100057,60.1558442,POI
8180,,tourist_info,Point (24.909627 60.1554408),24.909627,60.1554408,POI
8181,,tourist_info,Point (24.9088525 60.1555097),24.9088525,60.1555097,POI
8182,,tourist_info,Point (24.9235404 60.1960576),24.9235404,60.1960576,POI
8183,,tourist_info,Point (24.9245462 60.1963475),24.9245462,60.1963475,POI
8184,,tourist_info,Point (24.9096826 60.1552063),24.9096826,60.1552063,POI
8185,,tourist_info,Point (24.909375 60.15465),24.909375,60.15465,POI
8186,,tourist_info,Point (24.9102208 60.1546543),24.9102208,60.1546543,POI
8187,,tourist_info,Point (24.9102224 60.1539178),24.9102224,60.1539178,POI
8188,,tourist_info,Point (24.9250604 60.1973638),24.9250604,60.1973638,POI
8189,,tourist_info,Point (24.9252531 60.1993959),24.9252531,60.1993959,POI
8190,Tiamari Parturi ja kampaamo,hairdresser,Point (24.9125711 60.1596583),24.9125711,60.1596583,POI
8191,,tourist_info,Point (24.9152529 60.158009),24.9152529,60.158009,POI
8192,,furniture_shop,Point (24.9227827 60.1735268),24.9227827,60.1735268,POI
8193,Ateljee Aaria,clothes,Point (24.9225968 60.1739021),24.9225968,60.1739021,POI
8194,,clothes,Point (24.9225521 60.1739963),24.9225521,60.1739963,POI
8195,Palpa,recycling,Point (24.9253873 60.1995114),24.9253873,60.1995114,POI
8196,Pasilan osteopatiakeskus,clinic,Point (24.9250684 60.1977145),24.9250684,60.1977145,POI
8197,Ortopedisen osteopatian koulutuskeskus OOKK,college,Point (24.9250446 60.1976672),24.9250446,60.1976672,POI
8198,HR Beauty,beauty_shop,Point (24.9253661 60.1968418),24.9253661,60.1968418,POI
8199,Med Spa,beauty_shop,Point (24.9284597 60.1646098),24.9284597,60.1646098,POI
8200,Xocolab,cafe,Point (24.928583 60.164495),24.928583,60.164495,POI
8201,,tourist_info,Point (24.9082435 60.1579524),24.9082435,60.1579524,POI
8202,,tourist_info,Point (24.9057163 60.1584253),24.9057163,60.1584253,POI
8203,Parturi Kampaamo Aurinkoinen,hairdresser,Point (24.8729786 60.2041513),24.8729786,60.2041513,POI
8204,,tourist_info,Point (24.9064054 60.1586157),24.9064054,60.1586157,POI
8205,,tourist_info,Point (24.9086853 60.1593424),24.9086853,60.1593424,POI
8206,"Sahar, Beauty & Hair",hairdresser,Point (24.9091474 60.1591965),24.9091474,60.1591965,POI
8207,,tourist_info,Point (24.9093548 60.158973),24.9093548,60.158973,POI
8208,,tourist_info,Point (24.9106331 60.1537422),24.9106331,60.1537422,POI
8209,Sen Viet,restaurant,Point (24.9103932 60.1533508),24.9103932,60.1533508,POI
8210,,tourist_info,Point (24.9108679 60.1538538),24.9108679,60.1538538,POI
8211,,recycling,Point (24.9147384 60.1580813),24.9147384,60.1580813,POI
8212,,tourist_info,Point (24.917056 60.1595348),24.917056,60.1595348,POI
8213,,recycling,Point (24.920733 60.2038551),24.920733,60.2038551,POI
8214,Eden,beauty_shop,Point (24.9231131 60.1732753),24.9231131,60.1732753,POI
8215,Kampaamo Leena Selin,hairdresser,Point (24.9231582 60.1732865),24.9231582,60.1732865,POI
8216,Poikue,clothes,Point (24.9241957 60.1738199),24.9241957,60.1738199,POI
8217,Osuma.,clothes,Point (24.9233599 60.1740828),24.9233599,60.1740828,POI
8218,Puoli-Q,theatre,Point (24.9232108 60.1740557),24.9232108,60.1740557,POI
8219,Norilla,restaurant,Point (24.9227687 60.1740125),24.9227687,60.1740125,POI
8220,Polar turkis,clothes,Point (24.9488446 60.1688816),24.9488446,60.1688816,POI
8221,Nordea,bank,Point (24.9480606 60.1688628),24.9480606,60.1688628,POI
8222,Gerry Weber,clothes,Point (24.9479761 60.1688596),24.9479761,60.1688596,POI
8223,Finnkino Maxim,cinema,Point (24.9477684 60.1683676),24.9477684,60.1683676,POI
8224,Lily H,beauty_shop,Point (24.945879 60.161059),24.945879,60.161059,POI
8225,Bar Llamas,bar,Point (24.9424003 60.1634565),24.9424003,60.1634565,POI
8226,Proggis,cafe,Point (24.9431114 60.1609531),24.9431114,60.1609531,POI
8227,High hopes,hairdresser,Point (24.9420129 60.1610399),24.9420129,60.1610399,POI
8228,Wau,hairdresser,Point (24.9420509 60.1610877),24.9420509,60.1610877,POI
8229,P?iv?koti Engel,kindergarten,Point (24.9398378 60.1594535),24.9398378,60.1594535,POI
8230,Kultasepp?mestari Harri Syrj?nen,jeweller,Point (24.9458088 60.1637952),24.9458088,60.1637952,POI
8231,Studio 1a,hairdresser,Point (24.9459303 60.1638212),24.9459303,60.1638212,POI
8232,Salajar,restaurant,Point (24.9419812 60.1630907),24.9419812,60.1630907,POI
8233,Rodbergs,bar,Point (24.9418602 60.1631853),24.9418602,60.1631853,POI
8234,Brewster Bar,bar,Point (24.941484 60.1631658),24.941484,60.1631658,POI
8235,Tribeauty,beauty_shop,Point (24.9472137 60.1584235),24.9472137,60.1584235,POI
8236,Weekend Max Mara,clothes,Point (24.9492168 60.1685424),24.9492168,60.1685424,POI
8237,Marina Rinaldi,clothes,Point (24.9492114 60.1684377),24.9492114,60.1684377,POI
8238,Muotikuu,clothes,Point (24.9492424 60.1682621),24.9492424,60.1682621,POI
8239,,tourist_info,Point (24.9196134 60.2031966),24.9196134,60.2031966,POI
8240,,recycling,Point (24.9194984 60.2033065),24.9194984,60.2033065,POI
8241,,tourist_info,Point (24.9201303 60.2031306),24.9201303,60.2031306,POI
8242,,recycling,Point (24.921468 60.2032178),24.921468,60.2032178,POI
8243,,tourist_info,Point (24.9217287 60.2031085),24.9217287,60.2031085,POI
8244,,tourist_info,Point (24.9212243 60.2024178),24.9212243,60.2024178,POI
8245,,tourist_info,Point (24.9223618 60.1674909),24.9223618,60.1674909,POI
8246,,bar,Point (24.9431372 60.1634929),24.9431372,60.1634929,POI
8247,Hair salon Jeff,beauty_shop,Point (24.9265988 60.174064),24.9265988,60.174064,POI
8248,Tikau shop,clothes,Point (24.9466747 60.1607093),24.9466747,60.1607093,POI
8249,Tonttu,gift_shop,Point (24.9265641 60.172088),24.9265641,60.172088,POI
8250,Hammaslaboratorio Andrea Mineo,dentist,Point (24.9268766 60.1721661),24.9268766,60.1721661,POI
8251,Dickies,clothes,Point (24.9415876 60.1612289),24.9415876,60.1612289,POI
8252,Pulttiketju,doityourself,Point (24.9425824 60.1611606),24.9425824,60.1611606,POI
8253,Balmuir,clothes,Point (24.9488941 60.1679776),24.9488941,60.1679776,POI
8254,Kalevala jewelry,jeweller,Point (24.9432268 60.1679936),24.9432268,60.1679936,POI
8255,Luxbag,clothes,Point (24.9481071 60.1679366),24.9481071,60.1679366,POI
8256,Aarikka,clothes,Point (24.9479054 60.1679306),24.9479054,60.1679306,POI
8257,Vuokko Mattila,hairdresser,Point (24.930388 60.1722279),24.930388,60.1722279,POI
8258,H?rnan,cafe,Point (24.945519 60.1614808),24.945519,60.1614808,POI
8259,Juoksu labra,sports_shop,Point (24.946715 60.1603441),24.946715,60.1603441,POI
8260,Nest,clothes,Point (24.9467538 60.160114),24.9467538,60.160114,POI
8261,,tourist_info,Point (24.979311 60.1850078),24.979311,60.1850078,POI
8262,,tourist_info,Point (24.9794855 60.1851536),24.9794855,60.1851536,POI
8263,,tourist_info,Point (24.9812124 60.1844851),24.9812124,60.1844851,POI
8264,,tourist_info,Point (24.9803275 60.1847245),24.9803275,60.1847245,POI
8265,KG Salonki,beauty_shop,Point (24.9823475 60.1848248),24.9823475,60.1848248,POI
8266,,tourist_info,Point (24.9810299 60.1847036),24.9810299,60.1847036,POI
8267,Harbour Tap & Taste,restaurant,Point (24.9831365 60.1839135),24.9831365,60.1839135,POI
8268,,tourist_info,Point (24.9805187 60.1851368),24.9805187,60.1851368,POI
8269,,tourist_info,Point (24.980953 60.1838873),24.980953,60.1838873,POI
8270,,tourist_info,Point (24.9816823 60.183681),24.9816823,60.183681,POI
8271,,tourist_info,Point (24.9801128 60.1833818),24.9801128,60.1833818,POI
8272,,tourist_info,Point (24.9813276 60.1828129),24.9813276,60.1828129,POI
8273,,tourist_info,Point (24.9790788 60.1820392),24.9790788,60.1820392,POI
8274,Siev? Helsinki,hairdresser,Point (24.9370696 60.1618408),24.9370696,60.1618408,POI
8275,Haraldin kenk?,shoe_shop,Point (24.9374835 60.1619889),24.9374835,60.1619889,POI
8276,Kuviokioski,gift_shop,Point (24.9384962 60.1623267),24.9384962,60.1623267,POI
8277,,tourist_info,Point (24.9807003 60.1839594),24.9807003,60.1839594,POI
8278,Parturi-Kampaamo Rokkitukka,hairdresser,Point (24.9366387 60.1667512),24.9366387,60.1667512,POI
8279,V?est?liiton kirjasto,library,Point (24.9366195 60.1664205),24.9366195,60.1664205,POI
8280,Kroatian tasavallan suurl?hetyst?,embassy,Point (24.9358314 60.1664677),24.9358314,60.1664677,POI
8281,BrowBar,beauty_shop,Point (24.9347509 60.166097),24.9347509,60.166097,POI
8282,Lamina,clothes,Point (24.9349758 60.1659684),24.9349758,60.1659684,POI
8283,Kirjokanta,bookshop,Point (24.9350294 60.1659103),24.9350294,60.1659103,POI
8284,Lundia Freda,furniture_shop,Point (24.9350804 60.165885),24.9350804,60.165885,POI
8285,Ihanna,hairdresser,Point (24.9357797 60.1655229),24.9357797,60.1655229,POI
8286,Chiva,beauty_shop,Point (24.9371988 60.1660333),24.9371988,60.1660333,POI
8287,?fra,cafe,Point (24.9374435 60.1661264),24.9374435,60.1661264,POI
8288,Roastery Coffee House Finland,cafe,Point (24.9371205 60.166587),24.9371205,60.166587,POI
8289,Merimies Pub,restaurant,Point (24.9382142 60.1604296),24.9382142,60.1604296,POI
8290,,tourist_info,Point (24.9127916 60.162753),24.9127916,60.162753,POI
8291,Bodysoul hyvinvointipalvelut,beauty_shop,Point (24.9124331 60.1619365),24.9124331,60.1619365,POI
8292,Carisma Dent,dentist,Point (24.9124273 60.1620241),24.9124273,60.1620241,POI
8293,,tourist_info,Point (24.9820367 60.1884954),24.9820367,60.1884954,POI
8294,,tourist_info,Point (24.9138859 60.1627771),24.9138859,60.1627771,POI
8295,,tourist_info,Point (24.9832218 60.1846118),24.9832218,60.1846118,POI
8296,,tourist_info,Point (24.977647 60.1888783),24.977647,60.1888783,POI
8297,,tourist_info,Point (24.9764251 60.1881101),24.9764251,60.1881101,POI
8298,,tourist_info,Point (24.9119346 60.1622882),24.9119346,60.1622882,POI
8299,,tourist_info,Point (24.9124055 60.162304),24.9124055,60.162304,POI
8300,P?iv?koti Troolari,kindergarten,Point (24.9128525 60.1626064),24.9128525,60.1626064,POI
8301,Kotitila,convenience,Point (24.9752295 60.1905488),24.9752295,60.1905488,POI
8302,Miss Bowl,restaurant,Point (24.9713425 60.1897844),24.9713425,60.1897844,POI
8303,,tourist_info,Point (24.9716048 60.1898607),24.9716048,60.1898607,POI
8304,Autopesula,car_wash,Point (24.9353232 60.1597383),24.9353232,60.1597383,POI
8305,Environ stockist,beauty_shop,Point (24.9380939 60.1607269),24.9380939,60.1607269,POI
8306,Ziara's Cafe,cafe,Point (24.9383867 60.1605163),24.9383867,60.1605163,POI
8307,Gauhar Helsinki Shop & Online,clothes,Point (24.9346574 60.1601182),24.9346574,60.1601182,POI
8308,,tourist_info,Point (24.9822054 60.1889146),24.9822054,60.1889146,POI
8309,,tourist_info,Point (24.9828174 60.1889484),24.9828174,60.1889484,POI
8310,,recycling_paper,Point (24.9822269 60.1888104),24.9822269,60.1888104,POI
8311,Solid Furniture,furniture_shop,Point (24.9372206 60.1600785),24.9372206,60.1600785,POI
8312,Liike 39,hairdresser,Point (24.9356334 60.1596978),24.9356334,60.1596978,POI
8313,PiKin Spa,beauty_shop,Point (24.9380547 60.1607551),24.9380547,60.1607551,POI
8314,Krung Thep Thai Bistro Kalasatama,restaurant,Point (24.9837397 60.1885231),24.9837397,60.1885231,POI
8315,Hummus house,restaurant,Point (24.9832544 60.1882347),24.9832544,60.1882347,POI
8316,,tourist_info,Point (24.9832301 60.1881805),24.9832301,60.1881805,POI
8317,,tourist_info,Point (24.981495 60.1861086),24.981495,60.1861086,POI
8318,,tourist_info,Point (24.9819422 60.1852393),24.9819422,60.1852393,POI
8319,,tourist_info,Point (24.9145479 60.1588904),24.9145479,60.1588904,POI
8320,Long lasting beauty,beauty_shop,Point (24.9387114 60.1629494),24.9387114,60.1629494,POI
8321,Muotikuu,clothes,Point (24.9390289 60.1627293),24.9390289,60.1627293,POI
8322,Buddha salonki,beauty_shop,Point (24.9387845 60.163666),24.9387845,60.163666,POI
8323,,tourist_info,Point (24.9363694 60.1628442),24.9363694,60.1628442,POI
8324,,tourist_info,Point (24.9365446 60.1626153),24.9365446,60.1626153,POI
8325,,tourist_info,Point (24.9367672 60.1626932),24.9367672,60.1626932,POI
8326,,waste_basket,Point (24.9529681 60.2065284),24.9529681,60.2065284,POI
8327,Fenix,beauty_shop,Point (24.9374097 60.1672348),24.9374097,60.1672348,POI
8328,4 Soulmates,beauty_shop,Point (24.9279461 60.1683783),24.9279461,60.1683783,POI
8329,Energiatila,beauty_shop,Point (24.9270106 60.1670474),24.9270106,60.1670474,POI
8330,Airiins,beauty_shop,Point (24.931623 60.1640762),24.931623,60.1640762,POI
8331,La maza,restaurant,Point (24.9322972 60.1648677),24.9322972,60.1648677,POI
8332,Ullan Salonki,hairdresser,Point (24.9270973 60.1671147),24.9270973,60.1671147,POI
8333,Koulutuskeskus Unika,hairdresser,Point (24.9286181 60.1684787),24.9286181,60.1684787,POI
8334,Qhair,hairdresser,Point (24.9285961 60.1684518),24.9285961,60.1684518,POI
8335,L'Or¨¦al Academy,beauty_shop,Point (24.9282583 60.1687015),24.9282583,60.1687015,POI
8336,,tourist_info,Point (24.9315721 60.164032),24.9315721,60.164032,POI
8337,Kamp 32,hairdresser,Point (24.926825 60.1678906),24.926825,60.1678906,POI
8338,Super touch beauty salon,hairdresser,Point (24.926661 60.1679095),24.926661,60.1679095,POI
8339,,tourist_info,Point (24.9263994 60.1679572),24.9263994,60.1679572,POI
8340,Salon milagro,beauty_shop,Point (24.925569 60.1680624),24.925569,60.1680624,POI
8341,Lebua spa,beauty_shop,Point (24.9254859 60.1680699),24.9254859,60.1680699,POI
8342,Helsingin Fysioterapiaklinikka,clinic,Point (24.9279694 60.1688511),24.9279694,60.1688511,POI
8343,Beauty bedivi,beauty_shop,Point (24.9251942 60.1681054),24.9251942,60.1681054,POI
8344,Salon Piazza,hairdresser,Point (24.9266809 60.1690621),24.9266809,60.1690621,POI
8345,Salon Mikael,hairdresser,Point (24.9262746 60.1689413),24.9262746,60.1689413,POI
8346,Unilabs Mediscan Oy,clinic,Point (24.9315253 60.1672226),24.9315253,60.1672226,POI
8347,AATMA,bookshop,Point (24.9254614 60.1686759),24.9254614,60.1686759,POI
8348,Tempur,furniture_shop,Point (24.9364445 60.1675132),24.9364445,60.1675132,POI
8349,Femeda l??k?riasema,clinic,Point (24.9379697 60.1674247),24.9379697,60.1674247,POI
8350,Akupunktio,clinic,Point (24.9252029 60.168299),24.9252029,60.168299,POI
8351,Globe Art Point,arts_centre,Point (24.9253725 60.1682807),24.9253725,60.1682807,POI
8352,Kampin Liikuntakeskus,sports_centre,Point (24.926839 60.1681372),24.926839,60.1681372,POI
8353,,tourist_info,Point (24.9325049 60.1652004),24.9325049,60.1652004,POI
8354,Aito Helsinki,jeweller,Point (24.9338343 60.1648508),24.9338343,60.1648508,POI
8355,Galleria Contempo,arts_centre,Point (24.9339378 60.1648835),24.9339378,60.1648835,POI
8356,GTC Cafe,cafe,Point (24.9340979 60.1649469),24.9340979,60.1649469,POI
8357,,tourist_info,Point (24.9343904 60.1650302),24.9343904,60.1650302,POI
8358,Salon Anna,hairdresser,Point (24.9345452 60.1650989),24.9345452,60.1650989,POI
8359,Pelago Bicycles Shop & Service,bicycle_shop,Point (24.9330576 60.1651995),24.9330576,60.1651995,POI
8360,Helsinki Hair Salon,hairdresser,Point (24.935169 60.1655027),24.935169,60.1655027,POI
8361,,tourist_info,Point (24.9339629 60.1639497),24.9339629,60.1639497,POI
8362,Pyykkipoika,laundry,Point (24.9363817 60.1686745),24.9363817,60.1686745,POI
8363,Gaia Beauty Salon,beauty_shop,Point (24.935587 60.1686892),24.935587,60.1686892,POI
8364,Muusa Helsinki,hairdresser,Point (24.9357271 60.167894),24.9357271,60.167894,POI
8365,Arkade,bar,Point (24.9332615 60.1655579),24.9332615,60.1655579,POI
8366,Pr¨¦port¨¦,clothes,Point (24.9348398 60.1656985),24.9348398,60.1656985,POI
8367,Linda¡¯s luxury nails,beauty_shop,Point (24.9345233 60.1651142),24.9345233,60.1651142,POI
8368,Salon light,beauty_shop,Point (24.9761565 60.1677592),24.9761565,60.1677592,POI
8369,Ranskankielinen p?iv?koti,kindergarten,Point (24.9237379 60.1639223),24.9237379,60.1639223,POI
8370,,tourist_info,Point (24.9239959 60.1638005),24.9239959,60.1638005,POI
8371,,tourist_info,Point (24.9237531 60.1632197),24.9237531,60.1632197,POI
8372,,tourist_info,Point (24.9740613 60.1659989),24.9740613,60.1659989,POI
8373,,tourist_info,Point (24.9728206 60.1655771),24.9728206,60.1655771,POI
8374,,tourist_info,Point (24.9718244 60.1665978),24.9718244,60.1665978,POI
8375,Frameda,hairdresser,Point (24.9339721 60.1674293),24.9339721,60.1674293,POI
8376,Kauneusstudio Ellen,beauty_shop,Point (24.9745822 60.1672958),24.9745822,60.1672958,POI
8377,Face lab,beauty_shop,Point (24.97427 60.167206),24.97427,60.167206,POI
8378,,tourist_info,Point (24.9733571 60.1670118),24.9733571,60.1670118,POI
8379,Folk Helsinki,hairdresser,Point (24.9349114 60.1671808),24.9349114,60.1671808,POI
8380,Mandem Barber Shop,hairdresser,Point (24.9346789 60.1670912),24.9346789,60.1670912,POI
8381,Lady & Gentleman,hairdresser,Point (24.9347846 60.1671225),24.9347846,60.1671225,POI
8382,,tourist_info,Point (24.9761575 60.1676893),24.9761575,60.1676893,POI
8383,,tourist_info,Point (24.9769509 60.1669523),24.9769509,60.1669523,POI
8384,,tourist_info,Point (24.9771897 60.1682669),24.9771897,60.1682669,POI
8385,Helsinki Clinic,clinic,Point (24.9755426 60.1681509),24.9755426,60.1681509,POI
8386,Stella salon,beauty_shop,Point (24.9758053 60.1680365),24.9758053,60.1680365,POI
8387,Misha hiushuone,hairdresser,Point (24.9324369 60.1654827),24.9324369,60.1654827,POI
8388,,tourist_info,Point (24.9737977 60.1666229),24.9737977,60.1666229,POI
8389,,tourist_info,Point (24.9731663 60.1662507),24.9731663,60.1662507,POI
8390,Kavi kansallinen audiovisuaalinen instituutti kirjasto,library,Point (24.9661437 60.1851158),24.9661437,60.1851158,POI
8391,Cafe Kobben,cafe,Point (24.98231 60.1618908),24.98231,60.1618908,POI
8392,Kiasma-kirjasto (Kansallisgallerian kirjasto),library,Point (24.93678 60.1718156),24.93678,60.1718156,POI
8393,,bench,Point (24.9402241 60.2035011),24.9402241,60.2035011,POI
8394,,bench,Point (24.9378305 60.2062754),24.9378305,60.2062754,POI
8395,,bench,Point (24.9378706 60.2062381),24.9378706,60.2062381,POI
8396,,bench,Point (24.9382967 60.2064995),24.9382967,60.2064995,POI
8397,,bench,Point (24.9159643 60.169956),24.9159643,60.169956,POI
8398,,bench,Point (24.9160996 60.1699801),24.9160996,60.1699801,POI
8399,,bench,Point (24.9157627 60.1700178),24.9157627,60.1700178,POI
8400,,bench,Point (24.9157733 60.1700982),24.9157733,60.1700982,POI
8401,,bench,Point (24.9148586 60.1699571),24.9148586,60.1699571,POI
8402,,bench,Point (24.9149372 60.1699418),24.9149372,60.1699418,POI
8403,,bench,Point (24.9159979 60.1695245),24.9159979,60.1695245,POI
8404,,bench,Point (24.9160513 60.1694932),24.9160513,60.1694932,POI
8405,,bench,Point (24.919266 60.1687741),24.919266,60.1687741,POI
8406,,bench,Point (24.919264 60.168791),24.919264,60.168791,POI
8407,,toilet,Point (24.9817028 60.1732979),24.9817028,60.1732979,POI
8408,,bench,Point (24.9073127 60.1635652),24.9073127,60.1635652,POI
8409,,bench,Point (24.9073363 60.1635486),24.9073363,60.1635486,POI
8410,,bench,Point (24.9073155 60.1635324),24.9073155,60.1635324,POI
8411,,bench,Point (24.9073321 60.1634062),24.9073321,60.1634062,POI
8412,,bench,Point (24.9073565 60.1633924),24.9073565,60.1633924,POI
8413,,bench,Point (24.9073384 60.1633758),24.9073384,60.1633758,POI
8414,,bench,Point (24.9114742 60.1615372),24.9114742,60.1615372,POI
8415,,bench,Point (24.9114388 60.1615338),24.9114388,60.1615338,POI
8416,,bench,Point (24.9113985 60.1615306),24.9113985,60.1615306,POI
8417,,bench,Point (24.9102214 60.1617595),24.9102214,60.1617595,POI
8418,,bench,Point (24.910138 60.1620416),24.910138,60.1620416,POI
8419,,bench,Point (24.910163 60.1620631),24.910163,60.1620631,POI
8420,,bench,Point (24.9161915 60.1659774),24.9161915,60.1659774,POI
8421,,bench,Point (24.9161106 60.1659764),24.9161106,60.1659764,POI
8422,,viewpoint,Point (24.9811257 60.2162354),24.9811257,60.2162354,POI
8423,,waste_basket,Point (24.9844018 60.2141293),24.9844018,60.2141293,POI
8424,Korkeasaari,bicycle_rental,Point (24.9825202 60.1798929),24.9825202,60.1798929,POI
8425,Viestej? Helsinkiin,artwork,Point (24.9479053 60.1551692),24.9479053,60.1551692,POI
8426,Mets?kauris / Bambi,artwork,Point (24.9415026 60.1557662),24.9415026,60.1557662,POI
8427,Armi Ratian muistokivi,memorial,Point (24.9595638 60.1599418),24.9595638,60.1599418,POI
8428,Kotimaisten kielten keskuksen arkisto,library,Point (24.9548432 60.1784699),24.9548432,60.1784699,POI
8429,Levain,bakery,Point (24.9231517 60.1730305),24.9231517,60.1730305,POI
8430,Saaren Baari,bar,Point (24.9215285 60.1573814),24.9215285,60.1573814,POI
8431,,waste_basket,Point (24.8743855 60.145186),24.8743855,60.145186,POI
8432,,drinking_water,Point (24.8732804 60.1453612),24.8732804,60.1453612,POI
8433,,bench,Point (24.8753015 60.1462418),24.8753015,60.1462418,POI
8434,,waste_basket,Point (24.8764481 60.1484975),24.8764481,60.1484975,POI
8435,,waste_basket,Point (24.8761889 60.1496112),24.8761889,60.1496112,POI
8436,,bench,Point (24.9741346 60.1471195),24.9741346,60.1471195,POI
8437,,bench,Point (24.9893119 60.154002),24.9893119,60.154002,POI
8438,,bench,Point (24.9893629 60.1540114),24.9893629,60.1540114,POI
8439,,bench,Point (24.9893066 60.1540284),24.9893066,60.1540284,POI
8440,Alko,beverages,Point (24.9527399 60.1664776),24.9527399,60.1664776,POI
8441,Kalevi Sorsa,memorial,Point (24.9607512 60.1783686),24.9607512,60.1783686,POI
8442,,bench,Point (24.9366081 60.196982),24.9366081,60.196982,POI
8443,,bench,Point (24.9365978 60.1970041),24.9365978,60.1970041,POI
8444,,waste_basket,Point (24.9364432 60.197005),24.9364432,60.197005,POI
8445,,tourist_info,Point (24.9358524 60.1979248),24.9358524,60.1979248,POI
8446,K??nt?paikka,community_centre,Point (24.972506 60.2064612),24.972506,60.2064612,POI
8447,,memorial,Point (24.9727365 60.2063528),24.9727365,60.2063528,POI
8448,Arabian muraali,artwork,Point (24.9723184 60.2060515),24.9723184,60.2060515,POI
8449,,bench,Point (24.9607844 60.1678076),24.9607844,60.1678076,POI
8450,,bench,Point (24.9618074 60.1678832),24.9618074,60.1678832,POI
8451,,waste_basket,Point (24.961928 60.1680627),24.961928,60.1680627,POI
8452,,bench,Point (24.9609993 60.1676829),24.9609993,60.1676829,POI
8453,,waste_basket,Point (24.9612802 60.168053),24.9612802,60.168053,POI
8454,,bench,Point (24.9612596 60.168038),24.9612596,60.168038,POI
8455,,waste_basket,Point (24.9607704 60.1676618),24.9607704,60.1676618,POI
8456,Georgian Kitchen,restaurant,Point (24.9388942 60.1604658),24.9388942,60.1604658,POI
8457,Kahvila Kivi,cafe,Point (24.9362432 60.196748),24.9362432,60.196748,POI
8458,Teppanyaki,restaurant,Point (24.9337543 60.1990693),24.9337543,60.1990693,POI
8459,Mohandas Karamchand Gandhi,memorial,Point (24.9650202 60.1916897),24.9650202,60.1916897,POI
8460,Pizzala Pizza,restaurant,Point (24.9727363 60.1902669),24.9727363,60.1902669,POI
8461,Leipomomyym?l? Leipomo V?yrynen pop up,bakery,Point (24.9705108 60.1905704),24.9705108,60.1905704,POI
8462,Apollon yhteiskoulu,school,Point (24.8781125 60.2015549),24.8781125,60.2015549,POI
8463,Lastensuojelun Keskusliiton kirjasto ja tietopalvelu,library,Point (24.9387824 60.1557423),24.9387824,60.1557423,POI
8464,,waste_basket,Point (24.9583583 60.2030374),24.9583583,60.2030374,POI
8465,,waste_basket,Point (24.957418 60.2072113),24.957418,60.2072113,POI
8466,Sky Hostel,hostel,Point (24.958865 60.1796113),24.958865,60.1796113,POI
8467,Hohde,beauty_shop,Point (24.9532477 60.1792874),24.9532477,60.1792874,POI
8468,InnTourist,hostel,Point (24.9588916 60.1795058),24.9588916,60.1795058,POI
8469,Indie Hair & Beauty,hairdresser,Point (24.9309715 60.1724319),24.9309715,60.1724319,POI
8470,Pizzeria ILO,restaurant,Point (24.9218886 60.1856224),24.9218886,60.1856224,POI
8471,Suomalaisen kirjallisuuden seuran SKS:n kirjasto,library,Point (24.9560258 60.1702206),24.9560258,60.1702206,POI
8472,Suomalaisen kirjallisuuden seuran SKS:n arkisto,library,Point (24.9563284 60.170242),24.9563284,60.170242,POI
8473,Suomalaisen kirjallisuuden seuran SKS:n arkiston tutkijasalit,library,Point (24.9563389 60.1702009),24.9563389,60.1702009,POI
8474,Else. Niina.,hairdresser,Point (24.9319924 60.1659492),24.9319924,60.1659492,POI
8475,Magnetic head spa,hairdresser,Point (24.947773 60.1641384),24.947773,60.1641384,POI
8476,Apotek viinibaari,bar,Point (24.9324689 60.1663647),24.9324689,60.1663647,POI
8477,Ty?v?enliikkeen kirjasto,library,Point (24.9661679 60.1851784),24.9661679,60.1851784,POI
8478,Dynastia,hairdresser,Point (24.9499372 60.1650442),24.9499372,60.1650442,POI
8479,Curly Hair Salon,hairdresser,Point (24.939265 60.1640379),24.939265,60.1640379,POI
8480,Stetson,clothes,Point (24.9397682 60.1646536),24.9397682,60.1646536,POI
8481,Bulevardi 5,clothes,Point (24.9388162 60.1650949),24.9388162,60.1650949,POI
8482,,bench,Point (24.948151 60.2039011),24.948151,60.2039011,POI
8483,,bench,Point (24.9481531 60.2039116),24.9481531,60.2039116,POI
8484,,bench,Point (24.9482394 60.2038965),24.9482394,60.2038965,POI
8485,,bench,Point (24.9482427 60.2039089),24.9482427,60.2039089,POI
8486,,bench,Point (24.9705743 60.2092883),24.9705743,60.2092883,POI
8487,,bench,Point (24.970611 60.2093197),24.970611,60.2093197,POI
8488,,bench,Point (24.970788 60.20938),24.970788,60.20938,POI
8489,,bench,Point (24.9707362 60.2093959),24.9707362,60.2093959,POI
8490,Instrumentarium,optician,Point (24.8784691 60.2057553),24.8784691,60.2057553,POI
8491,Suomalainen Kirjakauppa,bookshop,Point (24.8776503 60.2056855),24.8776503,60.2056855,POI
8492,Salon Doris,hairdresser,Point (24.9226702 60.2022325),24.9226702,60.2022325,POI
8493,Bar B?le,bar,Point (24.9255478 60.1987582),24.9255478,60.1987582,POI
8494,L?nsi-Pasilan hiusmuotoilu,hairdresser,Point (24.9252591 60.197008),24.9252591,60.197008,POI
8495,Oikeusministeri?n henkil?st?ravintola Apollo,restaurant,Point (24.9484584 60.1670736),24.9484584,60.1670736,POI
8496,Too Heavy Guests,artwork,Point (24.8984182 60.1656681),24.8984182,60.1656681,POI
8497,,bench,Point (24.9358285 60.1905787),24.9358285,60.1905787,POI
8498,,bench,Point (24.9358968 60.1905472),24.9358968,60.1905472,POI
8499,,bench,Point (24.9359202 60.1905356),24.9359202,60.1905356,POI
8500,,waste_basket,Point (24.9361351 60.1902524),24.9361351,60.1902524,POI
8501,Suomen urheiluhierojaopisto,school,Point (24.9249817 60.1964175),24.9249817,60.1964175,POI
8502,Helno,furniture_shop,Point (24.9229194 60.1735431),24.9229194,60.1735431,POI
8503,Id hair,hairdresser,Point (24.9228276 60.1736514),24.9228276,60.1736514,POI
8504,Studio 1337,hairdresser,Point (24.9226831 60.1738604),24.9226831,60.1738604,POI
8505,,vending_any,Point (24.9409136 60.1712435),24.9409136,60.1712435,POI
8506,,vending_any,Point (24.9414863 60.1712638),24.9414863,60.1712638,POI
8507,M/S Arcturus,memorial,Point (24.9817704 60.1833103),24.9817704,60.1833103,POI
8508,Takapiha bar,bar,Point (24.9787867 60.1815009),24.9787867,60.1815009,POI
8509,Boulderkeskus Kino,sports_centre,Point (24.8880092 60.1608275),24.8880092,60.1608275,POI
8510,,tourist_info,Point (24.9788925 60.1816334),24.9788925,60.1816334,POI
8511,,tourist_info,Point (24.9763568 60.1828088),24.9763568,60.1828088,POI
8512,JYSK,furniture_shop,Point (24.9478545 60.171358),24.9478545,60.171358,POI
8513,,waste_basket,Point (24.8958757 60.2177227),24.8958757,60.2177227,POI
8514,,waste_basket,Point (24.8956284 60.2179231),24.8956284,60.2179231,POI
8515,Noli Katajanokka,hotel,Point (24.9630491 60.1668572),24.9630491,60.1668572,POI
8516,P?iv?koti Kes?hein?,kindergarten,Point (24.9515164 60.2024594),24.9515164,60.2024594,POI
8517,Padel X Helsinki,pitch,Point (24.9458937 60.1943429),24.9458937,60.1943429,POI
8518,The Folks Hotel Konepaja,hotel,Point (24.9453769 60.192574),24.9453769,60.192574,POI
8519,Albina Restaurant & Wine Bar,restaurant,Point (24.9452585 60.1926599),24.9452585,60.1926599,POI
8520,Damask Parturi Kallio,hairdresser,Point (24.9592628 60.1881952),24.9592628,60.1881952,POI
8521,,tourist_info,Point (24.9245076 60.1949749),24.9245076,60.1949749,POI
8522,SameSame,restaurant,Point (24.9352997 60.1579705),24.9352997,60.1579705,POI
8523,PLATITO Hispanic Filipino Bistro & Tapas,bar,Point (24.9620267 60.1966243),24.9620267,60.1966243,POI
8524,GROOM Parturit,hairdresser,Point (24.9620566 60.1965624),24.9620566,60.1965624,POI
8525,Teatr Za,theatre,Point (24.96439 60.1987929),24.96439,60.1987929,POI
8526,Suomen somalialaisten liitto,community_centre,Point (24.964253 60.1988555),24.964253,60.1988555,POI
8527,,waste_basket,Point (24.9635786 60.1937401),24.9635786,60.1937401,POI
8528,,bench,Point (24.9635909 60.1937074),24.9635909,60.1937074,POI
8529,,bench,Point (24.963196 60.1937355),24.963196,60.1937355,POI
8530,,bench,Point (24.9632803 60.1938676),24.9632803,60.1938676,POI
8531,,bench,Point (24.9633916 60.1939378),24.9633916,60.1939378,POI
8532,,waste_basket,Point (24.9628369 60.1939244),24.9628369,60.1939244,POI
8533,,waste_basket,Point (24.963019 60.1937213),24.963019,60.1937213,POI
8534,,waste_basket,Point (24.9636417 60.1935053),24.9636417,60.1935053,POI
8535,,waste_basket,Point (24.9628824 60.1941267),24.9628824,60.1941267,POI
8536,,waste_basket,Point (24.9635856 60.1939419),24.9635856,60.1939419,POI
8537,,waste_basket,Point (24.9621674 60.1927794),24.9621674,60.1927794,POI
8538,,waste_basket,Point (24.9617603 60.1926959),24.9617603,60.1926959,POI
8539,,waste_basket,Point (24.9621635 60.1926842),24.9621635,60.1926842,POI
8540,,bench,Point (24.9621557 60.1926753),24.9621557,60.1926753,POI
8541,,bench,Point (24.9621838 60.1926837),24.9621838,60.1926837,POI
8542,Meksikon suurl?hetyst?,embassy,Point (24.9354247 60.1685606),24.9354247,60.1685606,POI
8543,Kes?kahvila Kumpu,cafe,Point (24.9575576 60.2024132),24.9575576,60.2024132,POI
8544,Geologiset kokoelmat,museum,Point (24.9573076 60.2020695),24.9573076,60.2020695,POI
8545,,bench,Point (24.9789942 60.1854336),24.9789942,60.1854336,POI
8546,,bench,Point (24.9790493 60.1854682),24.9790493,60.1854682,POI
8547,Diva's hair,hairdresser,Point (24.9567549 60.1816326),24.9567549,60.1816326,POI
8548,Eurooppasali,community_centre,Point (24.9313652 60.1672247),24.9313652,60.1672247,POI
8549,,vending_any,Point (24.9699703 60.2039202),24.9699703,60.2039202,POI
8550,,vending_any,Point (24.9699538 60.2039102),24.9699538,60.2039102,POI
8551,,waste_basket,Point (24.9663039 60.2032176),24.9663039,60.2032176,POI
8552,,waste_basket,Point (24.9665402 60.2032286),24.9665402,60.2032286,POI
8553,,camera_surveillance,Point (24.9424952 60.199323),24.9424952,60.199323,POI
8554,,camera_surveillance,Point (24.9421863 60.1996557),24.9421863,60.1996557,POI
8555,,camera_surveillance,Point (24.9420756 60.1995999),24.9420756,60.1995999,POI
8556,,camera_surveillance,Point (24.9420506 60.1992122),24.9420506,60.1992122,POI
8557,,tourist_info,Point (24.9455968 60.1887794),24.9455968,60.1887794,POI
8558,,tourist_info,Point (24.9490767 60.1844225),24.9490767,60.1844225,POI
8559,,tourist_info,Point (24.9273984 60.1955267),24.9273984,60.1955267,POI
8560,Alepa,convenience,Point (24.9028712 60.1986536),24.9028712,60.1986536,POI
8561,,waste_basket,Point (24.9224312 60.2008055),24.9224312,60.2008055,POI
8562,,waste_basket,Point (24.922109 60.2004921),24.922109,60.2004921,POI
8563,,waste_basket,Point (24.9216798 60.2010584),24.9216798,60.2010584,POI
8564,,waste_basket,Point (24.9217989 60.1988281),24.9217989,60.1988281,POI
8565,,waste_basket,Point (24.9248883 60.1998958),24.9248883,60.1998958,POI
8566,,bench,Point (24.9241749 60.2002254),24.9241749,60.2002254,POI
8567,,waste_basket,Point (24.925566 60.2016789),24.925566,60.2016789,POI
8568,,waste_basket,Point (24.9243 60.2017389),24.9243,60.2017389,POI
8569,,waste_basket,Point (24.9239001 60.2003234),24.9239001,60.2003234,POI
8570,Wiipurin korsetti,clothes,Point (24.930694 60.1710201),24.930694,60.1710201,POI
8571,Musa Parturi-Kampaamo,hairdresser,Point (24.919221 60.1599441),24.919221,60.1599441,POI
8572,KKT-keskus Arvo,clinic,Point (24.9528155 60.1807439),24.9528155,60.1807439,POI
8573,AIDA Impact Showroom,jeweller,Point (24.9375638 60.1594215),24.9375638,60.1594215,POI
8574,Alko,beverages,Point (24.917671 60.1878844),24.917671,60.1878844,POI
8575,Sushi Forest,restaurant,Point (24.9199689 60.1713914),24.9199689,60.1713914,POI
8576,B5 Black,restaurant,Point (24.9235024 60.1789836),24.9235024,60.1789836,POI
8577,Taitoliikuntakeskus,sports_centre,Point (24.9573695 60.1616894),24.9573695,60.1616894,POI
8578,Flea Second Hand,clothes,Point (24.9419711 60.1635319),24.9419711,60.1635319,POI
8579,Eduskunnan oikeusasiamiehen kanslia,courthouse,Point (24.9339707 60.1712672),24.9339707,60.1712672,POI
8580,,waste_basket,Point (24.8830346 60.207869),24.8830346,60.207869,POI
8581,,bench,Point (24.8831638 60.2077969),24.8831638,60.2077969,POI
8582,,waste_basket,Point (24.8809796 60.205222),24.8809796,60.205222,POI
8583,,bench,Point (24.8812834 60.2052801),24.8812834,60.2052801,POI
8584,,waste_basket,Point (24.8810874 60.2055094),24.8810874,60.2055094,POI
8585,Ky?sti Kallio,memorial,Point (24.9420608 60.1713174),24.9420608,60.1713174,POI
8586,Buldent,dentist,Point (24.936013 60.164254),24.936013,60.164254,POI
8587,Lounasravintola Antell Allergiatalo,restaurant,Point (24.8941343 60.1939648),24.8941343,60.1939648,POI
8588,Kirkuk,restaurant,Point (24.8863892 60.1506842),24.8863892,60.1506842,POI
8589,,bench,Point (24.9572211 60.1865283),24.9572211,60.1865283,POI
8590,Padel Messukeskus,sports_centre,Point (24.9339876 60.2035434),24.9339876,60.2035434,POI
8591,K?Pa Campus,sports_centre,Point (24.9531408 60.1994606),24.9531408,60.1994606,POI
8592,Kallion pesula,laundry,Point (24.9576047 60.1867209),24.9576047,60.1867209,POI
8593,Kirjaston esteet?n wc,toilet,Point (24.9622572 60.2052036),24.9622572,60.2052036,POI
8594,,bench,Point (24.9644236 60.1859516),24.9644236,60.1859516,POI
8595,,vending_parking,Point (24.9358624 60.2045234),24.9358624,60.2045234,POI
8596,Tunisian suurl?hetyst?,embassy,Point (24.9598115 60.1718549),24.9598115,60.1718549,POI
8597,Fazer Cafe Lauttasaari,cafe,Point (24.881124 60.1605526),24.881124,60.1605526,POI
8598,XXL,sports_shop,Point (24.9778999 60.1872646),24.9778999,60.1872646,POI
8599,Islannin suurl?hetyst?,embassy,Point (24.9480656 60.1680048),24.9480656,60.1680048,POI
8600,Helsingin aikuisopisto,college,Point (24.9218447 60.1736229),24.9218447,60.1736229,POI
8601,Marokon suurl?hetyst?,embassy,Point (24.9493429 60.1657642),24.9493429,60.1657642,POI
8602,Korean tasavallan suurl?hetyst?,embassy,Point (24.9509521 60.1655514),24.9509521,60.1655514,POI
8603,Mycelium,artwork,Point (24.898471 60.2008945),24.898471,60.2008945,POI
8604,Hiushuone Crinis,hairdresser,Point (24.9790331 60.1821022),24.9790331,60.1821022,POI
8605,Sveitsin suurl?hetyst?,embassy,Point (24.9605671 60.1582308),24.9605671,60.1582308,POI
8606,Brasserie Grand,restaurant,Point (24.942269 60.1720725),24.942269,60.1720725,POI
8607,Leikkipuisto Arabia,playground,Point (24.9766256 60.2041449),24.9766256,60.2041449,POI
8608,Biokustannus oy,bookshop,Point (24.9093883 60.1927913),24.9093883,60.1927913,POI
8609,"T?l? svenska samskola, Villa Ulf?sa, 1933-1978",memorial,Point (24.9107921 60.1838451),24.9107921,60.1838451,POI
8610,,waste_basket,Point (24.9672815 60.2157597),24.9672815,60.2157597,POI
8611,,waste_basket,Point (24.9628769 60.2145835),24.9628769,60.2145835,POI
8612,,bench,Point (24.886277 60.2066337),24.886277,60.2066337,POI
8613,,bench,Point (24.8862041 60.2066293),24.8862041,60.2066293,POI
8614,Vihannesp?rssi,greengrocer,Point (24.9748234 60.1925229),24.9748234,60.1925229,POI
8615,R??RI-lajitteluhuone,recycling,Point (24.9164428 60.156005),24.9164428,60.156005,POI
8616,,bench,Point (24.8837964 60.151221),24.8837964,60.151221,POI
8617,,waste_basket,Point (24.9216784 60.1622351),24.9216784,60.1622351,POI
8618,,camera_surveillance,Point (24.9559797 60.1891906),24.9559797,60.1891906,POI
8619,,camera_surveillance,Point (24.9559783 60.1891674),24.9559783,60.1891674,POI
8620,,camera_surveillance,Point (24.9565686 60.1903592),24.9565686,60.1903592,POI
8621,,camera_surveillance,Point (24.9560643 60.1892425),24.9560643,60.1892425,POI
8622,,camera_surveillance,Point (24.9560932 60.1892431),24.9560932,60.1892431,POI
8623,P?iv?koti Kallio,kindergarten,Point (24.9564711 60.1811682),24.9564711,60.1811682,POI
8624,,camera_surveillance,Point (24.9567212 60.1903579),24.9567212,60.1903579,POI
8625,,camera_surveillance,Point (24.9567128 60.1903526),24.9567128,60.1903526,POI
8626,Suomen itsen?isyyden veteraanitammi,memorial,Point (24.9350008 60.1757405),24.9350008,60.1757405,POI
8627,,camera_surveillance,Point (24.9559652 60.1887786),24.9559652,60.1887786,POI
8628,,bench,Point (24.9774394 60.2119894),24.9774394,60.2119894,POI
8629,Casa Haga,cafe,Point (24.8933323 60.2178085),24.8933323,60.2178085,POI
8630,Erottajan aukio,bicycle_rental,Point (24.9444281 60.1669966),24.9444281,60.1669966,POI
8631,,waste_basket,Point (24.9573331 60.1926878),24.9573331,60.1926878,POI
8632,,waste_basket,Point (24.9577414 60.1924853),24.9577414,60.1924853,POI
8633,,waste_basket,Point (24.9577175 60.1923599),24.9577175,60.1923599,POI
8634,,waste_basket,Point (24.9575449 60.1917564),24.9575449,60.1917564,POI
8635,,waste_basket,Point (24.9578586 60.1917959),24.9578586,60.1917959,POI
8636,,waste_basket,Point (24.9573885 60.1921714),24.9573885,60.1921714,POI
8637,Fazer Caf¨¦ Kaisaniemi,cafe,Point (24.9477235 60.172282),24.9477235,60.172282,POI
8638,,bench,Point (24.9670318 60.191672),24.9670318,60.191672,POI
8639,,bench,Point (24.9670371 60.1916865),24.9670371,60.1916865,POI
8640,,bench,Point (24.9670426 60.1917017),24.9670426,60.1917017,POI
8641,,bench,Point (24.9670471 60.1917143),24.9670471,60.1917143,POI
8642,,bench,Point (24.967263 60.1917095),24.967263,60.1917095,POI
8643,,waste_basket,Point (24.9669274 60.1916548),24.9669274,60.1916548,POI
8644,,waste_basket,Point (24.9617014 60.1943396),24.9617014,60.1943396,POI
8645,,bench,Point (24.9616594 60.1945148),24.9616594,60.1945148,POI
8646,,bench,Point (24.9614383 60.194627),24.9614383,60.194627,POI
8647,,waste_basket,Point (24.9614881 60.1945999),24.9614881,60.1945999,POI
8648,,bench,Point (24.9611892 60.1947477),24.9611892,60.1947477,POI
8649,,waste_basket,Point (24.9611495 60.1947667),24.9611495,60.1947667,POI
8650,,bench,Point (24.961011 60.194839),24.961011,60.194839,POI
8651,,waste_basket,Point (24.9605781 60.1951423),24.9605781,60.1951423,POI
8652,,waste_basket,Point (24.9605183 60.1949376),24.9605183,60.1949376,POI
8653,,waste_basket,Point (24.9551716 60.19392),24.9551716,60.19392,POI
8654,,waste_basket,Point (24.9549643 60.1939917),24.9549643,60.1939917,POI
8655,,waste_basket,Point (24.9550581 60.1940535),24.9550581,60.1940535,POI
8656,,bench,Point (24.9547731 60.1941047),24.9547731,60.1941047,POI
8657,,bench,Point (24.9548235 60.1941267),24.9548235,60.1941267,POI
8658,,waste_basket,Point (24.954844 60.1941198),24.954844,60.1941198,POI
8659,,waste_basket,Point (24.9616377 60.1938687),24.9616377,60.1938687,POI
8660,,waste_basket,Point (24.9610137 60.1938589),24.9610137,60.1938589,POI
8661,,bench,Point (24.9609182 60.1937246),24.9609182,60.1937246,POI
8662,,bench,Point (24.9611266 60.1936339),24.9611266,60.1936339,POI
8663,,waste_basket,Point (24.9613534 60.1937235),24.9613534,60.1937235,POI
8664,Flamingos,artwork,Point (24.9822375 60.1866068),24.9822375,60.1866068,POI
8665,Keksitty menneisyys,artwork,Point (24.9805548 60.186456),24.9805548,60.186456,POI
8666,,bench,Point (24.9575301 60.1955397),24.9575301,60.1955397,POI
8667,,bench,Point (24.9578967 60.1956422),24.9578967,60.1956422,POI
8668,Relove Stockmann,clothes,Point (24.9425388 60.1680776),24.9425388,60.1680776,POI
8669,Relove Caf¨¦ Stockmann,cafe,Point (24.9425303 60.1679986),24.9425303,60.1679986,POI
8670,,comms_tower,Point (24.8714041 60.213825),24.8714041,60.213825,POI
8671,Subway,fast_food,Point (24.8757186 60.2149346),24.8757186,60.2149346,POI
8672,Ravintola Sitrus,restaurant,Point (24.8737007 60.2141609),24.8737007,60.2141609,POI
8673,,tourist_info,Point (24.9104396 60.2017602),24.9104396,60.2017602,POI
8674,Royal Line,travel_agent,Point (24.9597902 60.1709443),24.9597902,60.1709443,POI
8675,PBI Research Institute,school,Point (24.9588285 60.1705333),24.9588285,60.1705333,POI
8676,JR,beauty_shop,Point (24.9588459 60.1710953),24.9588459,60.1710953,POI
8677,Teatterin tiedostuskeskus TINFO,arts_centre,Point (24.9606246 60.1733161),24.9606246,60.1733161,POI
8678,Saint Vacant,shoe_shop,Point (24.9596154 60.1716247),24.9596154,60.1716247,POI
8679,Sara H,beauty_shop,Point (24.9587018 60.1714606),24.9587018,60.1714606,POI
8680,Miss Sushi,restaurant,Point (24.9587112 60.1713232),24.9587112,60.1713232,POI
8681,Caf¨¦ de la Gare,cafe,Point (24.8950774 60.2172123),24.8950774,60.2172123,POI
8682,,camera_surveillance,Point (24.9583316 60.190485),24.9583316,60.190485,POI
8683,,camera_surveillance,Point (24.9606814 60.190413),24.9606814,60.190413,POI
8684,,camera_surveillance,Point (24.9573246 60.1908348),24.9573246,60.1908348,POI
8685,,camera_surveillance,Point (24.9606319 60.1900814),24.9606319,60.1900814,POI
8686,,camera_surveillance,Point (24.9601874 60.190146),24.9601874,60.190146,POI
8687,,camera_surveillance,Point (24.9599048 60.1903006),24.9599048,60.1903006,POI
8688,,camera_surveillance,Point (24.9579695 60.1909966),24.9579695,60.1909966,POI
8689,,camera_surveillance,Point (24.9573901 60.190896),24.9573901,60.190896,POI
8690,,camera_surveillance,Point (24.9581932 60.191037),24.9581932,60.191037,POI
8691,,camera_surveillance,Point (24.9617203 60.1886879),24.9617203,60.1886879,POI
8692,,camera_surveillance,Point (24.9589642 60.1911851),24.9589642,60.1911851,POI
8693,,camera_surveillance,Point (24.9612585 60.1905832),24.9612585,60.1905832,POI
8694,,camera_surveillance,Point (24.9311403 60.1740681),24.9311403,60.1740681,POI
8695,,camera_surveillance,Point (24.9575444 60.1905775),24.9575444,60.1905775,POI
8696,,camera_surveillance,Point (24.9588032 60.1904284),24.9588032,60.1904284,POI
8697,,camera_surveillance,Point (24.9590565 60.1903012),24.9590565,60.1903012,POI
8698,,camera_surveillance,Point (24.9612816 60.1906299),24.9612816,60.1906299,POI
8699,,camera_surveillance,Point (24.9590034 60.191208),24.9590034,60.191208,POI
8700,,camera_surveillance,Point (24.9613016 60.1906911),24.9613016,60.1906911,POI
8701,,camera_surveillance,Point (24.9606578 60.1904137),24.9606578,60.1904137,POI
8702,,camera_surveillance,Point (24.9589895 60.1911899),24.9589895,60.1911899,POI
8703,,camera_surveillance,Point (24.9613023 60.1906969),24.9613023,60.1906969,POI
8704,,camera_surveillance,Point (24.9617352 60.1886835),24.9617352,60.1886835,POI
8705,,camera_surveillance,Point (24.9587106 60.1911452),24.9587106,60.1911452,POI
8706,,camera_surveillance,Point (24.9612079 60.1908011),24.9612079,60.1908011,POI
8707,,camera_surveillance,Point (24.9624945 60.1890682),24.9624945,60.1890682,POI
8708,,camera_surveillance,Point (24.9605254 60.1883523),24.9605254,60.1883523,POI
8709,,camera_surveillance,Point (24.9581662 60.1910315),24.9581662,60.1910315,POI
8710,,camera_surveillance,Point (24.9625469 60.1890878),24.9625469,60.1890878,POI
8711,,camera_surveillance,Point (24.9610025 60.1902825),24.9610025,60.1902825,POI
8712,,camera_surveillance,Point (24.9613031 60.1906827),24.9613031,60.1906827,POI
8713,,camera_surveillance,Point (24.9608523 60.1885001),24.9608523,60.1885001,POI
8714,,camera_surveillance,Point (24.9609824 60.1900258),24.9609824,60.1900258,POI
8715,,camera_surveillance,Point (24.9604918 60.1914995),24.9604918,60.1914995,POI
8716,,camera_surveillance,Point (24.9586631 60.1903947),24.9586631,60.1903947,POI
8717,Camer,camera_surveillance,Point (24.9612869 60.1906869),24.9612869,60.1906869,POI
8718,,camera_surveillance,Point (24.9573175 60.1908238),24.9573175,60.1908238,POI
8719,,camera_surveillance,Point (24.9609151 60.1910921),24.9609151,60.1910921,POI
8720,,camera_surveillance,Point (24.9573483 60.1908431),24.9573483,60.1908431,POI
8721,,camera_surveillance,Point (24.960676 60.1913271),24.960676,60.1913271,POI
8722,,camera_surveillance,Point (24.9605855 60.1913682),24.9605855,60.1913682,POI
8723,,camera_surveillance,Point (24.9604567 60.1915087),24.9604567,60.1915087,POI
8724,AtQueen¡¯s,beauty_shop,Point (24.9592989 60.1732747),24.9592989,60.1732747,POI
8725,KiKu 86,restaurant,Point (24.9591646 60.1732705),24.9591646,60.1732705,POI
8726,Creative L.A.B kauneusstudio,beauty_shop,Point (24.9652839 60.1888951),24.9652839,60.1888951,POI
8727,Hius- ja kauneusstudio Beauty Image,beauty_shop,Point (24.9653196 60.1888888),24.9653196,60.1888888,POI
8728,Beat,hairdresser,Point (24.9654246 60.1888773),24.9654246,60.1888773,POI
8729,Kynsistudio flo,beauty_shop,Point (24.9656246 60.1888428),24.9656246,60.1888428,POI
8730,Olohuone,arts_centre,Point (24.9647716 60.1881509),24.9647716,60.1881509,POI
8731,Pocha,restaurant,Point (24.9653068 60.1880826),24.9653068,60.1880826,POI
8732,PC Systems Finland,computer_shop,Point (24.9658657 60.188799),24.9658657,60.188799,POI
8733,Niinax,hairdresser,Point (24.9579366 60.1743168),24.9579366,60.1743168,POI
8734,NoLi Studios S?rn?inen,hotel,Point (24.9637632 60.1880061),24.9637632,60.1880061,POI
8735,Kurvi hair premiere,hairdresser,Point (24.9650236 60.1883355),24.9650236,60.1883355,POI
8736,Fast Food Dakar,restaurant,Point (24.9649018 60.1883507),24.9649018,60.1883507,POI
8737,Momento,hairdresser,Point (24.9592482 60.1743773),24.9592482,60.1743773,POI
8738,Corretto,cafe,Point (24.9593382 60.1743769),24.9593382,60.1743769,POI
8739,,hairdresser,Point (24.9585935 60.1721572),24.9585935,60.1721572,POI
8740,,hairdresser,Point (24.9585998 60.1721),24.9585998,60.1721,POI
8741,Rani Mahal,restaurant,Point (24.9647843 60.1883709),24.9647843,60.1883709,POI
8742,Supear Sushi Sandwich,restaurant,Point (24.9646985 60.1883782),24.9646985,60.1883782,POI
8743,N4KU,restaurant,Point (24.9645971 60.188395),24.9645971,60.188395,POI
8744,The Bull & The Firm,restaurant,Point (24.9642837 60.1884324),24.9642837,60.1884324,POI
8745,Haircut room,hairdresser,Point (24.9616695 60.186744),24.9616695,60.186744,POI
8746,Julia Nails,beauty_shop,Point (24.961669 60.1867134),24.961669,60.1867134,POI
8747,Room parturi & kampaamo,hairdresser,Point (24.9616013 60.1864261),24.9616013,60.1864261,POI
8748,Sweet Dream guest house,hotel,Point (24.9615801 60.1863342),24.9615801,60.1863342,POI
8749,PronTo,restaurant,Point (24.9615587 60.1862404),24.9615587,60.1862404,POI
8750,Sivuraide Kurvi,restaurant,Point (24.9641432 60.1887391),24.9641432,60.1887391,POI
8751,Bar Flagon,bar,Point (24.9644246 60.1874401),24.9644246,60.1874401,POI
8752,Vilhovuoren Parturi-Kampaamo,hairdresser,Point (24.9646809 60.1873635),24.9646809,60.1873635,POI
8753,Mizore,restaurant,Point (24.965043 60.1872486),24.965043,60.1872486,POI
8754,Cafe Ilo,restaurant,Point (24.9652647 60.1871428),24.9652647,60.1871428,POI
8755,Kuuttila bar,bar,Point (24.9653172 60.1870199),24.9653172,60.1870199,POI
8756,Elonpy?r?,bookshop,Point (24.9645472 60.1870465),24.9645472,60.1870465,POI
8757,Boa & Bim,cafe,Point (24.9620043 60.1861049),24.9620043,60.1861049,POI
8758,A+ Driving School,school,Point (24.9621051 60.1860814),24.9621051,60.1860814,POI
8759,Adalia Salon,beauty_shop,Point (24.9624275 60.1860162),24.9624275,60.1860162,POI
8760,Nax parturi kampaamo,hairdresser,Point (24.9624998 60.1859911),24.9624998,60.1859911,POI
8761,William K. Kurvi,bar,Point (24.9613184 60.187448),24.9613184,60.187448,POI
8762,Efes,pub,Point (24.961081 60.1874796),24.961081,60.1874796,POI
8763,Kukkakauppa Lutukka,florist,Point (24.9608146 60.1874668),24.9608146,60.1874668,POI
8764,S?rk?n Pippuri,fast_food,Point (24.9605561 60.1874586),24.9605561,60.1874586,POI
8765,Ravintola K?enpes?,restaurant,Point (24.9624163 60.1857462),24.9624163,60.1857462,POI
8766,,tourist_info,Point (24.9636578 60.1855093),24.9636578,60.1855093,POI
8767,Minnies salonki,beauty_shop,Point (24.9632326 60.189077),24.9632326,60.189077,POI
8768,Kinaporin seniorikeskus,clinic,Point (24.9618955 60.1886497),24.9618955,60.1886497,POI
8769,Naomi hair salon,hairdresser,Point (24.9613112 60.1884151),24.9613112,60.1884151,POI
8770,Ekohius ekokampaamo,hairdresser,Point (24.9609654 60.1881965),24.9609654,60.1881965,POI
8771,Kampaamo,hairdresser,Point (24.9629741 60.1881582),24.9629741,60.1881582,POI
8772,?sh?jdens f?rskola,kindergarten,Point (24.9646222 60.1852468),24.9646222,60.1852468,POI
8773,Super Touch,beauty_shop,Point (24.9609107 60.1848645),24.9609107,60.1848645,POI
8774,Kinaporin seniorikeskus,clinic,Point (24.9624086 60.1889552),24.9624086,60.1889552,POI
8775,Savate Club,sports_shop,Point (24.9615827 60.1878632),24.9615827,60.1878632,POI
8776,Ravintola Ahjo,restaurant,Point (24.9726937 60.2055125),24.9726937,60.2055125,POI
8777,Hood,clothes,Point (24.9489323 60.1823678),24.9489323,60.1823678,POI
8778,Tmi. Mervi huttunen,beauty_shop,Point (24.9482262 60.1826988),24.9482262,60.1826988,POI
8779,Parturi,hairdresser,Point (24.9477228 60.1828402),24.9477228,60.1828402,POI
8780,Kauneushoitola Ad Gloriam,beauty_shop,Point (24.9471064 60.1825394),24.9471064,60.1825394,POI
8781,Annikanails,beauty_shop,Point (24.9468715 60.1823177),24.9468715,60.1823177,POI
8782,Di Donna,clothes,Point (24.947634 60.1820241),24.947634,60.1820241,POI
8783,Satuhammas,dentist,Point (24.9459887 60.1777481),24.9459887,60.1777481,POI
8784,,bench,Point (24.8937469 60.207175),24.8937469,60.207175,POI
8785,,bench,Point (24.8935564 60.2070884),24.8935564,60.2070884,POI
8786,Dylan,restaurant,Point (24.9406321 60.1839047),24.9406321,60.1839047,POI
8787,Hat Workshop,clothes,Point (24.9374738 60.1593867),24.9374738,60.1593867,POI
8788,The One Table,hairdresser,Point (24.9367687 60.159727),24.9367687,60.159727,POI
8789,P?iv?koti Katajanokka,kindergarten,Point (24.9667518 60.166955),24.9667518,60.166955,POI
8790,,tourist_info,Point (24.9574331 60.1858383),24.9574331,60.1858383,POI
8791,Alko,beverages,Point (24.9329203 60.1694314),24.9329203,60.1694314,POI
8792,Middle Eastern Streetfood,restaurant,Point (24.9242212 60.1799563),24.9242212,60.1799563,POI
8793,Europcar,car_rental,Point (24.929495 60.1772368),24.929495,60.1772368,POI
8794,Mecco,clothes,Point (24.9303292 60.1765743),24.9303292,60.1765743,POI
8795,Saimaan Taideluola,arts_centre,Point (24.9305859 60.1763529),24.9305859,60.1763529,POI
8796,Haagan autokoulu,school,Point (24.9244535 60.1793895),24.9244535,60.1793895,POI
8797,Scorpio Barbers,hairdresser,Point (24.9245048 60.1793855),24.9245048,60.1793855,POI
8798,TM beauty,beauty_shop,Point (24.9248357 60.1793623),24.9248357,60.1793623,POI
8799,TiGO,hairdresser,Point (24.925263 60.179551),24.925263,60.179551,POI
8800,Salon Casanova,hairdresser,Point (24.9252112 60.179614),24.9252112,60.179614,POI
8801,Salon Hesperus,hairdresser,Point (24.9305418 60.1762694),24.9305418,60.1762694,POI
8802,Sininen taivas spa,beauty_shop,Point (24.9303606 60.1762258),24.9303606,60.1762258,POI
8803,Russian Expert,travel_agent,Point (24.9297456 60.1761159),24.9297456,60.1761159,POI
8804,Paasi optiikka,optician,Point (24.9490531 60.178439),24.9490531,60.178439,POI
8805,Felicite,beauty_shop,Point (24.9529708 60.1863418),24.9529708,60.1863418,POI
8806,Gem.,clothes,Point (24.9529952 60.1863156),24.9529952,60.1863156,POI
8807,Bar 10,bar,Point (24.9530221 60.1857189),24.9530221,60.1857189,POI
8808,Green Hippo,restaurant,Point (24.9527182 60.1856509),24.9527182,60.1856509,POI
8809,"Kallio Stage, Aalto-yliopisto",university,Point (24.9575012 60.1842123),24.9575012,60.1842123,POI
8810,Xarif Shop,clothes,Point (24.9596738 60.1845208),24.9596738,60.1845208,POI
8811,Bro Barber Shop,hairdresser,Point (24.9594866 60.1843693),24.9594866,60.1843693,POI
8812,Segreto,restaurant,Point (24.9516584 60.1858873),24.9516584,60.1858873,POI
8813,Kallion klipoteekki,hairdresser,Point (24.9516419 60.1863692),24.9516419,60.1863692,POI
8814,Taidemesta P??sky,arts_centre,Point (24.9682415 60.1884207),24.9682415,60.1884207,POI
8815,Indian Express,restaurant,Point (24.9593623 60.184284),24.9593623,60.184284,POI
8816,Posti 00531 postilokerot,post_office,Point (24.9488644 60.1794068),24.9488644,60.1794068,POI
8817,K-Market,convenience,Point (24.9495355 60.1794399),24.9495355,60.1794399,POI
8818,Kampamo Maa,hairdresser,Point (24.9584131 60.1736911),24.9584131,60.1736911,POI
8819,S. Beauty,beauty_shop,Point (24.9490482 60.178606),24.9490482,60.178606,POI
8820,Sothys,beauty_shop,Point (24.9478818 60.1723576),24.9478818,60.1723576,POI
8821,Nippon sport,clothes,Point (24.9478955 60.1724141),24.9478955,60.1724141,POI
8822,L-beaty,beauty_shop,Point (24.9479726 60.1724835),24.9479726,60.1724835,POI
8823,OneWay,cafe,Point (24.9482849 60.1727743),24.9482849,60.1727743,POI
8824,soulmate,clothes,Point (24.9209523 60.1726729),24.9209523,60.1726729,POI
8825,K-Market,convenience,Point (24.9212961 60.1752201),24.9212961,60.1752201,POI
8826,Pestone yhti?t,doityourself,Point (24.9207371 60.1752817),24.9207371,60.1752817,POI
8827,Kampaamo Elsi,hairdresser,Point (24.9202495 60.175239),24.9202495,60.175239,POI
8828,Buongiorno,cafe,Point (24.9192414 60.1751384),24.9192414,60.1751384,POI
8829,Lashes by Lotta Karoliina Kangas,beauty_shop,Point (24.9190822 60.175127),24.9190822,60.175127,POI
8830,Alexastudio,beauty_shop,Point (24.9189132 60.1751115),24.9189132,60.1751115,POI
8831,Felicita Kauneus Galleria,beauty_shop,Point (24.9189897 60.1747338),24.9189897,60.1747338,POI
8832,alonia,hairdresser,Point (24.9191153 60.1745102),24.9191153,60.1745102,POI
8833,hair station,hairdresser,Point (24.9191679 60.1744371),24.9191679,60.1744371,POI
8834,T??l?n jalkahoitola,beauty_shop,Point (24.919407 60.1740391),24.919407,60.1740391,POI
8835,Beauty Salon Leyla,beauty_shop,Point (24.9194573 60.1740093),24.9194573,60.1740093,POI
8836,Ruuhka,bar,Point (24.9585671 60.1836906),24.9585671,60.1836906,POI
8837,Fennica Comics,bookshop,Point (24.9584379 60.183588),24.9584379,60.183588,POI
8838,Ompelimo Amer,clothes,Point (24.9195899 60.1740297),24.9195899,60.1740297,POI
8839,Salon Marylou T??l?,beauty_shop,Point (24.9197702 60.1741393),24.9197702,60.1741393,POI
8840,Janeli kauneuspalvelut,beauty_shop,Point (24.9211285 60.1749629),24.9211285,60.1749629,POI
8841,R??kki clothing,clothes,Point (24.9212441 60.1716592),24.9212441,60.1716592,POI
8842,Almost New,clothes,Point (24.9580082 60.1832906),24.9580082,60.1832906,POI
8843,Flash Lash,beauty_shop,Point (24.9578054 60.1831928),24.9578054,60.1831928,POI
8844,Mustan Kanin Kolo,bookshop,Point (24.9530044 60.1859428),24.9530044,60.1859428,POI
8845,Cafelito,cafe,Point (24.9572006 60.1829122),24.9572006,60.1829122,POI
8846,Rosebud,bookshop,Point (24.9566269 60.1731962),24.9566269,60.1731962,POI
8847,Hius studio,hairdresser,Point (24.9566804 60.1726285),24.9566804,60.1726285,POI
8848,Purple,beauty_shop,Point (24.9204924 60.1718935),24.9204924,60.1718935,POI
8849,Evergreen,hairdresser,Point (24.920188 60.1724579),24.920188,60.1724579,POI
8850,Aino klinikka,clinic,Point (24.9200524 60.1726989),24.9200524,60.1726989,POI
8851,Jalkahoitola,beauty_shop,Point (24.9566934 60.1725869),24.9566934,60.1725869,POI
8852,Noodle Master,restaurant,Point (24.9331465 60.1663502),24.9331465,60.1663502,POI
8853,Hieromus,beauty_shop,Point (24.9263788 60.1713508),24.9263788,60.1713508,POI
8854,Salon KasliK,hairdresser,Point (24.9258708 60.1713634),24.9258708,60.1713634,POI
8855,Hills Dumplings,restaurant,Point (24.9361062 60.1667825),24.9361062,60.1667825,POI
8856,Cityhair,hairdresser,Point (24.9348488 60.1669477),24.9348488,60.1669477,POI
8857,MiMi Beauty Nails,beauty_shop,Point (24.934925 60.1669709),24.934925,60.1669709,POI
8858,JT-Line,travel_agent,Point (24.957269 60.172475),24.957269,60.172475,POI
8859,Pastelaria Brasil Coffee&Bakery,cafe,Point (24.9509561 60.1741312),24.9509561,60.1741312,POI
8860,Tyypit,jeweller,Point (24.9350969 60.1670301),24.9350969,60.1670301,POI
8861,Elina hair,hairdresser,Point (24.9351361 60.1670467),24.9351361,60.1670467,POI
8862,my bohemy,hairdresser,Point (24.9352368 60.167088),24.9352368,60.167088,POI
8863,Sari Kaurahalme,hairdresser,Point (24.9354814 60.1671725),24.9354814,60.1671725,POI
8864,Seraphin¨¦,jeweller,Point (24.935539 60.1671855),24.935539,60.1671855,POI
8865,Interflora,florist,Point (24.9358702 60.167293),24.9358702,60.167293,POI
8866,Namina Wellness Spa,beauty_shop,Point (24.9341427 60.1665221),24.9341427,60.1665221,POI
8867,Parturi-Kampaamo Dolcis,hairdresser,Point (24.9511943 60.1741443),24.9511943,60.1741443,POI
8868,Arbetets v?nners daghem,kindergarten,Point (24.9361132 60.167248),24.9361132,60.167248,POI
8869,I Love Beards,hairdresser,Point (24.9363115 60.1671707),24.9363115,60.1671707,POI
8870,BB7 beautybox,hairdresser,Point (24.9595253 60.1884101),24.9595253,60.1884101,POI
8871,Harjun Huone Bar & Lounge,pub,Point (24.9593024 60.1884128),24.9593024,60.1884128,POI
8872,KaunisHius Heleena,hairdresser,Point (24.9591081 60.1884191),24.9591081,60.1884191,POI
8873,Cafe Pequeno,cafe,Point (24.9586326 60.1884528),24.9586326,60.1884528,POI
8874,Hiushuone Dandy,hairdresser,Point (24.9584927 60.1884604),24.9584927,60.1884604,POI
8875,WS.Salon,hairdresser,Point (24.9627538 60.1675804),24.9627538,60.1675804,POI
8876,Nordic Investment Bank,bank,Point (24.9488108 60.1719659),24.9488108,60.1719659,POI
8877,Salon Camu,beauty_shop,Point (24.9594838 60.185869),24.9594838,60.185869,POI
8878,The Little English Kindergarten,kindergarten,Point (24.9594937 60.1855213),24.9594937,60.1855213,POI
8879,Studio Micas,beauty_shop,Point (24.9593628 60.1849191),24.9593628,60.1849191,POI
8880,Almary Kauneushoitola,beauty_shop,Point (24.9596337 60.1848336),24.9596337,60.1848336,POI
8881,,tourist_info,Point (24.9543554 60.1981783),24.9543554,60.1981783,POI
8882,,tourist_info,Point (24.9548147 60.1981957),24.9548147,60.1981957,POI
8883,,tourist_info,Point (24.9568788 60.1961896),24.9568788,60.1961896,POI
8884,Syv?sen kukka,florist,Point (24.9528291 60.1828756),24.9528291,60.1828756,POI
8885,Streetbeat,clothes,Point (24.9525708 60.1827038),24.9525708,60.1827038,POI
8886,,tourist_info,Point (24.9590862 60.1830293),24.9590862,60.1830293,POI
8887,Studioysi,hairdresser,Point (24.9608503 60.1859575),24.9608503,60.1859575,POI
8888,,tourist_info,Point (24.9610478 60.1828094),24.9610478,60.1828094,POI
8889,Reitzin s??ti?n kokoelmat,museum,Point (24.9231879 60.1762007),24.9231879,60.1762007,POI
8890,Gateau,bakery,Point (24.9527618 60.1833233),24.9527618,60.1833233,POI
8891,Igorin koru,jeweller,Point (24.9512043 60.1839276),24.9512043,60.1839276,POI
8892,Sannan parturi,hairdresser,Point (24.9538712 60.1833295),24.9538712,60.1833295,POI
8893,Welovehair,hairdresser,Point (24.9271948 60.1764262),24.9271948,60.1764262,POI
8894,Cubanska,restaurant,Point (24.9271289 60.1765776),24.9271289,60.1765776,POI
8895,MarinaBay Helsinki,restaurant,Point (24.963436 60.1690929),24.963436,60.1690929,POI
8896,Queen Station,clothes,Point (24.929993 60.1710461),24.929993,60.1710461,POI
8897,Za Za,beauty_shop,Point (24.9298779 60.1710605),24.9298779,60.1710605,POI
8898,Vanessa,hairdresser,Point (24.9298151 60.1710606),24.9298151,60.1710606,POI
8899,Lumianna,beauty_shop,Point (24.9296757 60.17106),24.9296757,60.17106,POI
8900,Flying Cinema,cinema,Point (24.9582393 60.1675612),24.9582393,60.1675612,POI
8901,Kupla,hairdresser,Point (24.9383481 60.1594618),24.9383481,60.1594618,POI
8902,,tourist_info,Point (24.9405212 60.1846749),24.9405212,60.1846749,POI
8903,Suomen Diakoniaopisto,school,Point (24.9405309 60.18472),24.9405309,60.18472,POI
8904,SKY-Opisto,school,Point (24.9405689 60.1847364),24.9405689,60.1847364,POI
8905,,tourist_info,Point (24.9401336 60.18476),24.9401336,60.18476,POI
8906,Helsingin urheilul??k?riasema,clinic,Point (24.9397258 60.1847844),24.9397258,60.1847844,POI
8907,Mondo,hairdresser,Point (24.9298949 60.1706304),24.9298949,60.1706304,POI
8908,Profile,beauty_shop,Point (24.9299575 60.1706486),24.9299575,60.1706486,POI
8909,Lovebirds,clothes,Point (24.9301162 60.1707005),24.9301162,60.1707005,POI
8910,Majakkalaiva Relandersgrund,restaurant,Point (24.9589714 60.169402),24.9589714,60.169402,POI
8911,,tourist_info,Point (24.9537013 60.1819831),24.9537013,60.1819831,POI
8912,,tourist_info,Point (24.9530514 60.1822254),24.9530514,60.1822254,POI
8913,Cafe Avec Kallio,cafe,Point (24.9528809 60.1823256),24.9528809,60.1823256,POI
8914,Tassumafia,clothes,Point (24.9523932 60.182596),24.9523932,60.182596,POI
8915,Hiuspiste Helsinki,hairdresser,Point (24.9564164 60.1825047),24.9564164,60.1825047,POI
8916,TJJS Kamppailuvaruste Oy,sports_shop,Point (24.9554354 60.1826219),24.9554354,60.1826219,POI
8917,Bricco,bar,Point (24.9396204 60.1677695),24.9396204,60.1677695,POI
8918,The Old Irish Pub,bar,Point (24.9405524 60.1680898),24.9405524,60.1680898,POI
8919,Mann's Street Gay Karaoke Bar,bar,Point (24.9409258 60.1678381),24.9409258,60.1678381,POI
8920,Marski by Scandic,hotel,Point (24.9412015 60.1676464),24.9412015,60.1676464,POI
8921,Kuusi palaa,restaurant,Point (24.9413596 60.1675686),24.9413596,60.1675686,POI
8922,Kahvila 7:01,cafe,Point (24.9413901 60.1675543),24.9413901,60.1675543,POI
8923,K?pyl?n kirjaston asiakas WC,toilet,Point (24.9471378 60.210884),24.9471378,60.210884,POI
8924,Tove Janssonin puiston yleis?vessa,toilet,Point (24.9617084 60.1676266),24.9617084,60.1676266,POI
8925,Station mir,arts_centre,Point (24.9569321 60.1748299),24.9569321,60.1748299,POI
8926,Finn-Rent autovuokraus,car_rental,Point (24.9593951 60.175587),24.9593951,60.175587,POI
8927,El?intarhan skeittipuiston yleis?vessa,toilet,Point (24.9287405 60.1914968),24.9287405,60.1914968,POI
8928,Sturenkadun yleis?vessa,toilet,Point (24.9416918 60.1862063),24.9416918,60.1862063,POI
8929,Sibeliuksen puiston yleis?vessa,toilet,Point (24.9150219 60.1833305),24.9150219,60.1833305,POI
8930,Matti Heleniuksen puiston yleis?vessa,toilet,Point (24.9534819 60.1838146),24.9534819,60.1838146,POI
8931,,waste_basket,Point (24.9254293 60.2000632),24.9254293,60.2000632,POI
8932,Pertin Valinta,gift_shop,Point (24.9543088 60.1788539),24.9543088,60.1788539,POI
8933,THREADS Vintage,clothes,Point (24.9550788 60.1740345),24.9550788,60.1740345,POI
8934,Happy Waffle,cafe,Point (24.947265 60.1715604),24.947265,60.1715604,POI
8935,,waste_basket,Point (24.9234278 60.1946075),24.9234278,60.1946075,POI
8936,,bench,Point (24.9234753 60.1946414),24.9234753,60.1946414,POI
8937,Nereidi,artwork,Point (24.9786595 60.1861428),24.9786595,60.1861428,POI
8938,,bench,Point (24.9189111 60.1995763),24.9189111,60.1995763,POI
8939,,waste_basket,Point (24.9188882 60.1995241),24.9188882,60.1995241,POI
8940,,waste_basket,Point (24.9172409 60.2002578),24.9172409,60.2002578,POI
8941,,bench,Point (24.9170491 60.2004034),24.9170491,60.2004034,POI
8942,,bench,Point (24.9587399 60.2011622),24.9587399,60.2011622,POI
8943,Tartine,restaurant,Point (24.9587935 60.1956073),24.9587935,60.1956073,POI
8944,Bar Pikajuna,bar,Point (24.9337478 60.199097),24.9337478,60.199097,POI
8945,Round Tripla,cafe,Point (24.9334131 60.1990567),24.9334131,60.1990567,POI
8946,Riipisen riistaherkut,butcher,Point (24.933105 60.1990194),24.933105,60.1990194,POI
8947,Picnic,cafe,Point (24.9327376 60.198976),24.9327376,60.198976,POI
8948,,bench,Point (24.9826225 60.1488761),24.9826225,60.1488761,POI
8949,,bench,Point (24.9826352 60.1488871),24.9826352,60.1488871,POI
8950,,bench,Point (24.9826587 60.1489108),24.9826587,60.1489108,POI
8951,,waste_basket,Point (24.9826466 60.1488981),24.9826466,60.1488981,POI
8952,Suomen korkein benji,attraction,Point (24.9316692 60.1531404),24.9316692,60.1531404,POI
8953,,bench,Point (24.9509541 60.1556418),24.9509541,60.1556418,POI
8954,,bench,Point (24.9509317 60.1556587),24.9509317,60.1556587,POI
8955,,bench,Point (24.9509097 60.1556776),24.9509097,60.1556776,POI
8956,,bench,Point (24.9508928 60.1556927),24.9508928,60.1556927,POI
8957,,bench,Point (24.950876 60.1557074),24.950876,60.1557074,POI
8958,,bench,Point (24.9508629 60.1557235),24.9508629,60.1557235,POI
8959,,bench,Point (24.9508502 60.1557405),24.9508502,60.1557405,POI
8960,,bench,Point (24.9508348 60.1557533),24.9508348,60.1557533,POI
8961,,bench,Point (24.9508146 60.1557716),24.9508146,60.1557716,POI
8962,Kumpulan koulukasvitarha,tourist_info,Point (24.9500888 60.2074778),24.9500888,60.2074778,POI
8963,,bench,Point (24.8684447 60.1878358),24.8684447,60.1878358,POI
8964,,waste_basket,Point (24.8700179 60.1953103),24.8700179,60.1953103,POI
8965,,bench,Point (24.8700391 60.1953875),24.8700391,60.1953875,POI
8966,,bench,Point (24.9835052 60.1434633),24.9835052,60.1434633,POI
8967,,waste_basket,Point (24.9360499 60.1726221),24.9360499,60.1726221,POI
8968,,bench,Point (24.8746987 60.1466953),24.8746987,60.1466953,POI
8969,,bench,Point (24.8723332 60.1455034),24.8723332,60.1455034,POI
8970,,bench,Point (24.8742314 60.1455258),24.8742314,60.1455258,POI
8971,,bench,Point (24.8764217 60.1448974),24.8764217,60.1448974,POI
8972,,bench,Point (24.878694 60.1454398),24.878694,60.1454398,POI
8973,,bench,Point (24.889548 60.1467999),24.889548,60.1467999,POI
8974,,bench,Point (24.8896126 60.1466546),24.8896126,60.1466546,POI
8975,,bench,Point (24.8902228 60.1518038),24.8902228,60.1518038,POI
8976,,bench,Point (24.8895562 60.1520521),24.8895562,60.1520521,POI
8977,,bench,Point (24.8895753 60.1520055),24.8895753,60.1520055,POI
8978,,bench,Point (24.8894234 60.1518877),24.8894234,60.1518877,POI
8979,,bench,Point (24.8891425 60.1519561),24.8891425,60.1519561,POI
8980,,bench,Point (24.8891318 60.1521479),24.8891318,60.1521479,POI
8981,,bench,Point (24.8891637 60.1522644),24.8891637,60.1522644,POI
8982,,bench,Point (24.8891019 60.1522314),24.8891019,60.1522314,POI
8983,,bench,Point (24.8885191 60.158643),24.8885191,60.158643,POI
8984,,bench,Point (24.8887744 60.1586697),24.8887744,60.1586697,POI
8985,,bench,Point (24.8887153 60.1585434),24.8887153,60.1585434,POI
8986,,bench,Point (24.8888811 60.1585052),24.8888811,60.1585052,POI
8987,,bench,Point (24.8889583 60.1584986),24.8889583,60.1584986,POI
8988,,bench,Point (24.8890805 60.1585546),24.8890805,60.1585546,POI
8989,,bench,Point (24.8932032 60.1586497),24.8932032,60.1586497,POI
8990,,bench,Point (24.8939376 60.1587336),24.8939376,60.1587336,POI
8991,,bench,Point (24.8940321 60.1591813),24.8940321,60.1591813,POI
8992,,bench,Point (24.8937953 60.1597406),24.8937953,60.1597406,POI
8993,,bench,Point (24.89382 60.1597626),24.89382,60.1597626,POI
8994,,bench,Point (24.8731232 60.1638187),24.8731232,60.1638187,POI
8995,,bench,Point (24.8710912 60.1632315),24.8710912,60.1632315,POI
8996,,bench,Point (24.868282 60.1542157),24.868282,60.1542157,POI
8997,,bench,Point (24.8702174 60.1552453),24.8702174,60.1552453,POI
8998,,bench,Point (24.8712406 60.1554758),24.8712406,60.1554758,POI
8999,Tokumaru,restaurant,Point (24.9306696 60.1989373),24.9306696,60.1989373,POI
9000,Falafel Box,restaurant,Point (24.9303308 60.1989017),24.9303308,60.1989017,POI
9001,Mari's Treehouse,restaurant,Point (24.9303574 60.1988),24.9303574,60.1988,POI
9002,Eat Pok¨¦,restaurant,Point (24.9308834 60.1989364),24.9308834,60.1989364,POI
9003,Ba Bu,restaurant,Point (24.9309794 60.1989425),24.9309794,60.1989425,POI
9004,,toilet,Point (24.9312213 60.1988907),24.9312213,60.1988907,POI
9005,Kalaliike & Bistro S. Wallin,restaurant,Point (24.9307809 60.1989279),24.9307809,60.1989279,POI
9006,Clas Ohlson,doityourself,Point (24.930975 60.1987216),24.930975,60.1987216,POI
9007,Espresso House,cafe,Point (24.9312163 60.1988367),24.9312163,60.1988367,POI
9008,Bakery Manteli,bakery,Point (24.9308527 60.1987927),24.9308527,60.1987927,POI
9009,Specsavers,optician,Point (24.9300372 60.1988398),24.9300372,60.1988398,POI
9010,Cutters,hairdresser,Point (24.9300201 60.1987274),24.9300201,60.1987274,POI
9011,Dolce Italia,restaurant,Point (24.9300641 60.1986504),24.9300641,60.1986504,POI
9012,,vending_any,Point (24.9301376 60.1985683),24.9301376,60.1985683,POI
9013,Euroopan komission Suomen-edustusto,embassy,Point (24.9313177 60.167123),24.9313177,60.167123,POI
9014,,waste_basket,Point (24.9475685 60.1796865),24.9475685,60.1796865,POI
9015,,bench,Point (24.9523649 60.1840687),24.9523649,60.1840687,POI
9016,,bench,Point (24.9525365 60.1840745),24.9525365,60.1840745,POI
9017,,waste_basket,Point (24.952459 60.1840712),24.952459,60.1840712,POI
9018,,tourist_info,Point (24.9525372 60.1841443),24.9525372,60.1841443,POI
9019,,waste_basket,Point (24.983535 60.1735193),24.983535,60.1735193,POI
9020,,bench,Point (24.9855789 60.1733771),24.9855789,60.1733771,POI
9021,,bench,Point (24.9856162 60.1733951),24.9856162,60.1733951,POI
9022,,bench,Point (24.9849729 60.1738274),24.9849729,60.1738274,POI
9023,,waste_basket,Point (24.9847344 60.1751867),24.9847344,60.1751867,POI
9024,,bench,Point (24.9847162 60.1751751),24.9847162,60.1751751,POI
9025,,waste_basket,Point (24.9833752 60.1740045),24.9833752,60.1740045,POI
9026,,waste_basket,Point (24.9864124 60.1737196),24.9864124,60.1737196,POI
9027,,bench,Point (24.9847605 60.1751981),24.9847605,60.1751981,POI
9028,,bench,Point (24.9846221 60.1737891),24.9846221,60.1737891,POI
9029,,bench,Point (24.9841271 60.1734774),24.9841271,60.1734774,POI
9030,,recycling_clothes,Point (24.9649625 60.2090111),24.9649625,60.2090111,POI
9031,Alepa,convenience,Point (24.9823509 60.1878155),24.9823509,60.1878155,POI
9032,,atm,Point (24.9822623 60.1877005),24.9822623,60.1877005,POI
9033,,waste_basket,Point (24.9621186 60.2069408),24.9621186,60.2069408,POI
9034,,bench,Point (24.9620098 60.2069042),24.9620098,60.2069042,POI
9035,,bench,Point (24.8660213 60.158083),24.8660213,60.158083,POI
9036,,artwork,Point (24.9312909 60.2027794),24.9312909,60.2027794,POI
9037,Bierhuis Rotterdam,pub,Point (24.9326388 60.1691683),24.9326388,60.1691683,POI
9038,Kakkugalleria,cafe,Point (24.9426872 60.1683474),24.9426872,60.1683474,POI
9039,Antell Arkadia,cafe,Point (24.9251696 60.1715091),24.9251696,60.1715091,POI
9040,Ravintola T??l?,restaurant,Point (24.9230906 60.1715967),24.9230906,60.1715967,POI
9041,,camera_surveillance,Point (24.9581811 60.1882843),24.9581811,60.1882843,POI
9042,,camera_surveillance,Point (24.9587165 60.1882547),24.9587165,60.1882547,POI
9043,,camera_surveillance,Point (24.9593931 60.1882157),24.9593931,60.1882157,POI
9044,,camera_surveillance,Point (24.9595408 60.1882074),24.9595408,60.1882074,POI
9045,,camera_surveillance,Point (24.9587142 60.1882453),24.9587142,60.1882453,POI
9046,Sammalpuutarha,attraction,Point (24.9467687 60.1750843),24.9467687,60.1750843,POI
9047,,waste_basket,Point (24.9719381 60.1988784),24.9719381,60.1988784,POI
9048,,waste_basket,Point (24.9717735 60.2001383),24.9717735,60.2001383,POI
9049,Hilla Helsinki,beauty_shop,Point (24.9284998 60.1626571),24.9284998,60.1626571,POI
9050,Rummun Ruoka&Puoti,restaurant,Point (24.923019 60.1828153),24.923019,60.1828153,POI
9051,Keski-T??l?n Paperikauppa,bookshop,Point (24.9223586 60.1834121),24.9223586,60.1834121,POI
9052,Skiffer T??l?,restaurant,Point (24.9221912 60.1772671),24.9221912,60.1772671,POI
9053,Pizza Express,restaurant,Point (24.9107581 60.1529372),24.9107581,60.1529372,POI
9054,Baba's House,restaurant,Point (24.9102824 60.1546227),24.9102824,60.1546227,POI
9055,,toilet,Point (24.9073541 60.1581279),24.9073541,60.1581279,POI
9056,,waste_basket,Point (24.9071196 60.1581777),24.9071196,60.1581777,POI
9057,Bon Marian Haaga,bakery,Point (24.8970183 60.2158416),24.8970183,60.2158416,POI
9058,Sture 4,restaurant,Point (24.9443121 60.188317),24.9443121,60.188317,POI
9059,Cycland,bicycle_shop,Point (24.9469914 60.1907569),24.9469914,60.1907569,POI
9060,Viinibaari Klein,bar,Point (24.9585793 60.193339),24.9585793,60.193339,POI
9061,Helvi H?m?l?inen (1907¨C1998),memorial,Point (24.9585185 60.193321),24.9585185,60.193321,POI
9062,,viewpoint,Point (24.9452338 60.1869395),24.9452338,60.1869395,POI
9063,Riyo Cafe,cafe,Point (24.9394531 60.1991805),24.9394531,60.1991805,POI
9064,Zh¨¨n,restaurant,Point (24.9508903 60.1647232),24.9508903,60.1647232,POI
9065,Kampajussi,hairdresser,Point (24.9216412 60.1858393),24.9216412,60.1858393,POI
9066,Sadun Hiustupa,hairdresser,Point (24.9216008 60.1825513),24.9216008,60.1825513,POI
9067,,waste_basket,Point (24.9586577 60.1913069),24.9586577,60.1913069,POI
9068,,bench,Point (24.9599345 60.1915656),24.9599345,60.1915656,POI
9069,Glamour,clothes,Point (24.9210752 60.1752987),24.9210752,60.1752987,POI
9070,Morsiusateljee Helmi,clothes,Point (24.9228907 60.1850081),24.9228907,60.1850081,POI
9071,,bench,Point (24.9618112 60.1890658),24.9618112,60.1890658,POI
9072,,waste_basket,Point (24.9618595 60.1891722),24.9618595,60.1891722,POI
9073,,waste_basket,Point (24.9612406 60.1892153),24.9612406,60.1892153,POI
9074,,bench,Point (24.9615868 60.1892107),24.9615868,60.1892107,POI
9075,,bench,Point (24.9616669 60.1892126),24.9616669,60.1892126,POI
9076,,waste_basket,Point (24.9614462 60.1888806),24.9614462,60.1888806,POI
9077,HKR - huumeruiskuastia,waste_basket,Point (24.9614066 60.1888836),24.9614066,60.1888836,POI
9078,Ravintola Almas,restaurant,Point (24.9746999 60.179996),24.9746999,60.179996,POI
9079,,waste_basket,Point (24.9369798 60.1996991),24.9369798,60.1996991,POI
9080,Picnic,cafe,Point (24.9681551 60.202698),24.9681551,60.202698,POI
9081,,waste_basket,Point (24.9373127 60.1992173),24.9373127,60.1992173,POI
9082,,waste_basket,Point (24.9374914 60.1998131),24.9374914,60.1998131,POI
9083,,waste_basket,Point (24.938131 60.1998914),24.938131,60.1998914,POI
9084,,waste_basket,Point (24.9364488 60.2001284),24.9364488,60.2001284,POI
9085,,bench,Point (24.936399 60.2001251),24.936399,60.2001251,POI
9086,,bench,Point (24.9361134 60.2001994),24.9361134,60.2001994,POI
9087,Jumbowl,restaurant,Point (24.9305148 60.1667448),24.9305148,60.1667448,POI
9088,La Bottegaia,cafe,Point (24.925094 60.1637609),24.925094,60.1637609,POI
9089,Minato Sushi,restaurant,Point (24.9267853 60.1634981),24.9267853,60.1634981,POI
9090,Wallis,bar,Point (24.9606387 60.1690388),24.9606387,60.1690388,POI
9091,Kork Bar,bar,Point (24.9599488 60.1690212),24.9599488,60.1690212,POI
9092,Hakola,furniture_shop,Point (24.9417819 60.1635566),24.9417819,60.1635566,POI
9093,Round & Square Punavuori Caf¨¦ and Bar,cafe,Point (24.9440854 60.1640513),24.9440854,60.1640513,POI
9094,,bench,Point (24.8833087 60.159838),24.8833087,60.159838,POI
9095,,bench,Point (24.9155532 60.1595499),24.9155532,60.1595499,POI
9096,,bench,Point (24.9157218 60.1592102),24.9157218,60.1592102,POI
9097,,shelter,Point (24.9690941 60.2052288),24.9690941,60.2052288,POI
9098,,bench,Point (24.9259336 60.1607156),24.9259336,60.1607156,POI
9099,,bench,Point (24.9258787 60.1607221),24.9258787,60.1607221,POI
9100,,bench,Point (24.925643 60.1607497),24.925643,60.1607497,POI
9101,,bench,Point (24.9255881 60.1607562),24.9255881,60.1607562,POI
9102,Eromanga,cafe,Point (24.9688752 60.1897793),24.9688752,60.1897793,POI
9103,Cafe del Mar,pub,Point (24.951349 60.1838739),24.951349,60.1838739,POI
9104,K?pyl?n peruskoulu - Kuutio,school,Point (24.9437516 60.2101957),24.9437516,60.2101957,POI
9105,,waste_basket,Point (24.9460737 60.1924996),24.9460737,60.1924996,POI
9106,Klitsu,hairdresser,Point (24.9438428 60.1913801),24.9438428,60.1913801,POI
9107,,bench,Point (24.9778326 60.1849363),24.9778326,60.1849363,POI
9108,,bench,Point (24.9778924 60.1849262),24.9778924,60.1849262,POI
9109,,bench,Point (24.9780794 60.1850577),24.9780794,60.1850577,POI
9110,,bench,Point (24.9780249 60.1850375),24.9780249,60.1850375,POI
9111,,bench,Point (24.9781264 60.1850237),24.9781264,60.1850237,POI
9112,,bench,Point (24.9780687 60.1850051),24.9780687,60.1850051,POI
9113,,bench,Point (24.9780142 60.1849908),24.9780142,60.1849908,POI
9114,,bench,Point (24.9782397 60.1849807),24.9782397,60.1849807,POI
9115,,bench,Point (24.9782461 60.1849504),24.9782461,60.1849504,POI
9116,,bench,Point (24.9782675 60.184919),24.9782675,60.184919,POI
9117,,bench,Point (24.924781 60.1991712),24.924781,60.1991712,POI
9118,,bench,Point (24.924854 60.1990221),24.924854,60.1990221,POI
9119,,bench,Point (24.9245101 60.1991978),24.9245101,60.1991978,POI
9120,,bench,Point (24.9242365 60.1991678),24.9242365,60.1991678,POI
9121,,bench,Point (24.9241111 60.1990224),24.9241111,60.1990224,POI
9122,,bench,Point (24.9241435 60.1989619),24.9241435,60.1989619,POI
9123,,bench,Point (24.9243209 60.1983382),24.9243209,60.1983382,POI
9124,,bench,Point (24.9245825 60.1984878),24.9245825,60.1984878,POI
9125,,bench,Point (24.9245404 60.1984833),24.9245404,60.1984833,POI
9126,Helsingin Kahvipaahtimon P?iv?kahvibaari,cafe,Point (24.9729262 60.1902198),24.9729262,60.1902198,POI
9127,Ecology Stone,artwork,Point (24.9305109 60.1979162),24.9305109,60.1979162,POI
9128,,vending_parking,Point (24.9077902 60.161432),24.9077902,60.161432,POI
9129,,waste_basket,Point (24.9173485 60.1620442),24.9173485,60.1620442,POI
9130,,waste_basket,Point (24.9158655 60.1619946),24.9158655,60.1619946,POI
9131,,waste_basket,Point (24.9171444 60.1619213),24.9171444,60.1619213,POI
9132,,bench,Point (24.9134544 60.1601057),24.9134544,60.1601057,POI
9133,,bench,Point (24.9129838 60.1599434),24.9129838,60.1599434,POI
9134,,bench,Point (24.9129323 60.1599241),24.9129323,60.1599241,POI
9135,,bench,Point (24.9145681 60.1604959),24.9145681,60.1604959,POI
9136,,bench,Point (24.9155144 60.1598763),24.9155144,60.1598763,POI
9137,,bench,Point (24.9139465 60.1601868),24.9139465,60.1601868,POI
9138,,bench,Point (24.9140977 60.1600788),24.9140977,60.1600788,POI
9139,,bench,Point (24.9143215 60.1602137),24.9143215,60.1602137,POI
9140,,bench,Point (24.9142769 60.1601986),24.9142769,60.1601986,POI
9141,,bench,Point (24.9144228 60.1603648),24.9144228,60.1603648,POI
9142,,bench,Point (24.9143883 60.1603329),24.9143883,60.1603329,POI
9143,,bench,Point (24.9139942 60.1602973),24.9139942,60.1602973,POI
9144,,bench,Point (24.9140388 60.1603131),24.9140388,60.1603131,POI
9145,,bench,Point (24.914197 60.1602631),24.914197,60.1602631,POI
9146,,bench,Point (24.9142023 60.1602874),24.9142023,60.1602874,POI
9147,,bench,Point (24.914239 60.1603236),24.914239,60.1603236,POI
9148,,waste_basket,Point (24.9142331 60.1599098),24.9142331,60.1599098,POI
9149,Perun suurl?hetyst?,embassy,Point (24.9380858 60.1663908),24.9380858,60.1663908,POI
9150,Pappa Peruna,restaurant,Point (24.9178813 60.1598468),24.9178813,60.1598468,POI
9151,,bench,Point (24.925607 60.196969),24.925607,60.196969,POI
9152,"Masku Helsinki, Kaisaniemi",furniture_shop,Point (24.9480468 60.1713576),24.9480468,60.1713576,POI
9153,Nordisk Kulturkontakt,arts_centre,Point (24.9487185 60.1721017),24.9487185,60.1721017,POI
9154,,bench,Point (24.9349273 60.1769131),24.9349273,60.1769131,POI
9155,,bench,Point (24.9349361 60.1769335),24.9349361,60.1769335,POI
9156,,bench,Point (24.9365977 60.1752105),24.9365977,60.1752105,POI
9157,,bench,Point (24.9365869 60.1751671),24.9365869,60.1751671,POI
9158,,bench,Point (24.9365793 60.1751279),24.9365793,60.1751279,POI
9159,,bench,Point (24.9365257 60.1749477),24.9365257,60.1749477,POI
9160,,bench,Point (24.9365096 60.1749062),24.9365096,60.1749062,POI
9161,,bench,Point (24.9364881 60.1748563),24.9364881,60.1748563,POI
9162,,bench,Point (24.9365012 60.1730218),24.9365012,60.1730218,POI
9163,,bench,Point (24.9364705 60.173072),24.9364705,60.173072,POI
9164,,bench,Point (24.9364123 60.1732008),24.9364123,60.1732008,POI
9165,,bench,Point (24.9363832 60.173245),24.9363832,60.173245,POI
9166,,bench,Point (24.9363296 60.1733707),24.9363296,60.1733707,POI
9167,,bench,Point (24.9363051 60.1734164),24.9363051,60.1734164,POI
9168,,bench,Point (24.9372716 60.1730317),24.9372716,60.1730317,POI
9169,,bench,Point (24.9374891 60.1730644),24.9374891,60.1730644,POI
9170,,bench,Point (24.937578 60.1731673),24.937578,60.1731673,POI
9171,,bench,Point (24.9375136 60.1732694),24.9375136,60.1732694,POI
9172,,bench,Point (24.9374539 60.173373),24.9374539,60.173373,POI
9173,,bench,Point (24.9373911 60.1734758),24.9373911,60.1734758,POI
9174,,bench,Point (24.9373329 60.1735787),24.9373329,60.1735787,POI
9175,,bench,Point (24.9364169 60.174326),24.9364169,60.174326,POI
9176,,bench,Point (24.9364192 60.1742864),24.9364192,60.1742864,POI
9177,,bench,Point (24.9364437 60.174072),24.9364437,60.174072,POI
9178,,bench,Point (24.936446 60.1740362),24.936446,60.1740362,POI
9179,,bench,Point (24.9364766 60.1737653),24.9364766,60.1737653,POI
9180,,bench,Point (24.9364789 60.1737276),24.9364789,60.1737276,POI
9181,,bench,Point (24.941586 60.1880054),24.941586,60.1880054,POI
9182,,bench,Point (24.9414858 60.1879743),24.9414858,60.1879743,POI
9183,,bench,Point (24.9414431 60.1879629),24.9414431,60.1879629,POI
9184,,bench,Point (24.9413996 60.187949),24.9413996,60.187949,POI
9185,,bench,Point (24.9413473 60.187945),24.9413473,60.187945,POI
9186,,bench,Point (24.9411691 60.1878546),24.9411691,60.1878546,POI
9187,,bench,Point (24.9412023 60.1878348),24.9412023,60.1878348,POI
9188,,bench,Point (24.9412354 60.1878139),24.9412354,60.1878139,POI
9189,,bench,Point (24.9412634 60.1877934),24.9412634,60.1877934,POI
9190,,bench,Point (24.9412928 60.1877747),24.9412928,60.1877747,POI
9191,,bench,Point (24.941326 60.1877531),24.941326,60.1877531,POI
9192,,picnic_site,Point (24.9409154 60.1873478),24.9409154,60.1873478,POI
9193,Round Kallio Caf¨¦,cafe,Point (24.9552545 60.1873369),24.9552545,60.1873369,POI
9194,Katajanokan apteekki,pharmacy,Point (24.962708 60.1675982),24.962708,60.1675982,POI
9195,Danske Bank,bank,Point (24.9353876 60.1693164),24.9353876,60.1693164,POI
9196,Lacca Hiuspaja,hairdresser,Point (24.927678 60.1673573),24.927678,60.1673573,POI
9197,TwistBe,beauty_shop,Point (24.9298587 60.1666765),24.9298587,60.1666765,POI
9198,Viva La Beauty,beauty_shop,Point (24.9267993 60.1670704),24.9267993,60.1670704,POI
9199,Caf¨¦ Tampopo,cafe,Point (24.9328315 60.1664431),24.9328315,60.1664431,POI
9200,Paja,jeweller,Point (24.9335095 60.1664787),24.9335095,60.1664787,POI
9201,Teatteri Ilmi ?,theatre,Point (24.9430835 60.1634903),24.9430835,60.1634903,POI
9202,Oloni-klinikka,clinic,Point (24.9153185 60.1628676),24.9153185,60.1628676,POI
9203,NV Beauty,beauty_shop,Point (24.9156779 60.1630671),24.9156779,60.1630671,POI
9204,Redken,hairdresser,Point (24.9160829 60.1632993),24.9160829,60.1632993,POI
9205,Balance Beauty Com,beauty_shop,Point (24.9157369 60.1625153),24.9157369,60.1625153,POI
9206,Groovetown Jack,bar,Point (24.9435239 60.1638599),24.9435239,60.1638599,POI
9207,,waste_basket,Point (24.933627 60.1610303),24.933627,60.1610303,POI
9208,Parturi-kampaamo Raija,hairdresser,Point (24.9351638 60.1602257),24.9351638,60.1602257,POI
9209,Simonlinnan kulta,jeweller,Point (24.9351212 60.1685191),24.9351212,60.1685191,POI
9210,,bench,Point (24.921035 60.1803998),24.921035,60.1803998,POI
9211,,bench,Point (24.9209165 60.1802035),24.9209165,60.1802035,POI
9212,,bench,Point (24.9209925 60.1802564),24.9209925,60.1802564,POI
9213,,bench,Point (24.920162 60.180269),24.920162,60.180269,POI
9214,,bench,Point (24.9203484 60.1801633),24.9203484,60.1801633,POI
9215,,bench,Point (24.920641 60.1801312),24.920641,60.1801312,POI
9216,,bench,Point (24.920583 60.1805828),24.920583,60.1805828,POI
9217,,bench,Point (24.920404 60.1805364),24.920404,60.1805364,POI
9218,,bench,Point (24.9202184 60.1804885),24.9202184,60.1804885,POI
9219,Lidl,supermarket,Point (24.9124093 60.1904027),24.9124093,60.1904027,POI
9220,Beart,beauty_shop,Point (24.9342348 60.1661066),24.9342348,60.1661066,POI
9221,,bench,Point (24.9813084 60.1798949),24.9813084,60.1798949,POI
9222,,viewpoint,Point (24.9812727 60.1798968),24.9812727,60.1798968,POI
9223,Post Bar,bar,Point (24.9591026 60.1831931),24.9591026,60.1831931,POI
9224,Olivia Central Station,restaurant,Point (24.9407812 60.1708971),24.9407812,60.1708971,POI
9225,Ecker? Line Self-Check-In,tourist_info,Point (24.9146714 60.1500019),24.9146714,60.1500019,POI
9226,,viewpoint,Point (24.9141606 60.1492916),24.9141606,60.1492916,POI
9227,Beauty Grace,beauty_shop,Point (24.9330372 60.1663418),24.9330372,60.1663418,POI
9228,iTapsa,mobile_phone_shop,Point (24.9368137 60.1678394),24.9368137,60.1678394,POI
9229,Terveys Tieto,chemist,Point (24.9372268 60.1679463),24.9372268,60.1679463,POI
9230,Social Sports Club,pitch,Point (24.9254591 60.1525759),24.9254591,60.1525759,POI
9231,Hevosv?yl?,sports_shop,Point (24.9526307 60.1579446),24.9526307,60.1579446,POI
9232,Putte's,restaurant,Point (24.9787298 60.1813637),24.9787298,60.1813637,POI
9233,,waste_basket,Point (24.9614812 60.1982347),24.9614812,60.1982347,POI
9234,,waste_basket,Point (24.9621285 60.198308),24.9621285,60.198308,POI
9235,Alko,beverages,Point (24.9414816 60.1701131),24.9414816,60.1701131,POI
9236,,bench,Point (24.9374698 60.1739758),24.9374698,60.1739758,POI
9237,,bench,Point (24.9374234 60.173975),24.9374234,60.173975,POI
9238,hiusmuotoilu Inochi,hairdresser,Point (24.9509929 60.1665575),24.9509929,60.1665575,POI
9239,Kino Regina,cinema,Point (24.9378675 60.1741861),24.9378675,60.1741861,POI
9240,,memorial,Point (24.9498796 60.1651964),24.9498796,60.1651964,POI
9241,Johan Sederholmin muistolaatta,memorial,Point (24.9536397 60.1689807),24.9536397,60.1689807,POI
9242,,bench,Point (24.8827146 60.1767265),24.8827146,60.1767265,POI
9243,Tandoori Villa,restaurant,Point (24.983768 60.1851076),24.983768,60.1851076,POI
9244,Studio Star,hairdresser,Point (24.954386 60.1830075),24.954386,60.1830075,POI
9245,,memorial,Point (24.8849309 60.1821456),24.8849309,60.1821456,POI
9246,Express-Tilit oy,bank,Point (24.9600098 60.1861147),24.9600098,60.1861147,POI
9247,?landsbanken,bank,Point (24.9416487 60.1661528),24.9416487,60.1661528,POI
9248,Olympia kaukomatkatoimisto,travel_agent,Point (24.9415595 60.166192),24.9415595,60.166192,POI
9249,St george bakery,bakery,Point (24.9407896 60.1666935),24.9407896,60.1666935,POI
9250,Hesburger,fast_food,Point (24.9416668 60.1673554),24.9416668,60.1673554,POI
9251,Luckiefun's sushi buffet,restaurant,Point (24.9414799 60.1672803),24.9414799,60.1672803,POI
9252,Bermudankuja,bicycle_rental,Point (24.9101421 60.1549043),24.9101421,60.1549043,POI
9253,Merihaka,bicycle_rental,Point (24.962129 60.181104),24.962129,60.181104,POI
9254,Sompasaari,bicycle_rental,Point (24.9760758 60.1829308),24.9760758,60.1829308,POI
9255,Verkkosaari,bicycle_rental,Point (24.9776325 60.1895357),24.9776325,60.1895357,POI
9256,Denova salonki,beauty_shop,Point (24.9184041 60.1633242),24.9184041,60.1633242,POI
9257,Lux salon,hairdresser,Point (24.9188043 60.1633244),24.9188043,60.1633244,POI
9258,Nail Nation,beauty_shop,Point (24.921002 60.1627327),24.921002,60.1627327,POI
9259,Gruppfamiljedaghemmet S?ven,kindergarten,Point (24.9211453 60.162387),24.9211453,60.162387,POI
9260,,toilet,Point (24.8690647 60.1585162),24.8690647,60.1585162,POI
9261,,bench,Point (24.9317003 60.1772634),24.9317003,60.1772634,POI
9262,,shelter,Point (24.9808442 60.174282),24.9808442,60.174282,POI
9263,,shelter,Point (24.9807595 60.1741235),24.9807595,60.1741235,POI
9264,,shelter,Point (24.9811231 60.1744889),24.9811231,60.1744889,POI
9265,,shelter,Point (24.9808354 60.1734756),24.9808354,60.1734756,POI
9266,,shelter,Point (24.9807337 60.1735824),24.9807337,60.1735824,POI
9267,,shelter,Point (24.9820737 60.1734309),24.9820737,60.1734309,POI
9268,,shelter,Point (24.9828963 60.1734991),24.9828963,60.1734991,POI
9269,,shelter,Point (24.9818287 60.173588),24.9818287,60.173588,POI
9270,,shelter,Point (24.9839079 60.1728471),24.9839079,60.1728471,POI
9271,,shelter,Point (24.9841894 60.1727296),24.9841894,60.1727296,POI
9272,,shelter,Point (24.9843094 60.1727701),24.9843094,60.1727701,POI
9273,,shelter,Point (24.9825536 60.1745583),24.9825536,60.1745583,POI
9274,,shelter,Point (24.9820695 60.174553),24.9820695,60.174553,POI
9275,,shelter,Point (24.9836424 60.1759215),24.9836424,60.1759215,POI
9276,,shelter,Point (24.9834685 60.1760126),24.9834685,60.1760126,POI
9277,,shelter,Point (24.9826437 60.1757106),24.9826437,60.1757106,POI
9278,,shelter,Point (24.9884148 60.174628),24.9884148,60.174628,POI
9279,,shelter,Point (24.988384 60.174534),24.988384,60.174534,POI
9280,,shelter,Point (24.988447 60.1747134),24.988447,60.1747134,POI
9281,,toilet,Point (24.9887481 60.1748373),24.9887481,60.1748373,POI
9282,,toilet,Point (24.9886965 60.1749113),24.9886965,60.1749113,POI
9283,,recycling,Point (24.9887636 60.1748067),24.9887636,60.1748067,POI
9284,,tourist_info,Point (24.9802927 60.1747908),24.9802927,60.1747908,POI
9285,,recycling,Point (24.980513 60.174899),24.980513,60.174899,POI
9286,,recycling,Point (24.9859628 60.1760234),24.9859628,60.1760234,POI
9287,,recycling,Point (24.9859122 60.1760077),24.9859122,60.1760077,POI
9288,,tourist_info,Point (24.9835648 60.1748435),24.9835648,60.1748435,POI
9289,,tourist_info,Point (24.9803589 60.1748043),24.9803589,60.1748043,POI
9290,,tourist_info,Point (24.9799767 60.1748937),24.9799767,60.1748937,POI
9291,Nami Nails,beauty_shop,Point (24.9627188 60.1880496),24.9627188,60.1880496,POI
9292,,shelter,Point (24.9849136 60.1756532),24.9849136,60.1756532,POI
9293,,shelter,Point (24.9866265 60.174427),24.9866265,60.174427,POI
9294,,shelter,Point (24.986149 60.1744601),24.986149,60.1744601,POI
9295,Amazonian ev?stila,picnic_site,Point (24.982952 60.1754733),24.982952,60.1754733,POI
9296,,toilet,Point (24.9829983 60.1754808),24.9829983,60.1754808,POI
9297,,toilet,Point (24.9830406 60.1754697),24.9830406,60.1754697,POI
9298,,shelter,Point (24.9852909 60.17473),24.9852909,60.17473,POI
9299,,shelter,Point (24.9855314 60.1745843),24.9855314,60.1745843,POI
9300,,shelter,Point (24.9852232 60.1746865),24.9852232,60.1746865,POI
9301,,shelter,Point (24.9850773 60.1746122),24.9850773,60.1746122,POI
9302,,toilet,Point (24.9885444 60.1742173),24.9885444,60.1742173,POI
9303,,toilet,Point (24.9884677 60.1741697),24.9884677,60.1741697,POI
9304,,bench,Point (24.9809837 60.1747699),24.9809837,60.1747699,POI
9305,,waste_basket,Point (24.9837809 60.1755013),24.9837809,60.1755013,POI
9306,Suojelusankarit-reitti,tourist_info,Point (24.9834612 60.1750935),24.9834612,60.1750935,POI
9307,,bench,Point (24.9837092 60.1753084),24.9837092,60.1753084,POI
9308,,recycling,Point (24.9826624 60.1794633),24.9826624,60.1794633,POI
9309,Restaurant Daily Dose,restaurant,Point (24.9642047 60.1905467),24.9642047,60.1905467,POI
9310,,bench,Point (24.9791156 60.173849),24.9791156,60.173849,POI
9311,,bench,Point (24.9792892 60.1745316),24.9792892,60.1745316,POI
9312,,bench,Point (24.9789126 60.1742031),24.9789126,60.1742031,POI
9313,,bench,Point (24.9820557 60.1731265),24.9820557,60.1731265,POI
9314,,bench,Point (24.9815274 60.1733763),24.9815274,60.1733763,POI
9315,Salon Mia,hairdresser,Point (24.9533151 60.1812896),24.9533151,60.1812896,POI
9316,Gaia Beauty Salon,beauty_shop,Point (24.9536963 60.1814232),24.9536963,60.1814232,POI
9317,Antennimaston harusvaijerin ankkuri,memorial,Point (24.9216892 60.2050663),24.9216892,60.2050663,POI
9318,Pizzeria Via Tribunali,restaurant,Point (24.9184574 60.1600617),24.9184574,60.1600617,POI
9319,Arboretum,artwork,Point (24.9772674 60.2061477),24.9772674,60.2061477,POI
9320,Yhteispiha 1,artwork,Point (24.979077 60.2063101),24.979077,60.2063101,POI
9321,Sein?t puhuvat kes?t talvet,artwork,Point (24.9791342 60.207295),24.9791342,60.207295,POI
9322,Arabianvillat,artwork,Point (24.9814356 60.207026),24.9814356,60.207026,POI
9323,Kotipuu,artwork,Point (24.9803274 60.20853),24.9803274,60.20853,POI
9324,Loppukiri,artwork,Point (24.979957 60.2089828),24.979957,60.2089828,POI
9325,Kaislat,artwork,Point (24.9816958 60.2098077),24.9816958,60.2098077,POI
9326,Loft,artwork,Point (24.979564 60.2106108),24.979564,60.2106108,POI
9327,Heltech,artwork,Point (24.9783397 60.2100975),24.9783397,60.2100975,POI
9328,,artwork,Point (24.9782552 60.2087381),24.9782552,60.2087381,POI
9329,Bokvillanin el?imet,artwork,Point (24.973479 60.2062608),24.973479,60.2062608,POI
9330,Lintuparatiisi,artwork,Point (24.9747254 60.2068459),24.9747254,60.2068459,POI
9331,,tourist_info,Point (24.9763188 60.2021795),24.9763188,60.2021795,POI
9332,,waste_basket,Point (24.974297 60.1936092),24.974297,60.1936092,POI
9333,,waste_basket,Point (24.9737649 60.1930318),24.9737649,60.1930318,POI
9334,,bench,Point (24.9691521 60.1919197),24.9691521,60.1919197,POI
9335,,bench,Point (24.9689283 60.1919404),24.9689283,60.1919404,POI
9336,,tourist_info,Point (24.9498242 60.2076445),24.9498242,60.2076445,POI
9337,,tourist_info,Point (24.9497004 60.2077328),24.9497004,60.2077328,POI
9338,,bench,Point (24.9586118 60.2001523),24.9586118,60.2001523,POI
9339,,bench,Point (24.9586426 60.2001511),24.9586426,60.2001511,POI
9340,,bench,Point (24.9586775 60.2001498),24.9586775,60.2001498,POI
9341,,bench,Point (24.9587114 60.2001473),24.9587114,60.2001473,POI
9342,,bench,Point (24.958904 60.2001353),24.958904,60.2001353,POI
9343,,bench,Point (24.9589435 60.2001327),24.9589435,60.2001327,POI
9344,,bench,Point (24.9585777 60.2000092),24.9585777,60.2000092,POI
9345,,bench,Point (24.9586122 60.2000087),24.9586122,60.2000087,POI
9346,,bench,Point (24.9583535 60.2001082),24.9583535,60.2001082,POI
9347,,bench,Point (24.9583496 60.2000882),24.9583496,60.2000882,POI
9348,Vallilan siirtolapuutarhamuseo,museum,Point (24.9563786 60.2003636),24.9563786,60.2003636,POI
9349,Classic Pizza Restaurant,restaurant,Point (24.9789304 60.1864847),24.9789304,60.1864847,POI
9350,OLAPLEX,hairdresser,Point (24.9533713 60.1728439),24.9533713,60.1728439,POI
9351,Gloss Laservalkaisu,dentist,Point (24.9534122 60.1727228),24.9534122,60.1727228,POI
9352,,waste_basket,Point (24.9753387 60.2013513),24.9753387,60.2013513,POI
9353,,waste_basket,Point (24.9768615 60.2018795),24.9768615,60.2018795,POI
9354,,waste_basket,Point (24.9775157 60.2026687),24.9775157,60.2026687,POI
9355,,waste_basket,Point (24.9792761 60.2034493),24.9792761,60.2034493,POI
9356,,waste_basket,Point (24.9803291 60.2045102),24.9803291,60.2045102,POI
9357,,waste_basket,Point (24.9795852 60.2047554),24.9795852,60.2047554,POI
9358,,waste_basket,Point (24.979584 60.2048688),24.979584,60.2048688,POI
9359,,waste_basket,Point (24.9784127 60.2050023),24.9784127,60.2050023,POI
9360,,waste_basket,Point (24.9773158 60.2047171),24.9773158,60.2047171,POI
9361,,waste_basket,Point (24.9782977 60.2044716),24.9782977,60.2044716,POI
9362,,waste_basket,Point (24.9806696 60.2060928),24.9806696,60.2060928,POI
9363,,waste_basket,Point (24.9827286 60.2084073),24.9827286,60.2084073,POI
9364,,waste_basket,Point (24.9827865 60.2089011),24.9827865,60.2089011,POI
9365,,waste_basket,Point (24.9828514 60.2095787),24.9828514,60.2095787,POI
9366,,waste_basket,Point (24.9818048 60.2093413),24.9818048,60.2093413,POI
9367,,waste_basket,Point (24.9826925 60.2105136),24.9826925,60.2105136,POI
9368,,waste_basket,Point (24.9831766 60.2112579),24.9831766,60.2112579,POI
9369,,waste_basket,Point (24.9826386 60.2112332),24.9826386,60.2112332,POI
9370,,waste_basket,Point (24.9825628 60.2129752),24.9825628,60.2129752,POI
9371,,waste_basket,Point (24.9825843 60.213543),24.9825843,60.213543,POI
9372,,waste_basket,Point (24.9823744 60.213591),24.9823744,60.213591,POI
9373,,waste_basket,Point (24.9822617 60.2062997),24.9822617,60.2062997,POI
9374,,waste_basket,Point (24.9818686 60.2054302),24.9818686,60.2054302,POI
9375,,tourist_info,Point (24.9563368 60.1975343),24.9563368,60.1975343,POI
9376,Lazy Fox,restaurant,Point (24.9326106 60.1646611),24.9326106,60.1646611,POI
9377,,tourist_info,Point (24.9612207 60.1934008),24.9612207,60.1934008,POI
9378,Brasa,restaurant,Point (24.9527389 60.1688936),24.9527389,60.1688936,POI
9379,"Early One Morning, Eternity Sculpture",artwork,Point (24.9827035 60.1839903),24.9827035,60.1839903,POI
9380,,waste_basket,Point (24.9764565 60.1847308),24.9764565,60.1847308,POI
9381,,waste_basket,Point (24.9784991 60.1855357),24.9784991,60.1855357,POI
9382,Bistro Bryk,restaurant,Point (24.9754526 60.208551),24.9754526,60.208551,POI
9383,Bistro K,restaurant,Point (24.9640456 60.1901899),24.9640456,60.1901899,POI
9384,Nordic Light Restaurant,restaurant,Point (24.9778796 60.2079358),24.9778796,60.2079358,POI
9385,Niska,restaurant,Point (24.9596146 60.1690144),24.9596146,60.1690144,POI
9386,Lentoon,artwork,Point (24.9564347 60.217602),24.9564347,60.217602,POI
9387,Evakko?iti,memorial,Point (24.9567691 60.214883),24.9567691,60.214883,POI
9388,Omille siiville!,artwork,Point (24.9455943 60.2101282),24.9455943,60.2101282,POI
9389,,waste_basket,Point (24.9796471 60.1824501),24.9796471,60.1824501,POI
9390,,waste_basket,Point (24.9797284 60.182401),24.9797284,60.182401,POI
9391,,bench,Point (24.9792925 60.1813406),24.9792925,60.1813406,POI
9392,,bench,Point (24.9792942 60.181081),24.9792942,60.181081,POI
9393,,bench,Point (24.9792973 60.1810382),24.9792973,60.1810382,POI
9394,,waste_basket,Point (24.9792278 60.1811612),24.9792278,60.1811612,POI
9395,Beauty Hair Sirpa Mansner,hairdresser,Point (24.9464771 60.1709392),24.9464771,60.1709392,POI
9396,,waste_basket,Point (24.9753693 60.1823821),24.9753693,60.1823821,POI
9397,,bench,Point (24.9752095 60.182361),24.9752095,60.182361,POI
9398,,bench,Point (24.9752677 60.1823707),24.9752677,60.1823707,POI
9399,,waste_basket,Point (24.9759078 60.1828424),24.9759078,60.1828424,POI
9400,,bench,Point (24.9744549 60.181711),24.9744549,60.181711,POI
9401,,waste_basket,Point (24.9764 60.1841815),24.9764,60.1841815,POI
9402,,waste_basket,Point (24.9783732 60.1846142),24.9783732,60.1846142,POI
9403,M/S Arcturus,memorial,Point (24.9776274 60.183776),24.9776274,60.183776,POI
9404,,waste_basket,Point (24.9756494 60.1839542),24.9756494,60.1839542,POI
9405,,waste_basket,Point (24.975485 60.1839316),24.975485,60.1839316,POI
9406,,memorial,Point (24.9768356 60.1845438),24.9768356,60.1845438,POI
9407,Vanhankaupunginlahti,tourist_info,Point (24.9825129 60.2136288),24.9825129,60.2136288,POI
9408,Annala,tourist_info,Point (24.9786599 60.2139497),24.9786599,60.2139497,POI
9409,,shelter,Point (24.9870198 60.175246),24.9870198,60.175246,POI
9410,Urhea-kampus,bicycle_rental,Point (24.9477851 60.1991868),24.9477851,60.1991868,POI
9411,Tuuliobeliski,artwork,Point (24.9821752 60.2157447),24.9821752,60.2157447,POI
9412,,artwork,Point (24.9836554 60.2154527),24.9836554,60.2154527,POI
9413,Tihtaali,memorial,Point (24.9762308 60.1837183),24.9762308,60.1837183,POI
9414,Helsingin ahtausty?ntekij?iden muistomerkki (tihtaali),memorial,Point (24.9761877 60.1836997),24.9761877,60.1836997,POI
9415,Veteen piirretty viiva,artwork,Point (24.9827788 60.1854997),24.9827788,60.1854997,POI
9416,Kenen Helsinki,artwork,Point (24.9793231 60.187076),24.9793231,60.187076,POI
9417,Olympiakyl?,memorial,Point (24.9483854 60.2097045),24.9483854,60.2097045,POI
9418,Kisakyl?,memorial,Point (24.9488865 60.2093334),24.9488865,60.2093334,POI
9419,,artwork,Point (24.9324372 60.201305),24.9324372,60.201305,POI
9420,Framery,furniture_shop,Point (24.9431455 60.1691238),24.9431455,60.1691238,POI
9421,Halti Stockmann Helsinki,clothes,Point (24.9423771 60.1684164),24.9423771,60.1684164,POI
9422,,bench,Point (24.98237 60.1835101),24.98237,60.1835101,POI
9423,,bench,Point (24.9823817 60.1835369),24.9823817,60.1835369,POI
9424,,waste_basket,Point (24.9823865 60.1836062),24.9823865,60.1836062,POI
9425,,waste_basket,Point (24.9823239 60.1834677),24.9823239,60.1834677,POI
9426,,waste_basket,Point (24.9829747 60.1837811),24.9829747,60.1837811,POI
9427,,waste_basket,Point (24.9829067 60.1840198),24.9829067,60.1840198,POI
9428,,waste_basket,Point (24.982727 60.1843166),24.982727,60.1843166,POI
9429,,waste_basket,Point (24.9828683 60.1842892),24.9828683,60.1842892,POI
9430,,bench,Point (24.9828427 60.184221),24.9828427,60.184221,POI
9431,,bench,Point (24.9828946 60.1842288),24.9828946,60.1842288,POI
9432,,bench,Point (24.9829076 60.1842108),24.9829076,60.1842108,POI
9433,,bench,Point (24.9829041 60.1841105),24.9829041,60.1841105,POI
9434,,bench,Point (24.9829099 60.1841001),24.9829099,60.1841001,POI
9435,,bench,Point (24.9828337 60.1841103),24.9828337,60.1841103,POI
9436,,bench,Point (24.9828372 60.1840981),24.9828372,60.1840981,POI
9437,,bench,Point (24.9828546 60.1840927),24.9828546,60.1840927,POI
9438,,recycling,Point (24.9850033 60.1731998),24.9850033,60.1731998,POI
9439,,bench,Point (24.9806316 60.1826433),24.9806316,60.1826433,POI
9440,,bench,Point (24.9807072 60.1826373),24.9807072,60.1826373,POI
9441,,bench,Point (24.9807318 60.1826349),24.9807318,60.1826349,POI
9442,,bench,Point (24.9807546 60.1826316),24.9807546,60.1826316,POI
9443,,bench,Point (24.9804837 60.1826578),24.9804837,60.1826578,POI
9444,,waste_basket,Point (24.9818475 60.1826817),24.9818475,60.1826817,POI
9445,,bench,Point (24.9798922 60.1746961),24.9798922,60.1746961,POI
9446,,bench,Point (24.979769 60.1746685),24.979769,60.1746685,POI
9447,,bench,Point (24.9840865 60.1848848),24.9840865,60.1848848,POI
9448,,bench,Point (24.9840935 60.184899),24.9840935,60.184899,POI
9449,,bench,Point (24.9840956 60.1849177),24.9840956,60.1849177,POI
9450,,bench,Point (24.9840881 60.1849331),24.9840881,60.1849331,POI
9451,,bench,Point (24.9840581 60.1849282),24.9840581,60.1849282,POI
9452,Ruohonjuuri,supermarket,Point (24.9391661 60.1698288),24.9391661,60.1698288,POI
9453,,bench,Point (24.946621 60.2097942),24.946621,60.2097942,POI
9454,,bench,Point (24.946643 60.2099949),24.946643,60.2099949,POI
9455,,waste_basket,Point (24.9466057 60.2099905),24.9466057,60.2099905,POI
9456,Pars Pro Toto,artwork,Point (24.983514 60.1878389),24.983514,60.1878389,POI
9457,,picnic_site,Point (24.9844563 60.1765405),24.9844563,60.1765405,POI
9458,,bench,Point (24.9821219 60.1732953),24.9821219,60.1732953,POI
9459,,bench,Point (24.9862943 60.1737534),24.9862943,60.1737534,POI
9460,,bench,Point (24.9863938 60.1737999),24.9863938,60.1737999,POI
9461,,bench,Point (24.9834425 60.1749908),24.9834425,60.1749908,POI
9462,,bench,Point (24.9834691 60.174961),24.9834691,60.174961,POI
9463,,bench,Point (24.9834922 60.1749328),24.9834922,60.1749328,POI
9464,,bench,Point (24.9835219 60.1749008),24.9835219,60.1749008,POI
9465,,waste_basket,Point (24.9814098 60.1745661),24.9814098,60.1745661,POI
9466,,vending_any,Point (24.9824853 60.1860189),24.9824853,60.1860189,POI
9467,,vending_any,Point (24.9818373 60.1827076),24.9818373,60.1827076,POI
9468,,vending_any,Point (24.9796317 60.182425),24.9796317,60.182425,POI
9469,,vending_any,Point (24.9787128 60.1803393),24.9787128,60.1803393,POI
9470,,vending_any,Point (24.9761298 60.182842),24.9761298,60.182842,POI
9471,Big Be-Hide,artwork,Point (24.9755133 60.1835298),24.9755133,60.1835298,POI
9472,The YARD Hostel,hostel,Point (24.9396246 60.1680664),24.9396246,60.1680664,POI
9473,,bench,Point (24.976678 60.1896075),24.976678,60.1896075,POI
9474,,bench,Point (24.9766973 60.1896292),24.9766973,60.1896292,POI
9475,,bench,Point (24.9767313 60.1896631),24.9767313,60.1896631,POI
9476,,bench,Point (24.9767486 60.1896803),24.9767486,60.1896803,POI
9477,Mamma,artwork,Point (24.9684504 60.2011097),24.9684504,60.2011097,POI
9478,,bench,Point (24.9691163 60.2019499),24.9691163,60.2019499,POI
9479,Burgers & Wine,restaurant,Point (24.9287557 60.1978408),24.9287557,60.1978408,POI
9480,Tower,restaurant,Point (24.9305872 60.1988818),24.9305872,60.1988818,POI
9481,Limone,restaurant,Point (24.9304226 60.1986483),24.9304226,60.1986483,POI
9482,Antikvariaatti Vilho,bookshop,Point (24.9288817 60.1749696),24.9288817,60.1749696,POI
9483,,vending_any,Point (24.9783767 60.1853463),24.9783767,60.1853463,POI
9484,,vending_any,Point (24.9775733 60.1839914),24.9775733,60.1839914,POI
9485,,waste_basket,Point (24.973839 60.181046),24.973839,60.181046,POI
9486,,vending_any,Point (24.9738972 60.1809988),24.9738972,60.1809988,POI
9487,,bench,Point (24.9739555 60.1811335),24.9739555,60.1811335,POI
9488,,bench,Point (24.9741574 60.1813088),24.9741574,60.1813088,POI
9489,,bench,Point (24.9748775 60.1819367),24.9748775,60.1819367,POI
9490,,bench,Point (24.9750698 60.1820966),24.9750698,60.1820966,POI
9491,,bench,Point (24.9756238 60.1825706),24.9756238,60.1825706,POI
9492,,bench,Point (24.9758099 60.182728),24.9758099,60.182728,POI
9493,,bench,Point (24.9737419 60.1810472),24.9737419,60.1810472,POI
9494,,vending_any,Point (24.9825042 60.1841538),24.9825042,60.1841538,POI
9495,INFO,tourist_info,Point (24.9765631 60.1890797),24.9765631,60.1890797,POI
9496,,bench,Point (24.9764945 60.2163472),24.9764945,60.2163472,POI
9497,Helsingin ensimm?isen kirkon ja hautausmaan muistokivi,memorial,Point (24.9764004 60.2160483),24.9764004,60.2160483,POI
9498,Helsingin rakentajien muistomerkki,memorial,Point (24.9764567 60.2165012),24.9764567,60.2165012,POI
9499,,memorial,Point (24.9767381 60.2164832),24.9767381,60.2164832,POI
9500,Kotipizza,fast_food,Point (24.8786565 60.1974156),24.8786565,60.1974156,POI
9501,,waste_basket,Point (24.9821583 60.1888285),24.9821583,60.1888285,POI
9502,,waste_basket,Point (24.9817332 60.1897924),24.9817332,60.1897924,POI
9503,,restaurant,Point (24.9348381 60.16496),24.9348381,60.16496,POI
9504,Sotto,restaurant,Point (24.9740644 60.1807833),24.9740644,60.1807833,POI
9505,Mad Finn Taproom & Pizza co. Helsinki,restaurant,Point (24.9746102 60.1810769),24.9746102,60.1810769,POI
9506,HOB Mukavuusalue | Comfort Zone,bar,Point (24.9815284 60.1827607),24.9815284,60.1827607,POI
9507,,waste_basket,Point (24.9177279 60.1728546),24.9177279,60.1728546,POI
9508,,bench,Point (24.9172982 60.1730837),24.9172982,60.1730837,POI
9509,,bench,Point (24.9168949 60.1731873),24.9168949,60.1731873,POI
9510,,waste_basket,Point (24.9150752 60.1735691),24.9150752,60.1735691,POI
9511,,bench,Point (24.95211 60.1773849),24.95211,60.1773849,POI
9512,,bench,Point (24.9159906 60.1732228),24.9159906,60.1732228,POI
9513,,waste_basket,Point (24.9172494 60.1731238),24.9172494,60.1731238,POI
9514,,bench,Point (24.9163284 60.1727652),24.9163284,60.1727652,POI
9515,,waste_basket,Point (24.9521555 60.1773918),24.9521555,60.1773918,POI
9516,,waste_basket,Point (24.9168609 60.1727408),24.9168609,60.1727408,POI
9517,,waste_basket,Point (24.9163201 60.1728504),24.9163201,60.1728504,POI
9518,,bench,Point (24.9170913 60.1727723),24.9170913,60.1727723,POI
9519,,waste_basket,Point (24.9521336 60.1775424),24.9521336,60.1775424,POI
9520,,bench,Point (24.9167171 60.1727275),24.9167171,60.1727275,POI
9521,,waste_basket,Point (24.9165089 60.173193),24.9165089,60.173193,POI
9522,,bench,Point (24.9163595 60.1723792),24.9163595,60.1723792,POI
9523,,bench,Point (24.9175072 60.172817),24.9175072,60.172817,POI
9524,,bench,Point (24.9745957 60.2063202),24.9745957,60.2063202,POI
9525,,vending_any,Point (24.9780625 60.2080459),24.9780625,60.2080459,POI
9526,,bench,Point (24.9817751 60.2079962),24.9817751,60.2079962,POI
9527,Vanha Helsingin tori ja raatihuone,attraction,Point (24.9789795 60.2146355),24.9789795,60.2146355,POI
9528,Katariina Saksilaisen muistomerkki,artwork,Point (24.9828118 60.2138078),24.9828118,60.2138078,POI
9529,Arabian nuorisotalo,community_centre,Point (24.9762623 60.2042837),24.9762623,60.2042837,POI
9530,Koskelantie,bicycle_rental,Point (24.9467548 60.2087689),24.9467548,60.2087689,POI
9531,,bench,Point (24.9823863 60.2136453),24.9823863,60.2136453,POI
9532,,bench,Point (24.982349 60.2138533),24.982349,60.2138533,POI
9533,,bench,Point (24.9823182 60.2138722),24.9823182,60.2138722,POI
9534,,waste_basket,Point (24.9813118 60.2147583),24.9813118,60.2147583,POI
9535,,waste_basket,Point (24.9826779 60.2167216),24.9826779,60.2167216,POI
9536,,tourist_info,Point (24.9835485 60.1813112),24.9835485,60.1813112,POI
9537,,tourist_info,Point (24.9764366 60.1837779),24.9764366,60.1837779,POI
9538,,waste_basket,Point (24.9193976 60.1636842),24.9193976,60.1636842,POI
9539,,bench,Point (24.9193827 60.163689),24.9193827,60.163689,POI
9540,The Pantry,restaurant,Point (24.919728 60.163699),24.919728,60.163699,POI
9541,,bench,Point (24.9828289 60.2157146),24.9828289,60.2157146,POI
9542,Krung Thep Thai Bistro,restaurant,Point (24.9782668 60.2117768),24.9782668,60.2117768,POI
9543,"Vanhankaupunginkosken kalapolku, Hauki",tourist_info,Point (24.9829638 60.2155258),24.9829638,60.2155258,POI
9544,,bench,Point (24.9833367 60.2157148),24.9833367,60.2157148,POI
9545,,bench,Point (24.9833643 60.2157042),24.9833643,60.2157042,POI
9546,Gastrogrill Mur¨¦,restaurant,Point (24.9513727 60.1680053),24.9513727,60.1680053,POI
9547,,bench,Point (24.9786558 60.2075016),24.9786558,60.2075016,POI
9548,,bench,Point (24.9786201 60.2075037),24.9786201,60.2075037,POI
9549,,bench,Point (24.9785944 60.2075186),24.9785944,60.2075186,POI
9550,,bench,Point (24.978595 60.207535),24.978595,60.207535,POI
9551,,bench,Point (24.9786217 60.2075496),24.9786217,60.2075496,POI
9552,,bench,Point (24.9786621 60.2075503),24.9786621,60.2075503,POI
9553,,bench,Point (24.978687 60.2075401),24.978687,60.2075401,POI
9554,,bench,Point (24.9786946 60.2075294),24.9786946,60.2075294,POI
9555,,bench,Point (24.9786875 60.2075132),24.9786875,60.2075132,POI
9556,,bench,Point (24.9784086 60.2073711),24.9784086,60.2073711,POI
9557,,bench,Point (24.9784357 60.2072818),24.9784357,60.2072818,POI
9558,,bench,Point (24.9784639 60.2072669),24.9784639,60.2072669,POI
9559,,bench,Point (24.9784637 60.2072497),24.9784637,60.2072497,POI
9560,,bench,Point (24.9784361 60.2072351),24.9784361,60.2072351,POI
9561,,bench,Point (24.9783947 60.2072353),24.9783947,60.2072353,POI
9562,,bench,Point (24.9783673 60.2072504),24.9783673,60.2072504,POI
9563,,bench,Point (24.9783708 60.2072705),24.9783708,60.2072705,POI
9564,,bench,Point (24.978399 60.2072824),24.978399,60.2072824,POI
9565,,artwork,Point (24.9785202 60.2073911),24.9785202,60.2073911,POI
9566,,waste_basket,Point (24.9822086 60.2166672),24.9822086,60.2166672,POI
9567,,tourist_info,Point (24.9814458 60.2168389),24.9814458,60.2168389,POI
9568,"Vanhankaupunginkosken kalapolku, Taimen",tourist_info,Point (24.9816327 60.2168354),24.9816327,60.2168354,POI
9569,Tekniikan museo,tourist_info,Point (24.9815901 60.2168474),24.9815901,60.2168474,POI
9570,Vanhankaupunginkosken kalapolku,tourist_info,Point (24.982398 60.2166747),24.982398,60.2166747,POI
9571,,tourist_info,Point (24.9895312 60.1809558),24.9895312,60.1809558,POI
9572,Tiedekirja,bookshop,Point (24.9535696 60.1717092),24.9535696,60.1717092,POI
9573,,bench,Point (24.9319271 60.1835849),24.9319271,60.1835849,POI
9574,,bench,Point (24.9320955 60.1839208),24.9320955,60.1839208,POI
9575,,bench,Point (24.9315588 60.1821489),24.9315588,60.1821489,POI
9576,,bench,Point (24.9317413 60.1830772),24.9317413,60.1830772,POI
9577,Louhenkallion taidetunneli,artwork,Point (24.9429723 60.2146733),24.9429723,60.2146733,POI
9578,,waste_basket,Point (24.8835821 60.202468),24.8835821,60.202468,POI
9579,,bench,Point (24.8836901 60.2024591),24.8836901,60.2024591,POI
9580,,waste_basket,Point (24.8853216 60.2018378),24.8853216,60.2018378,POI
9581,,bench,Point (24.885376 60.201809),24.885376,60.201809,POI
9582,,waste_basket,Point (24.8889738 60.2062168),24.8889738,60.2062168,POI
9583,,waste_basket,Point (24.8946228 60.2035136),24.8946228,60.2035136,POI
9584,,waste_basket,Point (24.8946378 60.2035267),24.8946378,60.2035267,POI
9585,,waste_basket,Point (24.8947494 60.2035763),24.8947494,60.2035763,POI
9586,,post_box,Point (24.8947679 60.2035852),24.8947679,60.2035852,POI
9587,,bench,Point (24.8933417 60.2039911),24.8933417,60.2039911,POI
9588,,bench,Point (24.8933618 60.2039619),24.8933618,60.2039619,POI
9589,,bench,Point (24.8933503 60.2039289),24.8933503,60.2039289,POI
9590,,waste_basket,Point (24.893105 60.2038787),24.893105,60.2038787,POI
9591,,waste_basket,Point (24.8931522 60.207413),24.8931522,60.207413,POI
9592,,bench,Point (24.892874 60.2042178),24.892874,60.2042178,POI
9593,,bench,Point (24.9135221 60.1920726),24.9135221,60.1920726,POI
9594,Ruoholahden terveysasema,clinic,Point (24.9027222 60.1625137),24.9027222,60.1625137,POI
9595,,waste_basket,Point (24.8857465 60.2005968),24.8857465,60.2005968,POI
9596,,waste_basket,Point (24.8874216 60.2039987),24.8874216,60.2039987,POI
9597,,waste_basket,Point (24.8855633 60.2014417),24.8855633,60.2014417,POI
9598,,waste_basket,Point (24.8856134 60.1967708),24.8856134,60.1967708,POI
9599,,waste_basket,Point (24.887212 60.198952),24.887212,60.198952,POI
9600,,waste_basket,Point (24.8869989 60.197747),24.8869989,60.197747,POI
9601,,waste_basket,Point (24.8866884 60.1972699),24.8866884,60.1972699,POI
9602,,waste_basket,Point (24.8858831 60.1967032),24.8858831,60.1967032,POI
9603,,waste_basket,Point (24.8861327 60.1966787),24.8861327,60.1966787,POI
9604,,waste_basket,Point (24.8858323 60.1967096),24.8858323,60.1967096,POI
9605,,bench,Point (24.8855011 60.2040356),24.8855011,60.2040356,POI
9606,,waste_basket,Point (24.8858645 60.2040232),24.8858645,60.2040232,POI
9607,,waste_basket,Point (24.8854911 60.1969187),24.8854911,60.1969187,POI
9608,,bench,Point (24.8875947 60.2056655),24.8875947,60.2056655,POI
9609,,waste_basket,Point (24.8863582 60.2054341),24.8863582,60.2054341,POI
9610,,waste_basket,Point (24.8865851 60.2051597),24.8865851,60.2051597,POI
9611,,waste_basket,Point (24.88749 60.2044825),24.88749,60.2044825,POI
9612,,waste_basket,Point (24.8793585 60.2094765),24.8793585,60.2094765,POI
9613,,waste_basket,Point (24.8801746 60.2094719),24.8801746,60.2094719,POI
9614,,waste_basket,Point (24.8810923 60.2092889),24.8810923,60.2092889,POI
9615,,waste_basket,Point (24.8874157 60.2044458),24.8874157,60.2044458,POI
9616,,bench,Point (24.8873831 60.2044193),24.8873831,60.2044193,POI
9617,,waste_basket,Point (24.8868399 60.2049167),24.8868399,60.2049167,POI
9618,,waste_basket,Point (24.8839233 60.2088988),24.8839233,60.2088988,POI
9619,,waste_basket,Point (24.8845033 60.2087834),24.8845033,60.2087834,POI
9620,,waste_basket,Point (24.8819092 60.2054967),24.8819092,60.2054967,POI
9621,,waste_basket,Point (24.8871059 60.204666),24.8871059,60.204666,POI
9622,,bench,Point (24.8819099 60.2055115),24.8819099,60.2055115,POI
9623,,bench,Point (24.8808641 60.2056004),24.8808641,60.2056004,POI
9624,,waste_basket,Point (24.8761742 60.2088801),24.8761742,60.2088801,POI
9625,Alepa,convenience,Point (24.9648605 60.1666641),24.9648605,60.1666641,POI
9626,Alko,beverages,Point (24.9649906 60.1666233),24.9649906,60.1666233,POI
9627,,vending_parking,Point (24.9689293 60.1664372),24.9689293,60.1664372,POI
9628,Hotel Mestari,hotel,Point (24.9335899 60.1669397),24.9335899,60.1669397,POI
9629,,bench,Point (24.879725 60.1617713),24.879725,60.1617713,POI
9630,,waste_basket,Point (24.889195 60.2068433),24.889195,60.2068433,POI
9631,,waste_basket,Point (24.8850688 60.2116967),24.8850688,60.2116967,POI
9632,,waste_basket,Point (24.8847169 60.2120297),24.8847169,60.2120297,POI
9633,,bench,Point (24.8847241 60.2120982),24.8847241,60.2120982,POI
9634,,waste_basket,Point (24.8846311 60.2122834),24.8846311,60.2122834,POI
9635,,bench,Point (24.8847362 60.2124745),24.8847362,60.2124745,POI
9636,,waste_basket,Point (24.8847176 60.212616),24.8847176,60.212616,POI
9637,,waste_basket,Point (24.8837399 60.213032),24.8837399,60.213032,POI
9638,,waste_basket,Point (24.907802 60.2153872),24.907802,60.2153872,POI
9639,,bench,Point (24.9078592 60.2154483),24.9078592,60.2154483,POI
9640,,waste_basket,Point (24.8918153 60.2179456),24.8918153,60.2179456,POI
9641,,waste_basket,Point (24.8921916 60.2122401),24.8921916,60.2122401,POI
9642,,waste_basket,Point (24.8833446 60.2091805),24.8833446,60.2091805,POI
9643,,bench,Point (24.8830098 60.2090742),24.8830098,60.2090742,POI
9644,,bench,Point (24.882517 60.2091068),24.882517,60.2091068,POI
9645,,tourist_info,Point (24.915844 60.19697),24.915844,60.19697,POI
9646,DIF D?ner,restaurant,Point (24.916545 60.1632944),24.916545,60.1632944,POI
9647,Rioni Helsinki,restaurant,Point (24.9478799 60.1665634),24.9478799,60.1665634,POI
9648,Mossy Nails,beauty_shop,Point (24.9099406 60.1592111),24.9099406,60.1592111,POI
9649,HSY vesiposti: Iso Mustasaari C31,drinking_water,Point (24.9863454 60.1470247),24.9863454,60.1470247,POI
9650,HSY vesiposti: Iso Mustasaari C45,drinking_water,Point (24.9852864 60.1482583),24.9852864,60.1482583,POI
9651,HSY vesiposti: Pohjoiskaari 25,drinking_water,Point (24.8876878 60.1637143),24.8876878,60.1637143,POI
9652,HSY vesiposti: Hiekkarannantie 15,drinking_water,Point (24.9045023 60.172493),24.9045023,60.172493,POI
9653,HSY vesiposti: Sandelsinkatu 1,drinking_water,Point (24.9240086 60.178913),24.9240086,60.178913,POI
9654,HSY vesiposti: Fredrikintori,drinking_water,Point (24.9398547 60.1621453),24.9398547,60.1621453,POI
9655,HSY vesiposti: Kauppatori,drinking_water,Point (24.954145 60.1674087),24.954145,60.1674087,POI
9656,HSY vesiposti: Rauhankatu 13,drinking_water,Point (24.9551159 60.1713707),24.9551159,60.1713707,POI
9657,HSY vesiposti: Kivihaankuja 2b,drinking_water,Point (24.9003352 60.2091165),24.9003352,60.2091165,POI
9658,,playground,Point (24.8977706 60.203739),24.8977706,60.203739,POI
9659,High Hair Room,hairdresser,Point (24.8954309 60.2045402),24.8954309,60.2045402,POI
9660,K-Market,convenience,Point (24.8946781 60.2035946),24.8946781,60.2035946,POI
9661,,bench,Point (24.8938447 60.2026915),24.8938447,60.2026915,POI
9662,,bench,Point (24.8937221 60.2027575),24.8937221,60.2027575,POI
9663,,bench,Point (24.8935859 60.2028244),24.8935859,60.2028244,POI
9664,,bench,Point (24.8977578 60.1988375),24.8977578,60.1988375,POI
9665,Femeia Fashion,clothes,Point (24.8931272 60.1954146),24.8931272,60.1954146,POI
9666,Ph? Nokis,restaurant,Point (24.9314402 60.1687516),24.9314402,60.1687516,POI
9667,S-market,supermarket,Point (24.9496715 60.1779596),24.9496715,60.1779596,POI
9668,Kaf¨¦ Koma Nightclub,nightclub,Point (24.9410948 60.1802345),24.9410948,60.1802345,POI
9669,,bench,Point (24.8759517 60.1613505),24.8759517,60.1613505,POI
9670,,toilet,Point (24.9151287 60.1493013),24.9151287,60.1493013,POI
9671,,vending_any,Point (24.9309092 60.1536761),24.9309092,60.1536761,POI
9672,,bench,Point (24.9404663 60.1577284),24.9404663,60.1577284,POI
9673,,waste_basket,Point (24.9404575 60.1576779),24.9404575,60.1576779,POI
9674,,bench,Point (24.9405879 60.1578332),24.9405879,60.1578332,POI
9675,,bench,Point (24.9410194 60.1577941),24.9410194,60.1577941,POI
9676,,waste_basket,Point (24.9410729 60.1577357),24.9410729,60.1577357,POI
9677,,bench,Point (24.9411204 60.1576485),24.9411204,60.1576485,POI
9678,,bench,Point (24.9411552 60.1575719),24.9411552,60.1575719,POI
9679,,bench,Point (24.9411932 60.157487),24.9411932,60.157487,POI
9680,,waste_basket,Point (24.9412473 60.1574283),24.9412473,60.1574283,POI
9681,,bench,Point (24.9412426 60.1573528),24.9412426,60.1573528,POI
9682,,bench,Point (24.9408773 60.157219),24.9408773,60.157219,POI
9683,,waste_basket,Point (24.9406079 60.1573546),24.9406079,60.1573546,POI
9684,,bench,Point (24.9405315 60.1575181),24.9405315,60.1575181,POI
9685,,bench,Point (24.9405727 60.1574327),24.9405727,60.1574327,POI
9686,,bench,Point (24.871568 60.1623827),24.871568,60.1623827,POI
9687,,bench,Point (24.8703603 60.1625202),24.8703603,60.1625202,POI
9688,,viewpoint,Point (24.8688904 60.1542002),24.8688904,60.1542002,POI
9689,,toilet,Point (24.9925946 60.1789293),24.9925946,60.1789293,POI
9690,,bench,Point (24.8849722 60.1627809),24.8849722,60.1627809,POI
9691,My o My Home,gift_shop,Point (24.9462929 60.1681435),24.9462929,60.1681435,POI
9692,My o My - Fashion,clothes,Point (24.9468104 60.1682495),24.9468104,60.1682495,POI
9693,My o My Home,gift_shop,Point (24.9392331 60.1689794),24.9392331,60.1689794,POI
9694,Homebase,fast_food,Point (24.9334898 60.1680282),24.9334898,60.1680282,POI
9695,Don Corleone Italian Kitchen,restaurant,Point (24.9335555 60.1692686),24.9335555,60.1692686,POI
9696,Khao Gaeng Thai Street Food,fast_food,Point (24.9336098 60.1692278),24.9336098,60.1692278,POI
9697,Jungle Juice Bar,fast_food,Point (24.9337184 60.1691462),24.9337184,60.1691462,POI
9698,Rax Pizzabuffet,fast_food,Point (24.9339277 60.1692219),24.9339277,60.1692219,POI
9699,Taco Bell,fast_food,Point (24.9338575 60.1692755),24.9338575,60.1692755,POI
9700,R-Kioski,kiosk,Point (24.9337171 60.1693826),24.9337171,60.1693826,POI
9701,Pizzeria Via Tribunali,restaurant,Point (24.8831425 60.2011376),24.8831425,60.2011376,POI
9702,MyMovies.fi,video_shop,Point (24.9331434 60.167797),24.9331434,60.167797,POI
9703,,bench,Point (24.9111266 60.2146962),24.9111266,60.2146962,POI
9704,Forza,restaurant,Point (24.9336682 60.1584261),24.9336682,60.1584261,POI
9705,S-market,supermarket,Point (24.9780374 60.1875096),24.9780374,60.1875096,POI
9706,Terveystalo,clinic,Point (24.9800953 60.1875347),24.9800953,60.1875347,POI
9707,,waste_basket,Point (24.9626068 60.1692319),24.9626068,60.1692319,POI
9708,,waste_basket,Point (24.9622031 60.1692248),24.9622031,60.1692248,POI
9709,,waste_basket,Point (24.9707213 60.2010859),24.9707213,60.2010859,POI
9710,,waste_basket,Point (24.9692195 60.2006994),24.9692195,60.2006994,POI
9711,,waste_basket,Point (24.9718623 60.2013935),24.9718623,60.2013935,POI
9712,Beauty Office Helsinki,beauty_shop,Point (24.9784557 60.180851),24.9784557,60.180851,POI
9713,Blondify Kalasatama,beauty_shop,Point (24.9748379 60.1814275),24.9748379,60.1814275,POI
9714,Hattarasalonki,hairdresser,Point (24.9759992 60.1824734),24.9759992,60.1824734,POI
9715,BC Clinic,beauty_shop,Point (24.9763379 60.1827713),24.9763379,60.1827713,POI
9716,Ravintola Sis?piha,restaurant,Point (24.9321835 60.1665456),24.9321835,60.1665456,POI
9717,,waste_basket,Point (24.9913055 60.1815436),24.9913055,60.1815436,POI
9718,Hive Helsinki,college,Point (24.9583658 60.1808258),24.9583658,60.1808258,POI
9719,Hav A Java,cafe,Point (24.9506975 60.1744869),24.9506975,60.1744869,POI
9720,Bertta 33,restaurant,Point (24.9443042 60.1957414),24.9443042,60.1957414,POI
9721,Ravintola Veturitallit,restaurant,Point (24.9331822 60.1952182),24.9331822,60.1952182,POI
9722,Helsingin Syd?n-sai-raala,hospital,Point (24.9096931 60.1594058),24.9096931,60.1594058,POI
9723,Oppa Korean BBQ,restaurant,Point (24.947157 60.1711701),24.947157,60.1711701,POI
9724,,bench,Point (24.9144149 60.2029782),24.9144149,60.2029782,POI
9725,,waste_basket,Point (24.9144909 60.2029298),24.9144909,60.2029298,POI
9726,,bench,Point (24.9174535 60.2002538),24.9174535,60.2002538,POI
9727,,bench,Point (24.9167751 60.1998306),24.9167751,60.1998306,POI
9728,,waste_basket,Point (24.9167548 60.1998794),24.9167548,60.1998794,POI
9729,,bench,Point (24.9188784 60.2017041),24.9188784,60.2017041,POI
9730,,waste_basket,Point (24.9189249 60.2017076),24.9189249,60.2017076,POI
9731,,bench,Point (24.9190571 60.2016184),24.9190571,60.2016184,POI
9732,Ravintola Gresa,restaurant,Point (24.9206087 60.1642044),24.9206087,60.1642044,POI
9733,Antell Femma,restaurant,Point (24.9191471 60.1641362),24.9191471,60.1641362,POI
9734,,waste_basket,Point (24.9465138 60.2106965),24.9465138,60.2106965,POI
9735,,bench,Point (24.8701618 60.1583624),24.8701618,60.1583624,POI
9736,,waste_basket,Point (24.9714032 60.192456),24.9714032,60.192456,POI
9737,,waste_basket,Point (24.9705569 60.2058346),24.9705569,60.2058346,POI
9738,,bench,Point (24.8721183 60.1584985),24.8721183,60.1584985,POI
9739,,bench,Point (24.8721078 60.1584769),24.8721078,60.1584769,POI
9740,Lopez y Lopez,restaurant,Point (24.933579 60.1691696),24.933579,60.1691696,POI
9741,Lie Mi,restaurant,Point (24.933423 60.1692743),24.933423,60.1692743,POI
9742,,bench,Point (24.9191595 60.2072328),24.9191595,60.2072328,POI
9743,,bench,Point (24.9191806 60.2072531),24.9191806,60.2072531,POI
9744,,atm,Point (24.8808392 60.1600625),24.8808392,60.1600625,POI
9745,,vending_any,Point (24.8809102 60.1600881),24.8809102,60.1600881,POI
9746,Bastard Burgers,fast_food,Point (24.9453267 60.1692806),24.9453267,60.1692806,POI
9747,,vending_any,Point (24.8804369 60.1598704),24.8804369,60.1598704,POI
9748,Empire.cuts,hairdresser,Point (24.8886671 60.161161),24.8886671,60.161161,POI
9749,Levain Merikortteli,restaurant,Point (24.9332599 60.1585119),24.9332599,60.1585119,POI
9750,Kamalig,restaurant,Point (24.9295998 60.1631495),24.9295998,60.1631495,POI
9751,Kauneuskeidas Heidi K.,beauty_shop,Point (24.9177663 60.1633046),24.9177663,60.1633046,POI
9752,Puun rakkaus,artwork,Point (24.8727022 60.1453387),24.8727022,60.1453387,POI
9753,,bench,Point (24.8857251 60.1504139),24.8857251,60.1504139,POI
9754,,bench,Point (24.8857473 60.1503967),24.8857473,60.1503967,POI
9755,,bench,Point (24.8857497 60.1503722),24.8857497,60.1503722,POI
9756,,bench,Point (24.8857035 60.150339),24.8857035,60.150339,POI
9757,,bench,Point (24.8846879 60.1503074),24.8846879,60.1503074,POI
9758,,bench,Point (24.8847027 60.1502832),24.8847027,60.1502832,POI
9759,,bench,Point (24.8839763 60.1505707),24.8839763,60.1505707,POI
9760,,bench,Point (24.8838698 60.1505597),24.8838698,60.1505597,POI
9761,,bench,Point (24.8839001 60.1504957),24.8839001,60.1504957,POI
9762,,bench,Point (24.8839164 60.1504525),24.8839164,60.1504525,POI
9763,,bench,Point (24.8840259 60.1504713),24.8840259,60.1504713,POI
9764,,bench,Point (24.8834488 60.1502666),24.8834488,60.1502666,POI
9765,Taideyliopisto Musiikkitalo,university,Point (24.9350762 60.174065),24.9350762,60.174065,POI
9766,,camera_surveillance,Point (24.9600138 60.2068457),24.9600138,60.2068457,POI
9767,,camera_surveillance,Point (24.960987 60.2068246),24.960987,60.2068246,POI
9768,,camera_surveillance,Point (24.9608158 60.2069601),24.9608158,60.2069601,POI
9769,,camera_surveillance,Point (24.9607812 60.2069673),24.9607812,60.2069673,POI
9770,Le Jardin,cafe,Point (24.8902321 60.1613411),24.8902321,60.1613411,POI
9771,4 Cuts,hairdresser,Point (24.9288538 60.165983),24.9288538,60.165983,POI
9772,Dick Johnson,hairdresser,Point (24.9293721 60.1661573),24.9293721,60.1661573,POI
9773,Teos,hairdresser,Point (24.9296103 60.1662388),24.9296103,60.1662388,POI
9774,Lidl,supermarket,Point (24.9470308 60.1931306),24.9470308,60.1931306,POI
9775,,bench,Point (24.9577456 60.2169562),24.9577456,60.2169562,POI
9776,,bench,Point (24.9572713 60.2170256),24.9572713,60.2170256,POI
9777,,waste_basket,Point (24.9570715 60.2173041),24.9570715,60.2173041,POI
9778,SalamaNation,bar,Point (24.9356009 60.1674364),24.9356009,60.1674364,POI
9779,,waste_basket,Point (24.9588718 60.211034),24.9588718,60.211034,POI
9780,,bench,Point (24.9588415 60.2110352),24.9588415,60.2110352,POI
9781,,bench,Point (24.9587306 60.2109454),24.9587306,60.2109454,POI
9782,,bench,Point (24.9587332 60.2109286),24.9587332,60.2109286,POI
9783,,bench,Point (24.9595365 60.2113053),24.9595365,60.2113053,POI
9784,,bench,Point (24.9596206 60.2113293),24.9596206,60.2113293,POI
9785,,bench,Point (24.9595397 60.2114526),24.9595397,60.2114526,POI
9786,,bench,Point (24.9605009 60.2113231),24.9605009,60.2113231,POI
9787,,waste_basket,Point (24.9605285 60.2113202),24.9605285,60.2113202,POI
9788,,waste_basket,Point (24.9601187 60.2111641),24.9601187,60.2111641,POI
9789,,waste_basket,Point (24.9595814 60.2113144),24.9595814,60.2113144,POI
9790,,waste_basket,Point (24.9595081 60.2114592),24.9595081,60.2114592,POI
9791,,tourist_info,Point (24.9604674 60.2112693),24.9604674,60.2112693,POI
9792,Zhao Tea,cafe,Point (24.9446452 60.1697945),24.9446452,60.1697945,POI
9793,,waste_basket,Point (24.9149352 60.2159748),24.9149352,60.2159748,POI
9794,,bench,Point (24.9149558 60.2159321),24.9149558,60.2159321,POI
9795,,bench,Point (24.9160815 60.2147554),24.9160815,60.2147554,POI
9796,,waste_basket,Point (24.9160793 60.2148101),24.9160793,60.2148101,POI
9797,,waste_basket,Point (24.9144222 60.2124111),24.9144222,60.2124111,POI
9798,,waste_basket,Point (24.9098884 60.2138552),24.9098884,60.2138552,POI
9799,K-Rauta,doityourself,Point (24.9350488 60.2152648),24.9350488,60.2152648,POI
9800,Hymykeskus Ruoholahti,dentist,Point (24.9154403 60.1614609),24.9154403,60.1614609,POI
9801,Montessori Infant Community,kindergarten,Point (24.9159593 60.1613693),24.9159593,60.1613693,POI
9802,Huutokonttorin Kanttiini,bar,Point (24.9209567 60.1600128),24.9209567,60.1600128,POI
9803,Riviera Punavuori,cinema,Point (24.9331173 60.1588358),24.9331173,60.1588358,POI
9804,,tourist_info,Point (24.92208 60.1597154),24.92208,60.1597154,POI
9805,Carwash Ruoholahti,car_wash,Point (24.9105415 60.1639933),24.9105415,60.1639933,POI
9806,Ax Restaurant,restaurant,Point (24.9139922 60.1583255),24.9139922,60.1583255,POI
9807,Ravintola Masala Hut,restaurant,Point (24.9748943 60.1888329),24.9748943,60.1888329,POI
9808,Freeesh Sushi Kalasatama,restaurant,Point (24.9752645 60.1887824),24.9752645,60.1887824,POI
9809,GROOM Rys?,hairdresser,Point (24.9756007 60.1890907),24.9756007,60.1890907,POI
9810,Ravintola Merta,restaurant,Point (24.9762291 60.1887004),24.9762291,60.1887004,POI
9811,K?pyl?n kirjasto,library,Point (24.9471093 60.2108453),24.9471093,60.2108453,POI
9812,P?iv?koti Alku,kindergarten,Point (24.947044 60.2107251),24.947044,60.2107251,POI
9813,#Psykelove,artwork,Point (24.975103 60.2094544),24.975103,60.2094544,POI
9814,Handlesbanken Ruoholahti,bank,Point (24.9163912 60.1639521),24.9163912,60.1639521,POI
9815,Tandoori Flames,restaurant,Point (24.9562813 60.1945544),24.9562813,60.1945544,POI
9816,YLE STUDIO 10,restaurant,Point (24.9226604 60.2053946),24.9226604,60.2053946,POI
9817,Cafe Mets?paahtimo,cafe,Point (24.9120604 60.1687163),24.9120604,60.1687163,POI
9818,Bosco Magic,arts_centre,Point (24.9566654 60.1719627),24.9566654,60.1719627,POI
9819,Osteria dei Gusti,restaurant,Point (24.9316921 60.1734645),24.9316921,60.1734645,POI
9820,,bench,Point (24.8916764 60.1601509),24.8916764,60.1601509,POI
9821,,bench,Point (24.8917106 60.1601365),24.8917106,60.1601365,POI
9822,,bench,Point (24.8858208 60.1586638),24.8858208,60.1586638,POI
9823,,artwork,Point (24.8861078 60.1589489),24.8861078,60.1589489,POI
9824,,bench,Point (24.8750638 60.1572055),24.8750638,60.1572055,POI
9825,,bench,Point (24.8750812 60.1571781),24.8750812,60.1571781,POI
9826,,waste_basket,Point (24.8759864 60.1571316),24.8759864,60.1571316,POI
9827,P?iv?koti Marjala,kindergarten,Point (24.9646633 60.2096115),24.9646633,60.2096115,POI
9828,,bench,Point (24.9289558 60.1616577),24.9289558,60.1616577,POI
9829,,bench,Point (24.8838855 60.1623117),24.8838855,60.1623117,POI
9830,BioRex,cinema,Point (24.977725 60.1868318),24.977725,60.1868318,POI
9831,Style Facelook,hairdresser,Point (24.9173294 60.1893962),24.9173294,60.1893962,POI
9832,Oy Wega-Product Ab,mobile_phone_shop,Point (24.9172679 60.1894321),24.9172679,60.1894321,POI
9833,kidzy,toy_shop,Point (24.921506 60.185904),24.921506,60.185904,POI
9834,Pups 'n Pets,veterinary,Point (24.9103124 60.1561721),24.9103124,60.1561721,POI
9835,Pups 'n Pets,veterinary,Point (24.9178588 60.1594909),24.9178588,60.1594909,POI
9836,Daghemmet Tomtebo,kindergarten,Point (24.9042699 60.2172041),24.9042699,60.2172041,POI
9837,P?iv?koti Tonttula,kindergarten,Point (24.9042057 60.2172627),24.9042057,60.2172627,POI
9838,Ilmatar,artwork,Point (24.9162318 60.2059821),24.9162318,60.2059821,POI
9839,Jungle Juice Bar,fast_food,Point (24.9416155 60.170998),24.9416155,60.170998,POI
9840,Raito Sushi,fast_food,Point (24.9413675 60.1710167),24.9413675,60.1710167,POI
9841,,tourist_info,Point (24.8908122 60.1459831),24.8908122,60.1459831,POI
9842,,bench,Point (24.8749747 60.1523684),24.8749747,60.1523684,POI
9843,Filmihullu,video_shop,Point (24.9305397 60.1683212),24.9305397,60.1683212,POI
9844,Lauttasaari,tourist_info,Point (24.8748013 60.1604421),24.8748013,60.1604421,POI
9845,,viewpoint,Point (24.9383207 60.2145326),24.9383207,60.2145326,POI
9846,B?r Bar Freda,cafe,Point (24.9360258 60.1648548),24.9360258,60.1648548,POI
9847,Viipurin Kukka,florist,Point (24.9466177 60.1907748),24.9466177,60.1907748,POI
9848,Ryhm?perhep?iv?koti Peukaloinen,kindergarten,Point (24.9246294 60.1651227),24.9246294,60.1651227,POI
9849,Cafe Eliel,cafe,Point (24.9406111 60.1710459),24.9406111,60.1710459,POI
9850,Seksico Viiskulma,fast_food,Point (24.9417272 60.1605319),24.9417272,60.1605319,POI
9851,Enchant¨¦ Caf¨¦,bakery,Point (24.9346495 60.1670796),24.9346495,60.1670796,POI
9852,Ino Salon,hairdresser,Point (24.9124084 60.1622651),24.9124084,60.1622651,POI
9853,,waste_basket,Point (24.8745047 60.1579512),24.8745047,60.1579512,POI
9854,,waste_basket,Point (24.8756507 60.158369),24.8756507,60.158369,POI
9855,,bench,Point (24.8762904 60.1624826),24.8762904,60.1624826,POI
9856,,waste_basket,Point (24.8856632 60.1591032),24.8856632,60.1591032,POI
9857,,bench,Point (24.8862112 60.1589892),24.8862112,60.1589892,POI
9858,,tourist_info,Point (24.888878 60.1470885),24.888878,60.1470885,POI
9859,,tourist_info,Point (24.8889573 60.1471039),24.8889573,60.1471039,POI
9860,,waste_basket,Point (24.893978 60.1584937),24.893978,60.1584937,POI
9861,,waste_basket,Point (24.8940842 60.1585016),24.8940842,60.1585016,POI
9862,,waste_basket,Point (24.8860804 60.1526451),24.8860804,60.1526451,POI
9863,,bench,Point (24.8860628 60.1526539),24.8860628,60.1526539,POI
9864,,waste_basket,Point (24.8902733 60.1518478),24.8902733,60.1518478,POI
9865,,bench,Point (24.8905793 60.1516931),24.8905793,60.1516931,POI
9866,,tourist_info,Point (24.8907517 60.1518006),24.8907517,60.1518006,POI
9867,,bench,Point (24.8753223 60.1575675),24.8753223,60.1575675,POI
9868,,bench,Point (24.8753351 60.1575505),24.8753351,60.1575505,POI
9869,,bench,Point (24.8871524 60.1585559),24.8871524,60.1585559,POI
9870,,bench,Point (24.8872103 60.1585701),24.8872103,60.1585701,POI
9871,,bench,Point (24.8722219 60.1583763),24.8722219,60.1583763,POI
9872,,tourist_info,Point (24.8804096 60.1623453),24.8804096,60.1623453,POI
9873,,waste_basket,Point (24.8929703 60.162306),24.8929703,60.162306,POI
9874,,waste_basket,Point (24.8880812 60.1520926),24.8880812,60.1520926,POI
9875,,waste_basket,Point (24.8722879 60.1590964),24.8722879,60.1590964,POI
9876,P?iv?koti Telkk?,tourist_info,Point (24.886019 60.1582472),24.886019,60.1582472,POI
9877,,viewpoint,Point (24.957901 60.1672952),24.957901,60.1672952,POI
9878,,viewpoint,Point (24.9581833 60.1668193),24.9581833,60.1668193,POI
9879,Lauttasaaren ala-asteen koulu,tourist_info,Point (24.871714 60.1612262),24.871714,60.1612262,POI
9880,Lauttasaaren tykkipatterit,tourist_info,Point (24.8784102 60.1640985),24.8784102,60.1640985,POI
9881,,bench,Point (24.878938 60.1554097),24.878938,60.1554097,POI
9882,,waste_basket,Point (24.8741734 60.1569657),24.8741734,60.1569657,POI
9883,,waste_basket,Point (24.8740386 60.157237),24.8740386,60.157237,POI
9884,,bench,Point (24.8837958 60.1579344),24.8837958,60.1579344,POI
9885,Qu¨º Em,restaurant,Point (24.9341626 60.1681685),24.9341626,60.1681685,POI
9886,,bench,Point (24.8877006 60.1613661),24.8877006,60.1613661,POI
9887,Garden By Olo,restaurant,Point (24.9548759 60.1683054),24.9548759,60.1683054,POI
9888,Ylioppilasteatteri,theatre,Point (24.9411966 60.168884),24.9411966,60.168884,POI
9889,Round Steissi Caf¨¦,cafe,Point (24.9408086 60.1702571),24.9408086,60.1702571,POI
9890,Badminton Procenter,sports_centre,Point (24.8976845 60.1901533),24.8976845,60.1901533,POI
9891,,bench,Point (24.8875994 60.1490615),24.8875994,60.1490615,POI
9892,,waste_basket,Point (24.8747267 60.1592057),24.8747267,60.1592057,POI
9893,,bench,Point (24.8744037 60.162732),24.8744037,60.162732,POI
9894,,bench,Point (24.8743422 60.1627673),24.8743422,60.1627673,POI
9895,,waste_basket,Point (24.8716756 60.1615649),24.8716756,60.1615649,POI
9896,,bench,Point (24.8741174 60.162814),24.8741174,60.162814,POI
9897,,tourist_info,Point (24.8741404 60.1624958),24.8741404,60.1624958,POI
9898,,bench,Point (24.8876969 60.1613965),24.8876969,60.1613965,POI
9899,,waste_basket,Point (24.8762507 60.1624756),24.8762507,60.1624756,POI
9900,,bench,Point (24.8783705 60.1553885),24.8783705,60.1553885,POI
9901,As. oy. Helsingin kuunari,tourist_info,Point (24.8899418 60.1517159),24.8899418,60.1517159,POI
9902,Chitir Chicken,restaurant,Point (24.9639223 60.1875789),24.9639223,60.1875789,POI
9903,,waste_basket,Point (24.8748611 60.1535515),24.8748611,60.1535515,POI
9904,,waste_basket,Point (24.8747622 60.154254),24.8747622,60.154254,POI
9905,,waste_basket,Point (24.8743573 60.1546097),24.8743573,60.1546097,POI
9906,,bench,Point (24.8839958 60.1575138),24.8839958,60.1575138,POI
9907,,waste_basket,Point (24.8887436 60.1471071),24.8887436,60.1471071,POI
9908,,waste_basket,Point (24.8893055 60.1464009),24.8893055,60.1464009,POI
9909,Lauttasaaren tykkipatterit,tourist_info,Point (24.8892801 60.1463958),24.8892801,60.1463958,POI
9910,QiTea,cafe,Point (24.9408123 60.1701578),24.9408123,60.1701578,POI
9911,,bench,Point (24.9751842 60.1816564),24.9751842,60.1816564,POI
9912,,bench,Point (24.9752812 60.1816476),24.9752812,60.1816476,POI
9913,,waste_basket,Point (24.9759891 60.1811953),24.9759891,60.1811953,POI
9914,,waste_basket,Point (24.975971 60.1812001),24.975971,60.1812001,POI
9915,,waste_basket,Point (24.9759544 60.1812048),24.9759544,60.1812048,POI
9916,,waste_basket,Point (24.9759356 60.1812102),24.9759356,60.1812102,POI
9917,,waste_basket,Point (24.8769701 60.1470798),24.8769701,60.1470798,POI
9918,Voima,tourist_info,Point (24.8900803 60.146558),24.8900803,60.146558,POI
9919,Kunnia,tourist_info,Point (24.8725419 60.1451674),24.8725419,60.1451674,POI
9920,Herran rukous / Herran siunaus,tourist_info,Point (24.8686281 60.1583545),24.8686281,60.1583545,POI
9921,Anna anteeksi,tourist_info,Point (24.8731396 60.1645475),24.8731396,60.1645475,POI
9922,Sinun on...,tourist_info,Point (24.8941362 60.1584654),24.8941362,60.1584654,POI
9923,Aamen,tourist_info,Point (24.8750242 60.1501379),24.8750242,60.1501379,POI
9924,Info,tourist_info,Point (24.8693458 60.1589165),24.8693458,60.1589165,POI
9925,,waste_basket,Point (24.8713845 60.160788),24.8713845,60.160788,POI
9926,Lauttasaaren ala-aste,tourist_info,Point (24.8698834 60.160931),24.8698834,60.160931,POI
9927,Lauttasaaren kirkko,tourist_info,Point (24.8700696 60.1587354),24.8700696,60.1587354,POI
9928,Kirkkokahvila,cafe,Point (24.869037 60.1584722),24.869037,60.1584722,POI
9929,,waste_basket,Point (24.8691551 60.1591408),24.8691551,60.1591408,POI
9930,,waste_basket,Point (24.8686083 60.1585568),24.8686083,60.1585568,POI
9931,,waste_basket,Point (24.8679381 60.1578321),24.8679381,60.1578321,POI
9932,,bench,Point (24.8679662 60.1578197),24.8679662,60.1578197,POI
9933,,bench,Point (24.8782184 60.1591032),24.8782184,60.1591032,POI
9934,,bench,Point (24.8782053 60.1590646),24.8782053,60.1590646,POI
9935,,waste_basket,Point (24.8782095 60.1590853),24.8782095,60.1590853,POI
9936,Draft Sports Bar,bar,Point (24.9339781 60.1992587),24.9339781,60.1992587,POI
9937,Brokadi Tripla,restaurant,Point (24.9325023 60.1988229),24.9325023,60.1988229,POI
9938,Make-Up Studio Nina Orell,beauty_shop,Point (24.9381689 60.1771244),24.9381689,60.1771244,POI
9939,,waste_basket,Point (24.9380581 60.1762361),24.9380581,60.1762361,POI
9940,,waste_basket,Point (24.9386123 60.1762545),24.9386123,60.1762545,POI
9941,,waste_basket,Point (24.9386027 60.1763855),24.9386027,60.1763855,POI
9942,,vending_parking,Point (24.9383779 60.1761687),24.9383779,60.1761687,POI
9943,Urban Rabbit,restaurant,Point (24.9311634 60.198186),24.9311634,60.198186,POI
9944,Fredde's,restaurant,Point (24.9307672 60.198092),24.9307672,60.198092,POI
9945,Kek?le,clothes,Point (24.9312054 60.1987502),24.9312054,60.1987502,POI
9946,Espresso House 4. krs,cafe,Point (24.9315746 60.1985862),24.9315746,60.1985862,POI
9947,Scandia Rent,car_rental,Point (24.9321246 60.198308),24.9321246,60.198308,POI
9948,,waste_basket,Point (24.9719991 60.2034878),24.9719991,60.2034878,POI
9949,,waste_basket,Point (24.9721566 60.2036307),24.9721566,60.2036307,POI
9950,Friends&Brgrs,restaurant,Point (24.9304313 60.1986252),24.9304313,60.1986252,POI
9951,,bench,Point (24.9726638 60.2033177),24.9726638,60.2033177,POI
9952,,bench,Point (24.9726795 60.2033538),24.9726795,60.2033538,POI
9953,,bench,Point (24.9729915 60.2032748),24.9729915,60.2032748,POI
9954,,waste_basket,Point (24.9728418 60.2032446),24.9728418,60.2032446,POI
9955,Siri's Kitchen,restaurant,Point (24.9365908 60.1991167),24.9365908,60.1991167,POI
9956,Fillarivelho,bicycle_shop,Point (24.9374542 60.1990917),24.9374542,60.1990917,POI
9957,Pancho Villa,restaurant,Point (24.9304634 60.1985555),24.9304634,60.1985555,POI
9958,Pizza Hut,restaurant,Point (24.9304405 60.1986048),24.9304405,60.1986048,POI
9959,Fafa's,restaurant,Point (24.9304178 60.198669),24.9304178,60.198669,POI
9960,Hanko Sushi,restaurant,Point (24.9299641 60.1986202),24.9299641,60.1986202,POI
9961,?nam,restaurant,Point (24.9299765 60.1985796),24.9299765,60.1985796,POI
9962,Subway,fast_food,Point (24.9299838 60.1985555),24.9299838,60.1985555,POI
9963,Robert's Coffee,cafe,Point (24.9300055 60.1985103),24.9300055,60.1985103,POI
9964,Gyldenintie 10,tourist_info,Point (24.8779633 60.1615919),24.8779633,60.1615919,POI
9965,,bench,Point (24.8769463 60.1612832),24.8769463,60.1612832,POI
9966,,waste_basket,Point (24.8769415 60.1612607),24.8769415,60.1612607,POI
9967,,bench,Point (24.8733996 60.1576865),24.8733996,60.1576865,POI
9968,,bench,Point (24.872785 60.1554755),24.872785,60.1554755,POI
9969,,memorial,Point (24.8909934 60.1613768),24.8909934,60.1613768,POI
9970,,waste_basket,Point (24.8740153 60.1562223),24.8740153,60.1562223,POI
9971,,tourist_info,Point (24.8787931 60.1596319),24.8787931,60.1596319,POI
9972,Lauttasaaren kartano,tourist_info,Point (24.8787224 60.1596882),24.8787224,60.1596882,POI
9973,,bench,Point (24.9077449 60.1859405),24.9077449,60.1859405,POI
9974,,bench,Point (24.9077281 60.1859654),24.9077281,60.1859654,POI
9975,,bench,Point (24.907666 60.1859811),24.907666,60.1859811,POI
9976,,bench,Point (24.9076255 60.1859728),24.9076255,60.1859728,POI
9977,,bench,Point (24.9076174 60.1859436),24.9076174,60.1859436,POI
9978,,bench,Point (24.9076316 60.1859218),24.9076316,60.1859218,POI
9979,,bench,Point (24.9076869 60.1857627),24.9076869,60.1857627,POI
9980,Aleksis Kivi room,attraction,Point (24.9119557 60.1676536),24.9119557,60.1676536,POI
9981,Tallink Self-Check-In,tourist_info,Point (24.9148259 60.1499633),24.9148259,60.1499633,POI
9982,Tallink Check-In,tourist_info,Point (24.915068 60.1501228),24.915068,60.1501228,POI
9983,Lapinlahti hospital Mental Museum,attraction,Point (24.9128173 60.1676144),24.9128173,60.1676144,POI
9984,,artwork,Point (24.8764737 60.1603575),24.8764737,60.1603575,POI
9985,,waste_basket,Point (24.8690992 60.1604104),24.8690992,60.1604104,POI
9986,Vattuniemen ala-asteen koulu,tourist_info,Point (24.8853128 60.1533141),24.8853128,60.1533141,POI
9987,,bench,Point (24.8828126 60.1544126),24.8828126,60.1544126,POI
9988,,bench,Point (24.8828541 60.1543813),24.8828541,60.1543813,POI
9989,,bench,Point (24.8826869 60.1543329),24.8826869,60.1543329,POI
9990,,waste_basket,Point (24.9376027 60.1750805),24.9376027,60.1750805,POI
9991,,bench,Point (24.9153697 60.1504246),24.9153697,60.1504246,POI
9992,,bench,Point (24.9155174 60.1504519),24.9155174,60.1504519,POI
9993,,toilet,Point (24.9164109 60.1522018),24.9164109,60.1522018,POI
9994,Kalasatamasta Pasilaan -hanke taideaita,artwork,Point (24.9810055 60.1865105),24.9810055,60.1865105,POI
9995,Valaskala,artwork,Point (24.981771 60.1870979),24.981771,60.1870979,POI
9996,Lauttasaaren kirkko,tourist_info,Point (24.8699337 60.1591012),24.8699337,60.1591012,POI
9997,,bench,Point (24.8776505 60.1594493),24.8776505,60.1594493,POI
9998,,bench,Point (24.8775419 60.1594221),24.8775419,60.1594221,POI
9999,,bench,Point (24.8775643 60.1594921),24.8775643,60.1594921,POI
10000,,bench,Point (24.8774697 60.1594708),24.8774697,60.1594708,POI
10001,,tourist_info,Point (24.8785491 60.156018),24.8785491,60.156018,POI
10002,,bench,Point (24.876429 60.1550745),24.876429,60.1550745,POI
10003,Veijarivuoren uimaranta,tourist_info,Point (24.8823583 60.1464396),24.8823583,60.1464396,POI
10004,,bench,Point (24.8828081 60.146356),24.8828081,60.146356,POI
10005,,bench,Point (24.8832028 60.1463118),24.8832028,60.1463118,POI
10006,,waste_basket,Point (24.8808215 60.1465097),24.8808215,60.1465097,POI
10007,,drinking_water,Point (24.8805681 60.1466912),24.8805681,60.1466912,POI
10008,,drinking_water,Point (24.8802822 60.1467627),24.8802822,60.1467627,POI
10009,,bench,Point (24.8804598 60.1469648),24.8804598,60.1469648,POI
10010,,bench,Point (24.8805675 60.1467935),24.8805675,60.1467935,POI
10011,,drinking_water,Point (24.8808393 60.1468225),24.8808393,60.1468225,POI
10012,,bench,Point (24.8797102 60.1467597),24.8797102,60.1467597,POI
10013,,waste_basket,Point (24.8779355 60.1461948),24.8779355,60.1461948,POI
10014,Lauttasaaren tykkipatterit,tourist_info,Point (24.877865 60.146165),24.877865,60.146165,POI
10015,,waste_basket,Point (24.8754696 60.145434),24.8754696,60.145434,POI
10016,,bench,Point (24.8732403 60.1458773),24.8732403,60.1458773,POI
10017,,waste_basket,Point (24.8746879 60.1546883),24.8746879,60.1546883,POI
10018,Ryhm?perhep?iv?koti Alli,kindergarten,Point (24.8889813 60.1616521),24.8889813,60.1616521,POI
10019,Ravintola Version,restaurant,Point (24.9512085 60.1650324),24.9512085,60.1650324,POI
10020,Hotel U14,hotel,Point (24.9512071 60.1650468),24.9512071,60.1650468,POI
10021,,recycling,Point (24.9807247 60.1889632),24.9807247,60.1889632,POI
10022,Fida,recycling_clothes,Point (24.9154362 60.1622952),24.9154362,60.1622952,POI
10023,Seurasaalensel?n rantareitti,tourist_info,Point (24.8936242 60.1619925),24.8936242,60.1619925,POI
10024,Seurasaarensel?n rantareitti,tourist_info,Point (24.8829321 60.192777),24.8829321,60.192777,POI
10025,Seurasaarensel?n rantareitti,tourist_info,Point (24.8856451 60.1884444),24.8856451,60.1884444,POI
10026,Seurasaarensel?n rantareitti,tourist_info,Point (24.9082338 60.185001),24.9082338,60.185001,POI
10027,Seurasaarensel?n rantareitti,tourist_info,Point (24.9125117 60.1813497),24.9125117,60.1813497,POI
10028,Seurasaarensel?n rantareitti,tourist_info,Point (24.9141173 60.1761103),24.9141173,60.1761103,POI
10029,Seurasaarensel?n rantareitti,tourist_info,Point (24.9133961 60.1755669),24.9133961,60.1755669,POI
10030,Seurasaarensel?n rantareitti,tourist_info,Point (24.9163169 60.1667518),24.9163169,60.1667518,POI
10031,Seurasaarensel?n rantareitti,tourist_info,Point (24.9140676 60.1619052),24.9140676,60.1619052,POI
10032,Seurasaarensel?n rantareitti,tourist_info,Point (24.9012125 60.1622787),24.9012125,60.1622787,POI
10033,,tourist_info,Point (24.8850046 60.162844),24.8850046,60.162844,POI
10034,,vending_any,Point (24.9411537 60.1864079),24.9411537,60.1864079,POI
10035,Uusi mets?toimisto,memorial,Point (24.9374421 60.168204),24.9374421,60.168204,POI
10036,The Shallot,restaurant,Point (24.9280569 60.1990331),24.9280569,60.1990331,POI
10037,Hesburger,fast_food,Point (24.9390033 60.1707966),24.9390033,60.1707966,POI
10038,Pelastusopaste,tourist_info,Point (24.889309 60.1581577),24.889309,60.1581577,POI
10039,,tourist_info,Point (24.8881277 60.1583801),24.8881277,60.1583801,POI
10040,Luettelo,artwork,Point (24.9331204 60.1577726),24.9331204,60.1577726,POI
10041,Bamboo Sushi,restaurant,Point (24.9484185 60.1843676),24.9484185,60.1843676,POI
10042,Snygg ¨C restaurant & Caf¨¦,restaurant,Point (24.9698177 60.189776),24.9698177,60.189776,POI
10043,,tourist_info,Point (24.8835959 60.1589152),24.8835959,60.1589152,POI
10044,Merenkulkijanranta,tourist_info,Point (24.8878041 60.1488299),24.8878041,60.1488299,POI
10045,,bench,Point (24.8838644 60.1474291),24.8838644,60.1474291,POI
10046,,waste_basket,Point (24.8759436 60.1447789),24.8759436,60.1447789,POI
10047,,waste_basket,Point (24.8778511 60.144635),24.8778511,60.144635,POI
10048,,bench,Point (24.8743547 60.1454188),24.8743547,60.1454188,POI
10049,,bench,Point (24.8736998 60.1454974),24.8736998,60.1454974,POI
10050,,tourist_info,Point (24.8775654 60.1520649),24.8775654,60.1520649,POI
10051,,bench,Point (24.8676271 60.1603093),24.8676271,60.1603093,POI
10052,,waste_basket,Point (24.8676379 60.1602851),24.8676379,60.1602851,POI
10053,,tourist_info,Point (24.9195936 60.1914143),24.9195936,60.1914143,POI
10054,,tourist_info,Point (24.9196132 60.1913989),24.9196132,60.1913989,POI
10055,,tourist_info,Point (24.9207135 60.19093),24.9207135,60.19093,POI
10056,,bench,Point (24.9207022 60.191012),24.9207022,60.191012,POI
10057,,tourist_info,Point (24.9213505 60.1906315),24.9213505,60.1906315,POI
10058,,tourist_info,Point (24.9213795 60.1905753),24.9213795,60.1905753,POI
10059,,tourist_info,Point (24.9212355 60.190481),24.9212355,60.190481,POI
10060,Ruukinlahdenpuiston koira-aitaus,tourist_info,Point (24.8742866 60.1627216),24.8742866,60.1627216,POI
10061,Lauttasaaren ala-asteen koulu,tourist_info,Point (24.8699077 60.1614209),24.8699077,60.1614209,POI
10062,Lauttasaaren yhteiskoulu,memorial,Point (24.8756874 60.1571925),24.8756874,60.1571925,POI
10063,Fazer Caf¨¦,cafe,Point (24.9357932 60.1674951),24.9357932,60.1674951,POI
10064,,waste_basket,Point (24.8754988 60.1465932),24.8754988,60.1465932,POI
10065,,bench,Point (24.8734844 60.146642),24.8734844,60.146642,POI
10066,,waste_basket,Point (24.8723398 60.1453773),24.8723398,60.1453773,POI
10067,,waste_basket,Point (24.8724446 60.145465),24.8724446,60.145465,POI
10068,,bench,Point (24.8722357 60.1454054),24.8722357,60.1454054,POI
10069,,bench,Point (24.872109 60.1454124),24.872109,60.1454124,POI
10070,,waste_basket,Point (24.8778515 60.145104),24.8778515,60.145104,POI
10071,,waste_basket,Point (24.8788189 60.1458402),24.8788189,60.1458402,POI
10072,,waste_basket,Point (24.8685868 60.1584456),24.8685868,60.1584456,POI
10073,,drinking_water,Point (24.8737062 60.1458867),24.8737062,60.1458867,POI
10074,,waste_basket,Point (24.8885975 60.1584531),24.8885975,60.1584531,POI
10075,,bench,Point (24.9616857 60.2153547),24.9616857,60.2153547,POI
10076,,bench,Point (24.9614992 60.2152702),24.9614992,60.2152702,POI
10077,,bench,Point (24.9610219 60.2156927),24.9610219,60.2156927,POI
10078,,bench,Point (24.9610159 60.2157079),24.9610159,60.2157079,POI
10079,,bench,Point (24.9609746 60.2157135),24.9609746,60.2157135,POI
10080,,bench,Point (24.9609484 60.2157046),24.9609484,60.2157046,POI
10081,,bench,Point (24.9610548 60.2152842),24.9610548,60.2152842,POI
10082,,bench,Point (24.9610361 60.2153043),24.9610361,60.2153043,POI
10083,,bench,Point (24.9609908 60.2153114),24.9609908,60.2153114,POI
10084,,bench,Point (24.9609615 60.2153),24.9609615,60.2153,POI
10085,Atlas,pharmacy,Point (24.9180723 60.1595527),24.9180723,60.1595527,POI
10086,Helsingin koskikara,tourist_info,Point (24.8665003 60.161008),24.8665003,60.161008,POI
10087,,camera_surveillance,Point (24.8680891 60.160894),24.8680891,60.160894,POI
10088,,bench,Point (24.9262538 60.1960429),24.9262538,60.1960429,POI
10089,,bench,Point (24.9262627 60.1960235),24.9262627,60.1960235,POI
10090,Boon Nam,restaurant,Point (24.9410071 60.1670958),24.9410071,60.1670958,POI
10091,Kukkamyynti Piilola Oy,florist,Point (24.8894133 60.2098473),24.8894133,60.2098473,POI
10092,,waste_basket,Point (24.8764672 60.1538457),24.8764672,60.1538457,POI
10093,,bench,Point (24.8863582 60.1646566),24.8863582,60.1646566,POI
10094,,bench,Point (24.8755318 60.1488115),24.8755318,60.1488115,POI
10095,Fazer Caf¨¦,cafe,Point (24.9320252 60.1689229),24.9320252,60.1689229,POI
10096,Fazer Caf¨¦,cafe,Point (24.9374366 60.1725584),24.9374366,60.1725584,POI
10097,,bench,Point (24.8848532 60.1620399),24.8848532,60.1620399,POI
10098,,artwork,Point (24.887821 60.1601648),24.887821,60.1601648,POI
10099,,playground,Point (24.9150642 60.1612325),24.9150642,60.1612325,POI
10100,"Teatter Viirus, Amfiteatter",theatre,Point (24.9157088 60.1584505),24.9157088,60.1584505,POI
10101,,toilet,Point (24.886052 60.1968337),24.886052,60.1968337,POI
10102,,vending_any,Point (24.8861047 60.1967908),24.8861047,60.1967908,POI
10103,Subway,fast_food,Point (24.8857837 60.1967865),24.8857837,60.1967865,POI
10104,Grape Wine Bar & Tasting Room,restaurant,Point (24.9409692 60.1646432),24.9409692,60.1646432,POI
10105,,bench,Point (24.8735281 60.1545234),24.8735281,60.1545234,POI
10106,,bench,Point (24.8731386 60.1546959),24.8731386,60.1546959,POI
10107,,bench,Point (24.8729781 60.1547727),24.8729781,60.1547727,POI
10108,Maatiainen ry,garden_centre,Point (24.9144132 60.1890494),24.9144132,60.1890494,POI
10109,Cafe Kim,restaurant,Point (24.9528738 60.17991),24.9528738,60.17991,POI
10110,Kuusitie,bicycle_rental,Point (24.9008853 60.1952669),24.9008853,60.1952669,POI
10111,Lapinlahden sairaalanpuisto,tourist_info,Point (24.9160771 60.1668379),24.9160771,60.1668379,POI
10112,Lapinlahti,tourist_info,Point (24.9160984 60.1668026),24.9160984,60.1668026,POI
10113,Lapinlahdenpolku 6,tourist_info,Point (24.9136536 60.1666818),24.9136536,60.1666818,POI
10114,,waste_basket,Point (24.9133611 60.166649),24.9133611,60.166649,POI
10115,,viewpoint,Point (24.8852053 60.1635107),24.8852053,60.1635107,POI
10116,H?vikkikukkakauppa Kukkis,florist,Point (24.914137 60.166824),24.914137,60.166824,POI
10117,,bench,Point (24.9437187 60.1648621),24.9437187,60.1648621,POI
10118,,bench,Point (24.943716 60.1648995),24.943716,60.1648995,POI
10119,,bench,Point (24.9437098 60.1649809),24.9437098,60.1649809,POI
10120,,bench,Point (24.9437072 60.1650232),24.9437072,60.1650232,POI
10121,,bench,Point (24.9435559 60.1651191),24.9435559,60.1651191,POI
10122,,bench,Point (24.9436337 60.1651218),24.9436337,60.1651218,POI
10123,,bench,Point (24.9434745 60.164896),24.9434745,60.164896,POI
10124,,bench,Point (24.9434727 60.1649365),24.9434727,60.1649365,POI
10125,,bench,Point (24.9434683 60.1649792),24.9434683,60.1649792,POI
10126,,bench,Point (24.9434656 60.1650188),24.9434656,60.1650188,POI
10127,Meilahden kampuskirjasto,library,Point (24.9073094 60.1904921),24.9073094,60.1904921,POI
10128,,pitch,Point (24.9574712 60.1853687),24.9574712,60.1853687,POI
10129,,tourist_info,Point (24.9036736 60.1889608),24.9036736,60.1889608,POI
10130,Dr?m Parturi Kampaamo,hairdresser,Point (24.9219737 60.1742425),24.9219737,60.1742425,POI
10131,,tourist_info,Point (24.9288295 60.1975862),24.9288295,60.1975862,POI
10132,On the Rocks Kallio,bar,Point (24.9522124 60.1887185),24.9522124,60.1887185,POI
10133,Peace Kitchen,restaurant,Point (24.9596672 60.1871698),24.9596672,60.1871698,POI
10134,Kot.,fast_food,Point (24.95175 60.1853265),24.95175,60.1853265,POI
10135,Suomenlinnan kahvila,cafe,Point (24.9877778 60.1453475),24.9877778,60.1453475,POI
10136,Museokauppa,gift_shop,Point (24.987776 60.1452465),24.987776,60.1452465,POI
10137,,cafe,Point (24.98803 60.1432187),24.98803,60.1432187,POI
10138,,gift_shop,Point (24.9915327 60.1457413),24.9915327,60.1457413,POI
10139,,tourist_info,Point (24.9849954 60.1483072),24.9849954,60.1483072,POI
10140,,tourist_info,Point (24.9874599 60.1455967),24.9874599,60.1455967,POI
10141,,bench,Point (24.987673 60.1453672),24.987673,60.1453672,POI
10142,,bench,Point (24.9876713 60.1453543),24.9876713,60.1453543,POI
10143,,tourist_info,Point (24.9867111 60.1444481),24.9867111,60.1444481,POI
10144,,tourist_info,Point (24.9867454 60.1444893),24.9867454,60.1444893,POI
10145,,tourist_info,Point (24.9867793 60.1442577),24.9867793,60.1442577,POI
10146,,bench,Point (24.9872431 60.1439738),24.9872431,60.1439738,POI
10147,,bench,Point (24.9872912 60.1439622),24.9872912,60.1439622,POI
10148,,tourist_info,Point (24.9886997 60.1431177),24.9886997,60.1431177,POI
10149,,tourist_info,Point (24.9871815 60.1429931),24.9871815,60.1429931,POI
10150,,bench,Point (24.9867897 60.1427869),24.9867897,60.1427869,POI
10151,,tourist_info,Point (24.9867185 60.1425522),24.9867185,60.1425522,POI
10152,,tourist_info,Point (24.9866172 60.1424351),24.9866172,60.1424351,POI
10153,,tourist_info,Point (24.9853828 60.1414691),24.9853828,60.1414691,POI
10154,,bench,Point (24.9859873 60.1426463),24.9859873,60.1426463,POI
10155,,bench,Point (24.9860632 60.1425784),24.9860632,60.1425784,POI
10156,,tourist_info,Point (24.9860061 60.1426162),24.9860061,60.1426162,POI
10157,,tourist_info,Point (24.9850058 60.1435366),24.9850058,60.1435366,POI
10158,,tourist_info,Point (24.9852345 60.1438775),24.9852345,60.1438775,POI
10159,,memorial,Point (24.9855654 60.1443824),24.9855654,60.1443824,POI
10160,,tourist_info,Point (24.9874643 60.1451904),24.9874643,60.1451904,POI
10161,,tourist_info,Point (24.9867454 60.1469071),24.9867454,60.1469071,POI
10162,Onni Hair,hairdresser,Point (24.9281705 60.165103),24.9281705,60.165103,POI
10163,Bokach¨¢,cafe,Point (24.943436 60.1640474),24.943436,60.1640474,POI
10164,Normal,chemist,Point (24.9384449 60.1694084),24.9384449,60.1694084,POI
10165,Merenkulkijanranta,tourist_info,Point (24.8879861 60.1477606),24.8879861,60.1477606,POI
10166,,waste_basket,Point (24.8792357 60.1464552),24.8792357,60.1464552,POI
10167,,bench,Point (24.8784793 60.1455287),24.8784793,60.1455287,POI
10168,,bench,Point (24.878097 60.1453052),24.878097,60.1453052,POI
10169,,bench,Point (24.8782112 60.145367),24.8782112,60.145367,POI
10170,,bench,Point (24.872304 60.1461001),24.872304,60.1461001,POI
10171,,drinking_water,Point (24.872618 60.1461139),24.872618,60.1461139,POI
10172,,drinking_water,Point (24.8729866 60.1461622),24.8729866,60.1461622,POI
10173,,drinking_water,Point (24.8737417 60.146386),24.8737417,60.146386,POI
10174,,bench,Point (24.8782063 60.1555983),24.8782063,60.1555983,POI
10175,,bench,Point (24.8782685 60.1556057),24.8782685,60.1556057,POI
10176,,bench,Point (24.8779616 60.1555291),24.8779616,60.1555291,POI
10177,,bench,Point (24.8771248 60.1554747),24.8771248,60.1554747,POI
10178,,bench,Point (24.87499 60.1501943),24.87499,60.1501943,POI
10179,Pizza Hut,restaurant,Point (24.9383218 60.1688755),24.9383218,60.1688755,POI
10180,Koi Sushi,restaurant,Point (24.9122402 60.157827),24.9122402,60.157827,POI
10181,Saigon Caf¨¦,restaurant,Point (24.9794299 60.1866241),24.9794299,60.1866241,POI
10182,,bench,Point (24.9148738 60.1596634),24.9148738,60.1596634,POI
10183,,bench,Point (24.9148207 60.1596793),24.9148207,60.1596793,POI
10184,,waste_basket,Point (24.9465335 60.1790359),24.9465335,60.1790359,POI
10185,,toilet,Point (24.8825537 60.1560011),24.8825537,60.1560011,POI
10186,,tourist_info,Point (24.9735825 60.2089572),24.9735825,60.2089572,POI
10187,Posliinimaalareita,artwork,Point (24.9753915 60.2085286),24.9753915,60.2085286,POI
10188,Muji,department_store,Point (24.9333975 60.1693754),24.9333975,60.1693754,POI
10189,,waste_basket,Point (24.8893781 60.1529638),24.8893781,60.1529638,POI
10190,,waste_basket,Point (24.887896 60.1489245),24.887896,60.1489245,POI
10191,Viron vapaussodassa kaatuneiden ensimm?isten suomalaisten vapaaehtoisten muistomerkki,memorial,Point (24.9123285 60.1717661),24.9123285,60.1717661,POI
10192,Halti outlet,clothes,Point (24.8876264 60.1504926),24.8876264,60.1504926,POI
10193,Vattuniemenkatu 18,tourist_info,Point (24.8847226 60.1535946),24.8847226,60.1535946,POI
10194,,bench,Point (24.8837705 60.1512057),24.8837705,60.1512057,POI
10195,,bench,Point (24.877831 60.155835),24.877831,60.155835,POI
10196,,bench,Point (24.8657824 60.1637144),24.8657824,60.1637144,POI
10197,San Marino Pizzeria,restaurant,Point (24.9326701 60.1701656),24.9326701,60.1701656,POI
10198,Bar Ihku,nightclub,Point (24.9316915 60.1704453),24.9316915,60.1704453,POI
10199,Pupu,cafe,Point (24.9296467 60.1698006),24.9296467,60.1698006,POI
10200,,tourist_info,Point (24.8804236 60.1654574),24.8804236,60.1654574,POI
10201,Lauttasaaren pienteollisuustalo oy,tourist_info,Point (24.8787617 60.148735),24.8787617,60.148735,POI
10202,,bench,Point (24.8776495 60.1489887),24.8776495,60.1489887,POI
10203,,bench,Point (24.8776381 60.1490213),24.8776381,60.1490213,POI
10204,,bench,Point (24.8795066 60.1497261),24.8795066,60.1497261,POI
10205,Asunto oy S?rkiniementie 9,tourist_info,Point (24.878524 60.1495256),24.878524,60.1495256,POI
10206,,tourist_info,Point (24.8867304 60.1525962),24.8867304,60.1525962,POI
10207,,waste_basket,Point (24.8868838 60.1527136),24.8868838,60.1527136,POI
10208,,waste_basket,Point (24.8889232 60.1529718),24.8889232,60.1529718,POI
10209,,bench,Point (24.8890165 60.1530292),24.8890165,60.1530292,POI
10210,,bench,Point (24.8890021 60.1530493),24.8890021,60.1530493,POI
10211,,bench,Point (24.888958 60.1530943),24.888958,60.1530943,POI
10212,,bench,Point (24.8888956 60.1531729),24.8888956,60.1531729,POI
10213,,bench,Point (24.8887523 60.1530167),24.8887523,60.1530167,POI
10214,,bench,Point (24.8888097 60.1530085),24.8888097,60.1530085,POI
10215,,waste_basket,Point (24.8879991 60.1532319),24.8879991,60.1532319,POI
10216,,bench,Point (24.8880959 60.1532187),24.8880959,60.1532187,POI
10217,,bench,Point (24.8884649 60.1534074),24.8884649,60.1534074,POI
10218,,bench,Point (24.8884813 60.1533853),24.8884813,60.1533853,POI
10219,,waste_basket,Point (24.8889019 60.1532931),24.8889019,60.1532931,POI
10220,,waste_basket,Point (24.8892132 60.1523015),24.8892132,60.1523015,POI
10221,,waste_basket,Point (24.8895228 60.1520791),24.8895228,60.1520791,POI
10222,Krimin sodan aikainen jalkav?en rintavarustus,tourist_info,Point (24.8894738 60.1521504),24.8894738,60.1521504,POI
10223,Asunto oy Helsingin Kuunari,tourist_info,Point (24.8880919 60.1517345),24.8880919,60.1517345,POI
10224,,bench,Point (24.8885264 60.1516642),24.8885264,60.1516642,POI
10225,,bench,Point (24.8885885 60.1516856),24.8885885,60.1516856,POI
10226,,bench,Point (24.8893138 60.1518058),24.8893138,60.1518058,POI
10227,,artwork,Point (24.8760773 60.1603687),24.8760773,60.1603687,POI
10228,Tempo running store,sports_shop,Point (24.9445208 60.1950377),24.9445208,60.1950377,POI
10229,Blanda,bar,Point (24.9527584 60.1689559),24.9527584,60.1689559,POI
10230,,bench,Point (24.8821945 60.1584655),24.8821945,60.1584655,POI
10231,,waste_basket,Point (24.8815706 60.1580962),24.8815706,60.1580962,POI
10232,,bench,Point (24.8824403 60.1576641),24.8824403,60.1576641,POI
10233,,toilet,Point (24.9509715 60.1798813),24.9509715,60.1798813,POI
10234,Espresso House,cafe,Point (24.950738 60.1795775),24.950738,60.1795775,POI
10235,Wok Wok Hakaniemen metroasema,restaurant,Point (24.9509789 60.1795771),24.9509789,60.1795771,POI
10236,,waste_basket,Point (24.8829396 60.1587564),24.8829396,60.1587564,POI
10237,,tourist_info,Point (24.8752419 60.159921),24.8752419,60.159921,POI
10238,,bench,Point (24.9551702 60.1619446),24.9551702,60.1619446,POI
10239,,bench,Point (24.9552158 60.1619689),24.9552158,60.1619689,POI
10240,,bench,Point (24.9554963 60.1619475),24.9554963,60.1619475,POI
10241,,bench,Point (24.9555555 60.1618649),24.9555555,60.1618649,POI
10242,,bench,Point (24.9555326 60.1618321),24.9555326,60.1618321,POI
10243,,bench,Point (24.9554958 60.1618021),24.9554958,60.1618021,POI
10244,,bench,Point (24.9553576 60.1617702),24.9553576,60.1617702,POI
10245,,bench,Point (24.9551678 60.1617997),24.9551678,60.1617997,POI
10246,,waste_basket,Point (24.8866628 60.1538179),24.8866628,60.1538179,POI
10247,,bench,Point (24.8865256 60.1535825),24.8865256,60.1535825,POI
10248,,waste_basket,Point (24.8867388 60.153522),24.8867388,60.153522,POI
10249,,waste_basket,Point (24.8883547 60.1536233),24.8883547,60.1536233,POI
10250,,bench,Point (24.882464 60.153048),24.882464,60.153048,POI
10251,,bench,Point (24.8826727 60.1525722),24.8826727,60.1525722,POI
10252,,bench,Point (24.8825503 60.1525451),24.8825503,60.1525451,POI
10253,,bench,Point (24.8826426 60.1526553),24.8826426,60.1526553,POI
10254,,bench,Point (24.8922131 60.1632824),24.8922131,60.1632824,POI
10255,,waste_basket,Point (24.8892721 60.1591004),24.8892721,60.1591004,POI
10256,,waste_basket,Point (24.8905245 60.1580074),24.8905245,60.1580074,POI
10257,,bench,Point (24.8918933 60.158482),24.8918933,60.158482,POI
10258,,bench,Point (24.8926737 60.1594292),24.8926737,60.1594292,POI
10259,,bench,Point (24.8927047 60.1594196),24.8927047,60.1594196,POI
10260,,bench,Point (24.8927177 60.1593445),24.8927177,60.1593445,POI
10261,As oy pohjoiskaari 7,tourist_info,Point (24.8924666 60.1605795),24.8924666,60.1605795,POI
10262,,bench,Point (24.8924837 60.161724),24.8924837,60.161724,POI
10263,,bench,Point (24.892833 60.1620529),24.892833,60.1620529,POI
10264,,waste_basket,Point (24.8750976 60.157115),24.8750976,60.157115,POI
10265,,waste_basket,Point (24.8746304 60.1573041),24.8746304,60.1573041,POI
10266,,waste_basket,Point (24.8750624 60.1577236),24.8750624,60.1577236,POI
10267,Melkonkatu 19,tourist_info,Point (24.8824202 60.1520945),24.8824202,60.1520945,POI
10268,,bench,Point (24.8807969 60.150112),24.8807969,60.150112,POI
10269,Ryhm?koti Mereon uima-allas,sports_centre,Point (24.8925046 60.160896),24.8925046,60.160896,POI
10270,Lauttasaaren nuorisotalo,community_centre,Point (24.8833421 60.1584323),24.8833421,60.1584323,POI
10271,,memorial,Point (24.8724344 60.1586538),24.8724344,60.1586538,POI
10272,,memorial,Point (24.8724643 60.1586509),24.8724643,60.1586509,POI
10273,,memorial,Point (24.8727607 60.1584151),24.8727607,60.1584151,POI
10274,Seurakuntasali,tourist_info,Point (24.8698368 60.1584398),24.8698368,60.1584398,POI
10275,,tourist_info,Point (24.8873223 60.152971),24.8873223,60.152971,POI
10276,,tourist_info,Point (24.8843773 60.1545155),24.8843773,60.1545155,POI
10277,,waste_basket,Point (24.8832558 60.1560498),24.8832558,60.1560498,POI
10278,,bench,Point (24.8806041 60.157252),24.8806041,60.157252,POI
10279,,waste_basket,Point (24.8823948 60.1560552),24.8823948,60.1560552,POI
10280,,waste_basket,Point (24.8809914 60.1558851),24.8809914,60.1558851,POI
10281,,waste_basket,Point (24.883089 60.1566884),24.883089,60.1566884,POI
10282,,bench,Point (24.8826436 60.1543977),24.8826436,60.1543977,POI
10283,,bench,Point (24.8827146 60.1548899),24.8827146,60.1548899,POI
10284,,bench,Point (24.8822435 60.1548271),24.8822435,60.1548271,POI
10285,,bench,Point (24.8831078 60.1553042),24.8831078,60.1553042,POI
10286,,bench,Point (24.8831749 60.1553158),24.8831749,60.1553158,POI
10287,,bench,Point (24.883235 60.1553107),24.883235,60.1553107,POI
10288,,tourist_info,Point (24.882568 60.1553468),24.882568,60.1553468,POI
10289,,tourist_info,Point (24.8822014 60.1554041),24.8822014,60.1554041,POI
10290,,tourist_info,Point (24.8825839 60.1556804),24.8825839,60.1556804,POI
10291,Tamminiemi,tourist_info,Point (24.8848395 60.188554),24.8848395,60.188554,POI
10292,As oy Helsingin luhtahuitti,tourist_info,Point (24.8656579 60.1614324),24.8656579,60.1614324,POI
10293,As oy Helsingin karikukko,tourist_info,Point (24.8656169 60.161895),24.8656169,60.161895,POI
10294,,waste_basket,Point (24.8804184 60.1596533),24.8804184,60.1596533,POI
10295,,bench,Point (24.9556214 60.1830717),24.9556214,60.1830717,POI
10296,,bench,Point (24.9556402 60.1830084),24.9556402,60.1830084,POI
10297,,bench,Point (24.9558119 60.1831871),24.9558119,60.1831871,POI
10298,,bench,Point (24.9559232 60.1831984),24.9559232,60.1831984,POI
10299,Krung Thep Thai Bistro J?tk?saari,restaurant,Point (24.9072552 60.1548805),24.9072552,60.1548805,POI
10300,Mashiro J?tk?saari,restaurant,Point (24.9076059 60.1548782),24.9076059,60.1548782,POI
10301,Restaurant & Bar Santa Clara,restaurant,Point (24.9083998 60.1546125),24.9083998,60.1546125,POI
10302,Kakuttaa,cafe,Point (24.9083734 60.154313),24.9083734,60.154313,POI
10303,Uuno Pizza,restaurant,Point (24.9113097 60.1523428),24.9113097,60.1523428,POI
10304,Bob's Laundry,bar,Point (24.9328585 60.1591292),24.9328585,60.1591292,POI
10305,Hymy Sushi,restaurant,Point (24.9591661 60.1931364),24.9591661,60.1931364,POI
10306,,bench,Point (24.9100628 60.1540698),24.9100628,60.1540698,POI
10307,Pizzeria Via Tribunali,restaurant,Point (24.9659395 60.1662988),24.9659395,60.1662988,POI
10308,P?iv?koti Elias,kindergarten,Point (24.9370427 60.1652984),24.9370427,60.1652984,POI
10309,Master Cut,hairdresser,Point (24.9206171 60.1603723),24.9206171,60.1603723,POI
10310,Scandic Hub,hotel,Point (24.9379961 60.1658562),24.9379961,60.1658562,POI
10311,Vibami,restaurant,Point (24.9475598 60.1696393),24.9475598,60.1696393,POI
10312,Harbour Tap & Taste,restaurant,Point (24.983403 60.183646),24.983403,60.183646,POI
10313,Voima ja herkkyys,artwork,Point (24.921615 60.1961673),24.921615,60.1961673,POI
10314,,bench,Point (24.9765322 60.1811829),24.9765322,60.1811829,POI
10315,,bench,Point (24.976553 60.1811868),24.976553,60.1811868,POI
10316,,bench,Point (24.9766308 60.1812007),24.9766308,60.1812007,POI
10317,,bench,Point (24.9769298 60.1812558),24.9769298,60.1812558,POI
10318,,bench,Point (24.9769512 60.1812623),24.9769512,60.1812623,POI
10319,,bench,Point (24.9769867 60.1812675),24.9769867,60.1812675,POI
10320,,bench,Point (24.976379 60.1812292),24.976379,60.1812292,POI
10321,,bench,Point (24.9764036 60.1812212),24.9764036,60.1812212,POI
10322,,bench,Point (24.9764607 60.1812274),24.9764607,60.1812274,POI
10323,,bench,Point (24.9764802 60.1812308),24.9764802,60.1812308,POI
10324,,bench,Point (24.9765375 60.1812401),24.9765375,60.1812401,POI
10325,,bench,Point (24.976559 60.1812432),24.976559,60.1812432,POI
10326,,bench,Point (24.9766236 60.1812521),24.9766236,60.1812521,POI
10327,,bench,Point (24.9766459 60.1812572),24.9766459,60.1812572,POI
10328,,bench,Point (24.9770134 60.1812654),24.9770134,60.1812654,POI
10329,,bench,Point (24.9770426 60.1812635),24.9770426,60.1812635,POI
10330,,bench,Point (24.9770677 60.1812513),24.9770677,60.1812513,POI
10331,,bench,Point (24.9770791 60.1812683),24.9770791,60.1812683,POI
10332,,waste_basket,Point (24.9770662 60.1812618),24.9770662,60.1812618,POI
10333,,bench,Point (24.9764579 60.1810099),24.9764579,60.1810099,POI
10334,Mare Mare,artwork,Point (24.9771803 60.1817457),24.9771803,60.1817457,POI
10335,,bench,Point (24.9770263 60.1816707),24.9770263,60.1816707,POI
10336,,bench,Point (24.9770043 60.1816973),24.9770043,60.1816973,POI
10337,,bench,Point (24.9770321 60.1817291),24.9770321,60.1817291,POI
10338,,waste_basket,Point (24.9770466 60.1817724),24.9770466,60.1817724,POI
10339,Adzika Georgian Street Kitchen,restaurant,Point (24.9490837 60.181477),24.9490837,60.181477,POI
10340,,bench,Point (24.8852379 60.1822698),24.8852379,60.1822698,POI
10341,,drinking_water,Point (24.8849846 60.1830934),24.8849846,60.1830934,POI
10342,D?ner Harju,restaurant,Point (24.9139697 60.1897106),24.9139697,60.1897106,POI
10343,Oishi 18,restaurant,Point (24.9654459 60.166417),24.9654459,60.166417,POI
10344,Caf¨¦ Linkosuo Skatta,cafe,Point (24.9653998 60.1663882),24.9653998,60.1663882,POI
10345,,hairdresser,Point (24.9657907 60.1663058),24.9657907,60.1663058,POI
10346,Namina Wellness,beauty_shop,Point (24.9656491 60.1663082),24.9656491,60.1663082,POI
10347,Taj Mahal,convenience,Point (24.953865 60.1810748),24.953865,60.1810748,POI
10348,Maharaja,convenience,Point (24.953759 60.1810371),24.953759,60.1810371,POI
10349,Legendary barbershop,hairdresser,Point (24.9540313 60.1811362),24.9540313,60.1811362,POI
10350,Halal liha maailma,butcher,Point (24.9539556 60.1811101),24.9539556,60.1811101,POI
10351,Global shop,clothes,Point (24.9541154 60.1811622),24.9541154,60.1811622,POI
10352,La Mardino's pizzeria,fast_food,Point (24.9552097 60.18159),24.9552097,60.18159,POI
10353,Mundial Oy,convenience,Point (24.9542957 60.1812298),24.9542957,60.1812298,POI
10354,Burger Company Kallio,restaurant,Point (24.9542661 60.1884651),24.9542661,60.1884651,POI
10355,Hern¨¦,clothes,Point (24.9573666 60.171759),24.9573666,60.171759,POI
10356,Pyshburg,cafe,Point (24.937811 60.1618854),24.937811,60.1618854,POI
10357,,bench,Point (24.9568009 60.1583271),24.9568009,60.1583271,POI
10358,,waste_basket,Point (24.9169315 60.1765017),24.9169315,60.1765017,POI
10359,,waste_basket,Point (24.9112253 60.1823188),24.9112253,60.1823188,POI
10360,,waste_basket,Point (24.8641783 60.2017467),24.8641783,60.2017467,POI
10361,,waste_basket,Point (24.8667499 60.2010334),24.8667499,60.2010334,POI
10362,,waste_basket,Point (24.9045933 60.1872187),24.9045933,60.1872187,POI
10363,,post_box,Point (24.9582844 60.2159086),24.9582844,60.2159086,POI
10364,,post_box,Point (24.9480396 60.2097139),24.9480396,60.2097139,POI
10365,,post_box,Point (24.9536354 60.2169461),24.9536354,60.2169461,POI
10366,Envy Hair,hairdresser,Point (24.9261776 60.170385),24.9261776,60.170385,POI
10367,Aiko Nails & Lashes,beauty_shop,Point (24.95704 60.1871769),24.95704,60.1871769,POI
10368,,restaurant,Point (24.9586075 60.188222),24.9586075,60.188222,POI
10369,Finlandiatalo,cafe,Point (24.9338932 60.1767614),24.9338932,60.1767614,POI
10370,Olivia Kluuvi,restaurant,Point (24.9476445 60.1692461),24.9476445,60.1692461,POI
10371,,waste_basket,Point (24.8634657 60.2037363),24.8634657,60.2037363,POI
10372,,waste_basket,Point (24.8666726 60.2019174),24.8666726,60.2019174,POI
10373,,waste_basket,Point (24.9584902 60.1873718),24.9584902,60.1873718,POI
10374,,waste_basket,Point (24.9586388 60.1875659),24.9586388,60.1875659,POI
10375,,bench,Point (24.9846286 60.1446055),24.9846286,60.1446055,POI
10376,Cafe Taideterassi,cafe,Point (24.9365364 60.1816056),24.9365364,60.1816056,POI
10377,"HopLop Helsinki, Pasila",theme_park,Point (24.9307332 60.1981508),24.9307332,60.1981508,POI
10378,,bench,Point (24.9200267 60.1931945),24.9200267,60.1931945,POI
10379,Alnilam,gift_shop,Point (24.937233 60.1681278),24.937233,60.1681278,POI
10380,Alexanderplats,restaurant,Point (24.9446084 60.1668267),24.9446084,60.1668267,POI
10381,,bench,Point (24.9445714 60.1868897),24.9445714,60.1868897,POI
10382,,waste_basket,Point (24.9611104 60.1847362),24.9611104,60.1847362,POI
10383,,bench,Point (24.9610611 60.1847196),24.9610611,60.1847196,POI
10384,Chatime,cafe,Point (24.9417703 60.1697452),24.9417703,60.1697452,POI
10385,Kiina Supermarket,supermarket,Point (24.9333323 60.1700792),24.9333323,60.1700792,POI
10386,Volt,clothes,Point (24.9333133 60.1696884),24.9333133,60.1696884,POI
10387,Nanso,clothes,Point (24.9336031 60.1694762),24.9336031,60.1694762,POI
10388,Clou,hairdresser,Point (24.9295657 60.1735457),24.9295657,60.1735457,POI
10389,Nordic Star,gift_shop,Point (24.9325461 60.1708366),24.9325461,60.1708366,POI
10390,Your Face,clothes,Point (24.9337162 60.1694115),24.9337162,60.1694115,POI
10391,Biang!,restaurant,Point (24.9414346 60.1698449),24.9414346,60.1698449,POI
10392,Espresso House,cafe,Point (24.9408075 60.1695563),24.9408075,60.1695563,POI
10393,Rokoteklinikka Ateneum,clinic,Point (24.943757 60.1696732),24.943757,60.1696732,POI
10394,Jungle Juice Bar,fast_food,Point (24.9431191 60.1696064),24.9431191,60.1696064,POI
10395,Erottaja Webcam,camera_surveillance,Point (24.9431946 60.1663455),24.9431946,60.1663455,POI
10396,,toilet,Point (24.9803775 60.1751327),24.9803775,60.1751327,POI
10397,,toilet,Point (24.9803077 60.1751327),24.9803077,60.1751327,POI
10398,BYPIAS,clothes,Point (24.8951709 60.2095287),24.8951709,60.2095287,POI
10399,,bench,Point (24.9541299 60.1976743),24.9541299,60.1976743,POI
10400,,bench,Point (24.9541759 60.1977088),24.9541759,60.1977088,POI
10401,,tourist_info,Point (24.9526724 60.167423),24.9526724,60.167423,POI
10402,No. 5 Coffee,restaurant,Point (24.9574714 60.1710474),24.9574714,60.1710474,POI
10403,Food&Co.,restaurant,Point (24.9504993 60.1770626),24.9504993,60.1770626,POI
10404,Shell Helsinki K?pyl?,cafe,Point (24.9421966 60.2134212),24.9421966,60.2134212,POI
10405,,toilet,Point (24.9421077 60.2134846),24.9421077,60.2134846,POI
10406,,waste_basket,Point (24.9423049 60.2133446),24.9423049,60.2133446,POI
10407,,water_well,Point (24.9946754 60.2036072),24.9946754,60.2036072,POI
10408,Lammassaaren lankkupolun etel?inen katselutasanne,viewpoint,Point (24.9952921 60.2087796),24.9952921,60.2087796,POI
10409,Lammassaaren lankkupolun pohjoinen katselutasanne,viewpoint,Point (24.9910614 60.2106747),24.9910614,60.2106747,POI
10410,Istuinveistokset,artwork,Point (24.9823787 60.1835259),24.9823787,60.1835259,POI
10411,Istuinveistokset,artwork,Point (24.9806717 60.1826399),24.9806717,60.1826399,POI
10412,Istuinveistokset,artwork,Point (24.9782531 60.1829222),24.9782531,60.1829222,POI
10413,The New Room,clothes,Point (24.9458568 60.1697098),24.9458568,60.1697098,POI
10414,Aavetaajuus,bookshop,Point (24.9528918 60.187477),24.9528918,60.187477,POI
10415,R-Kioski,kiosk,Point (24.9407387 60.1679649),24.9407387,60.1679649,POI
10416,,toilet,Point (24.9126228 60.1488914),24.9126228,60.1488914,POI
10417,Finfiona,jeweller,Point (24.9483368 60.1599112),24.9483368,60.1599112,POI
10418,Kakkugalleria,cafe,Point (24.9494475 60.1814381),24.9494475,60.1814381,POI
10419,,bench,Point (24.8847228 60.1862118),24.8847228,60.1862118,POI
10420,,bench,Point (24.8847283 60.1862843),24.8847283,60.1862843,POI
10421,,waste_basket,Point (24.9566399 60.1972041),24.9566399,60.1972041,POI
10422,,waste_basket,Point (24.9549046 60.196569),24.9549046,60.196569,POI
10423,,bench,Point (24.9758966 60.1823109),24.9758966,60.1823109,POI
10424,,bench,Point (24.9767452 60.182401),24.9767452,60.182401,POI
10425,,bench,Point (24.9767744 60.182473),24.9767744,60.182473,POI
10426,,bench,Point (24.9766582 60.1823828),24.9766582,60.1823828,POI
10427,,bench,Point (24.9750003 60.1811421),24.9750003,60.1811421,POI
10428,,bench,Point (24.9750307 60.1811151),24.9750307,60.1811151,POI
10429,,bench,Point (24.975162 60.1810269),24.975162,60.1810269,POI
10430,,bench,Point (24.9751468 60.1810501),24.9751468,60.1810501,POI
10431,,bench,Point (24.9752716 60.1809741),24.9752716,60.1809741,POI
10432,,bench,Point (24.9753186 60.1809593),24.9753186,60.1809593,POI
10433,Banu Cafe,restaurant,Point (24.9122746 60.1571617),24.9122746,60.1571617,POI
10434,,bench,Point (24.934144 60.1626487),24.934144,60.1626487,POI
10435,,waste_basket,Point (24.9011986 60.195131),24.9011986,60.195131,POI
10436,,pitch,Point (24.9158483 60.1775439),24.9158483,60.1775439,POI
10437,,bench,Point (24.9342084 60.1983446),24.9342084,60.1983446,POI
10438,,bench,Point (24.9341829 60.198399),24.9341829,60.198399,POI
10439,,bench,Point (24.9342148 60.1983293),24.9342148,60.1983293,POI
10440,,bench,Point (24.9341889 60.1983837),24.9341889,60.1983837,POI
10441,,bench,Point (24.9340542 60.1984316),24.9340542,60.1984316,POI
10442,,bench,Point (24.9340016 60.1984668),24.9340016,60.1984668,POI
10443,,waste_basket,Point (24.9341639 60.1984573),24.9341639,60.1984573,POI
10444,,waste_basket,Point (24.9341206 60.1985473),24.9341206,60.1985473,POI
10445,,tourist_info,Point (24.9342114 60.1983384),24.9342114,60.1983384,POI
10446,,tourist_info,Point (24.9341852 60.1983923),24.9341852,60.1983923,POI
10447,,viewpoint,Point (24.9270236 60.2018565),24.9270236,60.2018565,POI
10448,Joutsen,clothes,Point (24.9318785 60.1739539),24.9318785,60.1739539,POI
10449,Kristallit.fi,gift_shop,Point (24.9320848 60.1738863),24.9320848,60.1738863,POI
10450,,shelter,Point (24.9281298 60.2001517),24.9281298,60.2001517,POI
10451,,bench,Point (24.9860182 60.2152098),24.9860182,60.2152098,POI
10452,Bakerika,bakery,Point (24.9398085 60.1624852),24.9398085,60.1624852,POI
10453,Brin davan,restaurant,Point (24.9414136 60.1965787),24.9414136,60.1965787,POI
10454,Pasilan hammashoito,dentist,Point (24.9411079 60.1981445),24.9411079,60.1981445,POI
10455,Bistro Le Coin,restaurant,Point (24.9496361 60.1782385),24.9496361,60.1782385,POI
10456,Pica pica,artwork,Point (24.9783999 60.1810242),24.9783999,60.1810242,POI
10457,Bali,restaurant,Point (24.9576474 60.1938854),24.9576474,60.1938854,POI
10458,Burger Company Pasila,restaurant,Point (24.9290165 60.1994945),24.9290165,60.1994945,POI
10459,Rannagor,restaurant,Point (24.9289219 60.19976),24.9289219,60.19976,POI
10460,Koto Bento,restaurant,Point (24.9289023 60.1999786),24.9289023,60.1999786,POI
10461,Chitir Chicken Pasila,restaurant,Point (24.9275451 60.2002434),24.9275451,60.2002434,POI
10462,PuPu,cafe,Point (24.9338118 60.1990547),24.9338118,60.1990547,POI
10463,Nopat ja Taktiikka Ry,community_centre,Point (24.8814071 60.2152285),24.8814071,60.2152285,POI
10464,Susanna's Nail & Beauty Salon,beauty_shop,Point (24.8846471 60.154939),24.8846471,60.154939,POI
10465,Lauttasaaren Herkku,restaurant,Point (24.8847596 60.1552062),24.8847596,60.1552062,POI
10466,Bistro O mat,restaurant,Point (24.9489472 60.1815296),24.9489472,60.1815296,POI
10467,R-Kioski,kiosk,Point (24.9332148 60.169546),24.9332148,60.169546,POI
10468,HAIRTISTICO //,hairdresser,Point (24.920281 60.1868001),24.920281,60.1868001,POI
10469,Roihu,restaurant,Point (24.9107782 60.1648163),24.9107782,60.1648163,POI
10470,Teboil Munkkivuori,cafe,Point (24.8790682 60.2070058),24.8790682,60.2070058,POI
10471,Rolls,restaurant,Point (24.8791447 60.2070543),24.8791447,60.2070543,POI
10472,Teboil Munkkivuori,car_wash,Point (24.8789499 60.2070911),24.8789499,60.2070911,POI
10473,Palapizzeria Izza by S?rdough,restaurant,Point (24.9520361 60.1823492),24.9520361,60.1823492,POI
10474,,gift_shop,Point (24.9527597 60.1666776),24.9527597,60.1666776,POI
10475,,bench,Point (24.9473352 60.1676262),24.9473352,60.1676262,POI
10476,,bench,Point (24.9473909 60.1676459),24.9473909,60.1676459,POI
10477,,bench,Point (24.9522598 60.1695718),24.9522598,60.1695718,POI
10478,,bench,Point (24.9522097 60.169568),24.9522097,60.169568,POI
10479,,bench,Point (24.9523114 60.1695722),24.9523114,60.1695722,POI
10480,,bench,Point (24.9523715 60.1694588),24.9523715,60.1694588,POI
10481,,bench,Point (24.952172 60.1694545),24.952172,60.1694545,POI
10482,Helsingin matkailuneuvonta,tourist_info,Point (24.9522582 60.1689466),24.9522582,60.1689466,POI
10483,,bench,Point (24.9534088 60.1690159),24.9534088,60.1690159,POI
10484,,bench,Point (24.9534565 60.1689512),24.9534565,60.1689512,POI
10485,,bench,Point (24.9536253 60.1687813),24.9536253,60.1687813,POI
10486,,bench,Point (24.9534769 60.1686853),24.9534769,60.1686853,POI
10487,,bench,Point (24.9536456 60.1684143),24.9536456,60.1684143,POI
10488,,bench,Point (24.9535226 60.1681625),24.9535226,60.1681625,POI
10489,,bench,Point (24.9598519 60.169597),24.9598519,60.169597,POI
10490,,bench,Point (24.959867 60.169615),24.959867,60.169615,POI
10491,,bench,Point (24.959881 60.1696342),24.959881,60.1696342,POI
10492,,bench,Point (24.9602235 60.1705601),24.9602235,60.1705601,POI
10493,Irimia Market,convenience,Point (24.8944734 60.2029028),24.8944734,60.2029028,POI
10494,,bench,Point (24.9735288 60.2017871),24.9735288,60.2017871,POI
10495,,bench,Point (24.9817509 60.2091608),24.9817509,60.2091608,POI
10496,,bench,Point (24.9818196 60.2093763),24.9818196,60.2093763,POI
10497,,bench,Point (24.9820107 60.2095491),24.9820107,60.2095491,POI
10498,Dylan Corner lounasravintola,restaurant,Point (24.9468706 60.1962127),24.9468706,60.1962127,POI
10499,Boneless,fast_food,Point (24.9255406 60.181531),24.9255406,60.181531,POI
10500,Kansis,restaurant,Point (24.9334831 60.1676756),24.9334831,60.1676756,POI
10501,Belle Baguette,cafe,Point (24.9571163 60.2131583),24.9571163,60.2131583,POI
10502,,outdoor_shop,Point (24.9514464 60.1689505),24.9514464,60.1689505,POI
10503,eSmile,dentist,Point (24.940756 60.1679903),24.940756,60.1679903,POI
10504,KotKot T??l?,fast_food,Point (24.9180515 60.1888303),24.9180515,60.1888303,POI
10505,Karaokebaari Hirvi,bar,Point (24.9607173 60.1845958),24.9607173,60.1845958,POI
10506,RED Bar & Kitchen,restaurant,Point (24.9467821 60.1731523),24.9467821,60.1731523,POI
10507,Nissen,optician,Point (24.933842 60.1695448),24.933842,60.1695448,POI
10508,DNA,mobile_phone_shop,Point (24.9335442 60.1694664),24.9335442,60.1694664,POI
10509,Picnic,fast_food,Point (24.9332737 60.1693915),24.9332737,60.1693915,POI
10510,Telia,mobile_phone_shop,Point (24.9339363 60.1695034),24.9339363,60.1695034,POI
10511,Synsam,optician,Point (24.934048 60.1695317),24.934048,60.1695317,POI
10512,Normal,chemist,Point (24.9329288 60.1691676),24.9329288,60.1691676,POI
10513,,bench,Point (24.9562904 60.2037145),24.9562904,60.2037145,POI
10514,,tourist_info,Point (24.9932024 60.179061),24.9932024,60.179061,POI
10515,WELL Kaisa-talo,cafe,Point (24.9478607 60.1711441),24.9478607,60.1711441,POI
10516,,bench,Point (24.9475767 60.2013164),24.9475767,60.2013164,POI
10517,Chingu BBQ,restaurant,Point (24.976382 60.189915),24.976382,60.189915,POI
10518,,waste_basket,Point (24.9793982 60.1890228),24.9793982,60.1890228,POI
10519,,bench,Point (24.9811004 60.1887243),24.9811004,60.1887243,POI
10520,,bench,Point (24.9810771 60.1887101),24.9810771,60.1887101,POI
10521,,bench,Point (24.9810606 60.1886957),24.9810606,60.1886957,POI
10522,,bench,Point (24.9811835 60.1886684),24.9811835,60.1886684,POI
10523,,bench,Point (24.981175 60.1886833),24.981175,60.1886833,POI
10524,,bench,Point (24.9811662 60.1886981),24.9811662,60.1886981,POI
10525,,bench,Point (24.9814476 60.1886596),24.9814476,60.1886596,POI
10526,,bench,Point (24.9813991 60.1886811),24.9813991,60.1886811,POI
10527,,bench,Point (24.9813503 60.1887045),24.9813503,60.1887045,POI
10528,,waste_basket,Point (24.9814785 60.1886532),24.9814785,60.1886532,POI
10529,,bench,Point (24.9813768 60.1886198),24.9813768,60.1886198,POI
10530,,bench,Point (24.9813934 60.1886286),24.9813934,60.1886286,POI
10531,,waste_basket,Point (24.9816491 60.1898817),24.9816491,60.1898817,POI
10532,,waste_basket,Point (24.9852149 60.1890877),24.9852149,60.1890877,POI
10533,,bench,Point (24.9850886 60.1888809),24.9850886,60.1888809,POI
10534,,bench,Point (24.9851306 60.1888885),24.9851306,60.1888885,POI
10535,,bench,Point (24.9851235 60.1889467),24.9851235,60.1889467,POI
10536,,bench,Point (24.9851485 60.1889338),24.9851485,60.1889338,POI
10537,,waste_basket,Point (24.983967 60.1878524),24.983967,60.1878524,POI
10538,,waste_basket,Point (24.9833389 60.188011),24.9833389,60.188011,POI
10539,,waste_basket,Point (24.9830247 60.1877849),24.9830247,60.1877849,POI
10540,,waste_basket,Point (24.9827131 60.1874576),24.9827131,60.1874576,POI
10541,,waste_basket,Point (24.9822039 60.1873323),24.9822039,60.1873323,POI
10542,,tourist_info,Point (24.9849484 60.1894645),24.9849484,60.1894645,POI
10543,,bench,Point (24.9830124 60.1876794),24.9830124,60.1876794,POI
10544,,bench,Point (24.9831534 60.187798),24.9831534,60.187798,POI
10545,,bench,Point (24.9833024 60.1878849),24.9833024,60.1878849,POI
10546,,bench,Point (24.9845445 60.1877106),24.9845445,60.1877106,POI
10547,,bench,Point (24.9845168 60.1877193),24.9845168,60.1877193,POI
10548,,bench,Point (24.9844896 60.1877216),24.9844896,60.1877216,POI
10549,,bench,Point (24.9844295 60.1877397),24.9844295,60.1877397,POI
10550,,bench,Point (24.9844056 60.1877511),24.9844056,60.1877511,POI
10551,,bench,Point (24.9843791 60.1877544),24.9843791,60.1877544,POI
10552,,bench,Point (24.9843331 60.1877711),24.9843331,60.1877711,POI
10553,,bench,Point (24.9842989 60.1877778),24.9842989,60.1877778,POI
10554,,bench,Point (24.9842599 60.1877922),24.9842599,60.1877922,POI
10555,,bench,Point (24.9842346 60.187796),24.9842346,60.187796,POI
10556,,bench,Point (24.9842104 60.1878039),24.9842104,60.1878039,POI
10557,,bench,Point (24.9842057 60.1878192),24.9842057,60.1878192,POI
10558,,bench,Point (24.9841551 60.1878311),24.9841551,60.1878311,POI
10559,,bench,Point (24.9841015 60.1878338),24.9841015,60.1878338,POI
10560,,bench,Point (24.9840523 60.1878373),24.9840523,60.1878373,POI
10561,,bench,Point (24.9839334 60.1878747),24.9839334,60.1878747,POI
10562,,bench,Point (24.9838994 60.1878862),24.9838994,60.1878862,POI
10563,,bench,Point (24.9838521 60.1878876),24.9838521,60.1878876,POI
10564,,bench,Point (24.9837948 60.1878969),24.9837948,60.1878969,POI
10565,,camera_surveillance,Point (24.9642712 60.1890312),24.9642712,60.1890312,POI
10566,Subway,fast_food,Point (24.9477998 60.1695074),24.9477998,60.1695074,POI
10567,Holy Crab,restaurant,Point (24.9476249 60.1695044),24.9476249,60.1695044,POI
10568,Suitsupply,clothes,Point (24.9461758 60.1670155),24.9461758,60.1670155,POI
10569,Cafe & Terrace,cafe,Point (24.9579963 60.1671422),24.9579963,60.1671422,POI
10570,R-Kioski,kiosk,Point (24.9404095 60.1721821),24.9404095,60.1721821,POI
10571,Little Big Caf¨¦,cafe,Point (24.9401542 60.1724832),24.9401542,60.1724832,POI
10572,Normal,chemist,Point (24.9421169 60.1699336),24.9421169,60.1699336,POI
10573,Mogs Soppakeitti?,restaurant,Point (24.9296335 60.1630647),24.9296335,60.1630647,POI
10574,,bench,Point (24.9501434 60.2005248),24.9501434,60.2005248,POI
10575,,tourist_info,Point (24.9502274 60.2005181),24.9502274,60.2005181,POI
10576,,bench,Point (24.9498169 60.200628),24.9498169,60.200628,POI
10577,,bench,Point (24.94988 60.2006449),24.94988,60.2006449,POI
10578,,bench,Point (24.949818 60.2009155),24.949818,60.2009155,POI
10579,,bench,Point (24.9498461 60.2009431),24.9498461,60.2009431,POI
10580,,artwork,Point (24.9499501 60.2009228),24.9499501,60.2009228,POI
10581,Street Canteen,restaurant,Point (24.9411643 60.168918),24.9411643,60.168918,POI
10582,Heureka Shop,gift_shop,Point (24.9321592 60.1688704),24.9321592,60.1688704,POI
10583,Stadium,sports_shop,Point (24.9320571 60.168731),24.9320571,60.168731,POI
10584,Thai Orchid Villa,restaurant,Point (24.931835 60.1688582),24.931835,60.1688582,POI
10585,Cutters,hairdresser,Point (24.9313251 60.1686175),24.9313251,60.1686175,POI
10586,Elisa,mobile_phone_shop,Point (24.9319691 60.1688664),24.9319691,60.1688664,POI
10587,Luckiefun's,restaurant,Point (24.9323772 60.1689862),24.9323772,60.1689862,POI
10588,Plantagen,garden_centre,Point (24.9324785 60.1690162),24.9324785,60.1690162,POI
10589,Suomalainen Kirjakauppa,bookshop,Point (24.9333394 60.1692265),24.9333394,60.1692265,POI
10590,Indiska,clothes,Point (24.9325448 60.1689726),24.9325448,60.1689726,POI
10591,Dressmann,clothes,Point (24.9324586 60.1688568),24.9324586,60.1688568,POI
10592,Kulta-Aika Kamppi,jeweller,Point (24.9322286 60.1688284),24.9322286,60.1688284,POI
10593,Tommy Hilfiger,clothes,Point (24.9331658 60.1693942),24.9331658,60.1693942,POI
10594,Mannerheim-ristin ritarien aukea,park,Point (24.903357 60.1978193),24.903357,60.1978193,POI
10595,,cafe,Point (24.9464896 60.1529783),24.9464896,60.1529783,POI
10596,HSS Restaurant,restaurant,Point (24.9472736 60.1513585),24.9472736,60.1513585,POI
10597,Helsingfors Segels?llskap r.f. (HSS),community_centre,Point (24.9471605 60.1514321),24.9471605,60.1514321,POI
10598,,tourist_info,Point (24.9519487 60.1529706),24.9519487,60.1529706,POI
10599,rahtilaiva M/S Asynjan ankkuri,memorial,Point (24.9477152 60.151161),24.9477152,60.151161,POI
10600,Pieni Noitapuoti,gift_shop,Point (24.9478494 60.1582285),24.9478494,60.1582285,POI
10601,Vankiterveydenhuolto,clinic,Point (24.8980065 60.2012139),24.8980065,60.2012139,POI
10602,"Ammattiopisto Live, TELMA-koulutus",school,Point (24.9079091 60.2036542),24.9079091,60.2036542,POI
10603,Valteriskolan Skilla,school,Point (24.9072133 60.2031956),24.9072133,60.2031956,POI
10604,Kappeliesplanadi,park,Point (24.9502755 60.1676),24.9502755,60.1676,POI
10605,Runeberginesplanadi,park,Point (24.9470009 60.1674797),24.9470009,60.1674797,POI
10606,Teatteriesplanadi,park,Point (24.9447952 60.167396),24.9447952,60.167396,POI
10607,Callisto,hairdresser,Point (24.98006 60.1886046),24.98006,60.1886046,POI
10608,Seoul 88,restaurant,Point (24.933739 60.1691892),24.933739,60.1691892,POI
10609,Kalevala,jeweller,Point (24.943187 60.1686239),24.943187,60.1686239,POI
10610,Elisa Kulma,mobile_phone_shop,Point (24.9426059 60.1689635),24.9426059,60.1689635,POI
10611,Hagl?fs,clothes,Point (24.9431513 60.1690483),24.9431513,60.1690483,POI
10612,Westerback 1897,jeweller,Point (24.9431352 60.1691909),24.9431352,60.1691909,POI
10613,Lindex,clothes,Point (24.943129 60.169281),24.943129,60.169281,POI
10614,Lokki,artwork,Point (24.9298465 60.1700259),24.9298465,60.1700259,POI
10615,Korat,restaurant,Point (24.8777161 60.1602332),24.8777161,60.1602332,POI
10616,K-Market,convenience,Point (24.9493824 60.1813865),24.9493824,60.1813865,POI
10617,Ur & Penn,jeweller,Point (24.9338212 60.1694493),24.9338212,60.1694493,POI
10618,Pizzeria Via Tribunali,restaurant,Point (24.9375842 60.1591948),24.9375842,60.1591948,POI
10619,,cafe,Point (24.9468044 60.1680751),24.9468044,60.1680751,POI
10620,Fenno optiikka,optician,Point (24.9434977 60.1687265),24.9434977,60.1687265,POI
10621,Holmasto,jeweller,Point (24.9436271 60.1687302),24.9436271,60.1687302,POI
10622,Mala Master,restaurant,Point (24.9266042 60.1713899),24.9266042,60.1713899,POI
10623,,atm,Point (24.9333169 60.1989661),24.9333169,60.1989661,POI
10624,,atm,Point (24.9333187 60.1989617),24.9333187,60.1989617,POI
10625,,atm,Point (24.9333208 60.1989562),24.9333208,60.1989562,POI
10626,Clobber,clothes,Point (24.961281 60.1964832),24.961281,60.1964832,POI
10627,,bench,Point (24.9620884 60.2008997),24.9620884,60.2008997,POI
10628,,waste_basket,Point (24.962142 60.2008943),24.962142,60.2008943,POI
10629,,bench,Point (24.9634872 60.2002949),24.9634872,60.2002949,POI
10630,,bench,Point (24.9641672 60.2004658),24.9641672,60.2004658,POI
10631,,bench,Point (24.964224 60.2004562),24.964224,60.2004562,POI
10632,,waste_basket,Point (24.9642856 60.2004455),24.9642856,60.2004455,POI
10633,,bench,Point (24.9646136 60.2002455),24.9646136,60.2002455,POI
10634,,bench,Point (24.9646787 60.2002484),24.9646787,60.2002484,POI
10635,,waste_basket,Point (24.9653819 60.2002321),24.9653819,60.2002321,POI
10636,Ravintola Royal Pokhara,restaurant,Point (24.8783662 60.197017),24.8783662,60.197017,POI
10637,,bench,Point (24.9492558 60.2001164),24.9492558,60.2001164,POI
10638,,bench,Point (24.9490399 60.2003569),24.9490399,60.2003569,POI
10639,,bench,Point (24.9479808 60.2012007),24.9479808,60.2012007,POI
10640,,bench,Point (24.9470042 60.2012952),24.9470042,60.2012952,POI
10641,,bench,Point (24.953196 60.2005209),24.953196,60.2005209,POI
10642,,waste_basket,Point (24.9532841 60.2004618),24.9532841,60.2004618,POI
10643,,bench,Point (24.9555097 60.2013495),24.9555097,60.2013495,POI
10644,,bench,Point (24.9584404 60.201455),24.9584404,60.201455,POI
10645,Martti Ahtisaaren hauta,memorial,Point (24.9097315 60.1724431),24.9097315,60.1724431,POI
10646,,artwork,Point (24.9797489 60.1831786),24.9797489,60.1831786,POI
10647,,artwork,Point (24.9797676 60.1832173),24.9797676,60.1832173,POI
10648,,artwork,Point (24.9797341 60.1831379),24.9797341,60.1831379,POI
10649,,artwork,Point (24.9798923 60.1831156),24.9798923,60.1831156,POI
10650,,artwork,Point (24.9799111 60.1831569),24.9799111,60.1831569,POI
10651,,artwork,Point (24.9799259 60.183196),24.9799259,60.183196,POI
10652,,artwork,Point (24.9804301 60.1843259),24.9804301,60.1843259,POI
10653,,artwork,Point (24.9804556 60.1843832),24.9804556,60.1843832,POI
10654,,artwork,Point (24.9804818 60.1844366),24.9804818,60.1844366,POI
10655,,artwork,Point (24.9805032 60.1844849),24.9805032,60.1844849,POI
10656,,artwork,Point (24.9805254 60.1845336),24.9805254,60.1845336,POI
10657,,artwork,Point (24.9805468 60.1845876),24.9805468,60.1845876,POI
10658,,artwork,Point (24.9805998 60.1850477),24.9805998,60.1850477,POI
10659,,artwork,Point (24.9806132 60.185076),24.9806132,60.185076,POI
10660,,artwork,Point (24.9785273 60.1898529),24.9785273,60.1898529,POI
10661,,artwork,Point (24.9784999 60.1897816),24.9784999,60.1897816,POI
10662,,artwork,Point (24.9778751 60.186217),24.9778751,60.186217,POI
10663,,artwork,Point (24.9778326 60.186228),24.9778326,60.186228,POI
10664,,artwork,Point (24.9777318 60.1862544),24.9777318,60.1862544,POI
10665,,artwork,Point (24.9776459 60.1862777),24.9776459,60.1862777,POI
10666,,artwork,Point (24.9784714 60.1897119),24.9784714,60.1897119,POI
10667,,bench,Point (24.888368 60.1777856),24.888368,60.1777856,POI
10668,Hebi¡¯s Nails & Lashes,beauty_shop,Point (24.8832993 60.1987879),24.8832993,60.1987879,POI
10669,Poppystil,beauty_shop,Point (24.9795093 60.2106933),24.9795093,60.2106933,POI
10670,Riistavuoren palvelukeskuksen kirjasto,library,Point (24.8873971 60.2170823),24.8873971,60.2170823,POI
10671,,bench,Point (24.8874695 60.217239),24.8874695,60.217239,POI
10672,,bench,Point (24.8874442 60.2174152),24.8874442,60.2174152,POI
10673,,bench,Point (24.887266 60.2172718),24.887266,60.2172718,POI
10674,,bench,Point (24.8872855 60.2172392),24.8872855,60.2172392,POI
10675,,waste_basket,Point (24.887354 60.2172308),24.887354,60.2172308,POI
10676,,tourist_info,Point (24.887423 60.2172522),24.887423,60.2172522,POI
10677,El?m?nkaari,artwork,Point (24.8872052 60.2171669),24.8872052,60.2171669,POI
10678,,memorial,Point (24.9730397 60.1486408),24.9730397,60.1486408,POI
10679,,camera_surveillance,Point (24.8781948 60.2018904),24.8781948,60.2018904,POI
10680,Long Lasting Beauty,beauty_shop,Point (24.9350441 60.1635237),24.9350441,60.1635237,POI
10681,El?insairaala Mevet,veterinary,Point (24.876869 60.2173049),24.876869,60.2173049,POI
10682,Hius FinFin,hairdresser,Point (24.9371915 60.1669468),24.9371915,60.1669468,POI
10683,Matkatoimisto Traveller,travel_agent,Point (24.9105913 60.1581408),24.9105913,60.1581408,POI
10684,Ravintola Piano,restaurant,Point (24.9278572 60.1979702),24.9278572,60.1979702,POI
10685,,bar,Point (24.9525634 60.1530038),24.9525634,60.1530038,POI
10686,,shelter,Point (24.9525549 60.1530054),24.9525549,60.1530054,POI
10687,,toilet,Point (24.9803645 60.1871483),24.9803645,60.1871483,POI
10688,No Name Theater,theatre,Point (24.9234143 60.1703573),24.9234143,60.1703573,POI
10689,Viidakkorumpu,florist,Point (24.91895 60.173418),24.91895,60.173418,POI
10690,Three Belly's,restaurant,Point (24.9137307 60.189836),24.9137307,60.189836,POI
10691,Super Bario,bar,Point (24.9449302 60.1938931),24.9449302,60.1938931,POI
10692,Sture 16,restaurant,Point (24.9517855 60.1929183),24.9517855,60.1929183,POI
10693,Green Factory,restaurant,Point (24.9519437 60.1937223),24.9519437,60.1937223,POI
10694,HUU Konepaja,restaurant,Point (24.9505021 60.1920317),24.9505021,60.1920317,POI
10695,Loi Loi Rooftop,restaurant,Point (24.9501212 60.1917997),24.9501212,60.1917997,POI
10696,Food & Co Kravattitehdas,restaurant,Point (24.9497643 60.1944088),24.9497643,60.1944088,POI
10697,Ravintola Platta,restaurant,Point (24.9369039 60.2017602),24.9369039,60.2017602,POI
10698,Hammasklinikka Espa,dentist,Point (24.9450473 60.1667469),24.9450473,60.1667469,POI
10699,,waste_basket,Point (24.9078089 60.1898987),24.9078089,60.1898987,POI
10700,,bench,Point (24.9073632 60.1900639),24.9073632,60.1900639,POI
10701,,bench,Point (24.9073358 60.1900471),24.9073358,60.1900471,POI
10702,,waste_basket,Point (24.9073432 60.1900564),24.9073432,60.1900564,POI
10703,,waste_basket,Point (24.90728 60.1900614),24.90728,60.1900614,POI
10704,Pop,hairdresser,Point (24.9366298 60.1675658),24.9366298,60.1675658,POI
10705,Vision Nails,beauty_shop,Point (24.9368647 60.1678526),24.9368647,60.1678526,POI
10706,Hair Jungle,hairdresser,Point (24.9369782 60.1678993),24.9369782,60.1678993,POI
10707,Ristorante Argegno,restaurant,Point (24.9350653 60.1672409),24.9350653,60.1672409,POI
10708,Vesa-Matti Loiri 4 + 20,artwork,Point (24.9596152 60.1838984),24.9596152,60.1838984,POI
10709,,toilet,Point (24.9629696 60.2051349),24.9629696,60.2051349,POI
10710,,toilet,Point (24.9630367 60.2051609),24.9630367,60.2051609,POI
10711,Caf¨¦ Kasarmi,cafe,Point (24.9353755 60.170066),24.9353755,60.170066,POI
10712,Henry's Music Bar,bar,Point (24.9360235 60.1696729),24.9360235,60.1696729,POI
10713,Gilda,cinema,Point (24.9355521 60.1699772),24.9355521,60.1699772,POI
10714,Tawook Lab,fast_food,Point (24.9413562 60.1692585),24.9413562,60.1692585,POI
10715,Kukkakauppa Markkanen,florist,Point (24.9414333 60.169291),24.9414333,60.169291,POI
10716,Caramba,clothes,Point (24.9413197 60.1691154),24.9413197,60.1691154,POI
10717,Kiila,restaurant,Point (24.9414037 60.1689374),24.9414037,60.1689374,POI
10718,Ravintola S?rk?nlinna,restaurant,Point (24.9665239 60.1504354),24.9665239,60.1504354,POI
10719,,toilet,Point (24.9380298 60.1739823),24.9380298,60.1739823,POI
10720,,toilet,Point (24.9381458 60.1742167),24.9381458,60.1742167,POI
10721,,viewpoint,Point (24.9378933 60.1730306),24.9378933,60.1730306,POI
10722,,toilet,Point (24.9380175 60.1731439),24.9380175,60.1731439,POI
10723,,toilet,Point (24.93816 60.1742682),24.93816,60.1742682,POI
10724,,viewpoint,Point (24.9377253 60.1735972),24.9377253,60.1735972,POI
10725,Freshman,restaurant,Point (24.946793 60.1716513),24.946793,60.1716513,POI
10726,Baba D?ner,fast_food,Point (24.9468172 60.1716967),24.9468172,60.1716967,POI
10727,Burger Dojo,fast_food,Point (24.9469312 60.1717053),24.9469312,60.1717053,POI
10728,Sizzle Station,restaurant,Point (24.9470814 60.1717093),24.9470814,60.1717093,POI
10729,OnniNepal,restaurant,Point (24.9471733 60.1717025),24.9471733,60.1717025,POI
10730,DNA,mobile_phone_shop,Point (24.9380121 60.1689864),24.9380121,60.1689864,POI
10731,Synsam,optician,Point (24.9382938 60.1694349),24.9382938,60.1694349,POI
10732,Hello America,supermarket,Point (24.9377213 60.1694264),24.9377213,60.1694264,POI
10733,Plants By Us,fast_food,Point (24.9378088 60.1690307),24.9378088,60.1690307,POI
10734,XS Lelut,toy_shop,Point (24.9385338 60.1693579),24.9385338,60.1693579,POI
10735,Stadium,sports_shop,Point (24.9383945 60.1694434),24.9383945,60.1694434,POI
10736,s.Oliver,clothes,Point (24.9379324 60.1693812),24.9379324,60.1693812,POI
10737,Gina Tricot,clothes,Point (24.9377625 60.1691974),24.9377625,60.1691974,POI
10738,Beyond Retro,clothes,Point (24.9385233 60.1693298),24.9385233,60.1693298,POI
10739,Cutters,hairdresser,Point (24.9380951 60.1694401),24.9380951,60.1694401,POI
10740,,bench,Point (24.9535783 60.1713045),24.9535783,60.1713045,POI
10741,Nice Bike Py?r?huolto,bicycle_shop,Point (24.9271379 60.164204),24.9271379,60.164204,POI
10742,Wok and Noodle,restaurant,Point (24.9485582 60.1692508),24.9485582,60.1692508,POI
10743,Kluuvin Kukka,florist,Point (24.9482605 60.1692295),24.9482605,60.1692295,POI
10744,Maranello Men & Women,clothes,Point (24.9482415 60.1693182),24.9482415,60.1693182,POI
10745,Nanso,clothes,Point (24.947817 60.169111),24.947817,60.169111,POI
10746,M Room,hairdresser,Point (24.9481346 60.1695047),24.9481346,60.1695047,POI
10747,Skechers,shoe_shop,Point (24.9481284 60.1695725),24.9481284,60.1695725,POI
10748,The Other One Thai Kitchen,restaurant,Point (24.9478403 60.1696457),24.9478403,60.1696457,POI
10749,Poke Amigos,restaurant,Point (24.9478434 60.1697351),24.9478434,60.1697351,POI
10750,Fratello,restaurant,Point (24.9481134 60.1697398),24.9481134,60.1697398,POI
10751,Rosebud Sivullinen,bookshop,Point (24.9478042 60.1713488),24.9478042,60.1713488,POI
10752,The Hotel Maria,hotel,Point (24.9566453 60.1737419),24.9566453,60.1737419,POI
10753,Ravintola Lilja,restaurant,Point (24.9566388 60.1739845),24.9566388,60.1739845,POI
10754,Caf¨¦ Cl¨¦,cafe,Point (24.9566335 60.1730559),24.9566335,60.1730559,POI
10755,Hans Korn,memorial,Point (24.9467163 60.1599091),24.9467163,60.1599091,POI
10756,Heinrich Huppert,memorial,Point (24.9531771 60.1790161),24.9531771,60.1790161,POI
10757,Kurt Huppert,memorial,Point (24.9531777 60.1790092),24.9531777,60.1790092,POI
10758,Kuurnan Kasvispuoti,greengrocer,Point (24.9516469 60.1801763),24.9516469,60.1801763,POI
10759,Holmberg & Co,butcher,Point (24.9514109 60.1801432),24.9514109,60.1801432,POI
10760,AM Herkut,bakery,Point (24.9516728 60.1798977),24.9516728,60.1798977,POI
10761,NAMI,bakery,Point (24.9515179 60.1799655),24.9515179,60.1799655,POI
10762,SOUP+MORE,restaurant,Point (24.9510782 60.1800196),24.9510782,60.1800196,POI
10763,Hallikahvila,cafe,Point (24.9509738 60.1799822),24.9509738,60.1799822,POI
10764,Hallin kukka,florist,Point (24.9508322 60.1799624),24.9508322,60.1799624,POI
10765,Kestoleike,butcher,Point (24.9512224 60.180145),24.9512224,60.180145,POI
10766,,toilet,Point (24.9518029 60.179922),24.9518029,60.179922,POI
10767,,toilet,Point (24.9518975 60.1799548),24.9518975,60.1799548,POI
10768,Kirsikka,restaurant,Point (24.9509468 60.1799674),24.9509468,60.1799674,POI
10769,Museum of Impossible Forms,arts_centre,Point (24.9783864 60.1806284),24.9783864,60.1806284,POI
10770,Elsebo,community_centre,Point (24.8960262 60.2155395),24.8960262,60.2155395,POI
10771,Pesupaikka Ruoholahti,car_wash,Point (24.9084312 60.1657856),24.9084312,60.1657856,POI
10772,Arena Center Ruskeasuo,sports_centre,Point (24.9019648 60.2063003),24.9019648,60.2063003,POI
10773,Papu,clothes,Point (24.9330898 60.1691924),24.9330898,60.1691924,POI
10774,Marc O'Polo,clothes,Point (24.9332221 60.1692281),24.9332221,60.1692281,POI
10775,NAME IT,clothes,Point (24.9332949 60.1693303),24.9332949,60.1693303,POI
10776,Levi's,clothes,Point (24.933517 60.1695072),24.933517,60.1695072,POI
10777,Carlings,clothes,Point (24.9333619 60.1696541),24.9333619,60.1696541,POI
10778,Marttojen muistokivi,memorial,Point (24.9391066 60.1667791),24.9391066,60.1667791,POI
10779,Kahlaaja,artwork,Point (24.9461543 60.1662009),24.9461543,60.1662009,POI
10780,Aware by Vero Moda,clothes,Point (24.933545 60.1695027),24.933545,60.1695027,POI
10781,Cubus,clothes,Point (24.933876 60.169245),24.933876,60.169245,POI
10782,Lunci,jeweller,Point (24.9337727 60.1691736),24.9337727,60.1691736,POI
10783,El?myslahja,gift_shop,Point (24.9333811 60.1694454),24.9333811,60.1694454,POI
10784,Polarn O. Pyret,clothes,Point (24.9333082 60.1694041),24.9333082,60.1694041,POI
10785,Bik Bok,clothes,Point (24.933721 60.169314),24.933721,60.169314,POI
10786,Bebes,clothes,Point (24.9335283 60.1694839),24.9335283,60.1694839,POI
10787,Jack & Jones,clothes,Point (24.9331484 60.1692341),24.9331484,60.1692341,POI
10788,GANT,clothes,Point (24.9332685 60.169409),24.9332685,60.169409,POI
10789,,tourist_info,Point (24.9329859 60.1692501),24.9329859,60.1692501,POI
10790,Swappie,mobile_phone_shop,Point (24.9338065 60.1692591),24.9338065,60.1692591,POI
10791,Clas Ohlson,doityourself,Point (24.9338342 60.1694961),24.9338342,60.1694961,POI
10792,XS Lelut,toy_shop,Point (24.9331248 60.1695626),24.9331248,60.1695626,POI
10793,Happy Socks,clothes,Point (24.9334439 60.1692529),24.9334439,60.1692529,POI
10794,El?k??n!,artwork,Point (24.9199579 60.1568111),24.9199579,60.1568111,POI
10795,Liian painava vieras,artwork,Point (24.934877 60.1679123),24.934877,60.1679123,POI
10796,Kaupungin juuret,artwork,Point (24.9324861 60.1692804),24.9324861,60.1692804,POI
10797,Kaivo Kukka,florist,Point (24.9335537 60.1695931),24.9335537,60.1695931,POI
10798,Espresso House,cafe,Point (24.9332149 60.1693575),24.9332149,60.1693575,POI
10799,Jungle Juice Bar,fast_food,Point (24.9330875 60.1693164),24.9330875,60.1693164,POI
10800,Round Kamppi Caf¨¦,cafe,Point (24.9333831 60.1692806),24.9333831,60.1692806,POI
10801,Kalasataman kirjasto,library,Point (24.9805145 60.1873108),24.9805145,60.1873108,POI
10802,H?t Data Huolto Oy,computer_shop,Point (24.9572363 60.1884817),24.9572363,60.1884817,POI
10803,Oishi 18 Kallio,restaurant,Point (24.9547331 60.1882357),24.9547331,60.1882357,POI
10804,Blondie,restaurant,Point (24.9574519 60.1882491),24.9574519,60.1882491,POI
10805,Kauneuspalvelu Magdalena,beauty_shop,Point (24.9598551 60.1881529),24.9598551,60.1881529,POI
10806,Rauhanturvaajien muistomerkki,memorial,Point (24.9058508 60.1717743),24.9058508,60.1717743,POI
10807,Kult,nightclub,Point (24.944212 60.1880691),24.944212,60.1880691,POI
10808,Kohokuva,artwork,Point (24.9216972 60.1895227),24.9216972,60.1895227,POI
10809,Kivifiguurit,artwork,Point (24.9252105 60.1921793),24.9252105,60.1921793,POI
10810,Painottomuus,artwork,Point (24.9286476 60.1929437),24.9286476,60.1929437,POI
10811,Hiljaisuus,artwork,Point (24.927103 60.1934138),24.927103,60.1934138,POI
10812,Kulttuurikeskus S?hin?,community_centre,Point (24.8823905 60.1557266),24.8823905,60.1557266,POI
10813,Muji Ravintola,restaurant,Point (24.9338597 60.1693904),24.9338597,60.1693904,POI
10814,Momotoko,restaurant,Point (24.9336816 60.1695238),24.9336816,60.1695238,POI
10815,Friends & Brgrs,fast_food,Point (24.9355087 60.2032828),24.9355087,60.2032828,POI
10816,Hanko Aasia,restaurant,Point (24.9348318 60.2033878),24.9348318,60.2033878,POI
10817,Auringonkukkapelto,artwork,Point (24.8687151 60.1991844),24.8687151,60.1991844,POI
10818,Siimes,artwork,Point (24.8717713 60.2060516),24.8717713,60.2060516,POI
10819,Time To Beaty,beauty_shop,Point (24.9354237 60.1671522),24.9354237,60.1671522,POI
10820,Ravintola Fulbari,restaurant,Point (24.9320722 60.1573444),24.9320722,60.1573444,POI
10821,Ne Keksit,bakery,Point (24.9186633 60.163298),24.9186633,60.163298,POI
10822,Tiedemuseo Liekki,museum,Point (24.9516749 60.1618274),24.9516749,60.1618274,POI
10823,Billebeino,clothes,Point (24.945808 60.168082),24.945808,60.168082,POI
10824,ARKET,clothes,Point (24.945787 60.1687512),24.945787,60.1687512,POI
10825,Joutsen Brand Store,clothes,Point (24.9453618 60.1680364),24.9453618,60.1680364,POI
10826,Restaurant Elm,restaurant,Point (24.952702 60.1569793),24.952702,60.1569793,POI
10827,Glitter,jeweller,Point (24.9415501 60.1697704),24.9415501,60.1697704,POI
10828,Aito Fresh,restaurant,Point (24.9414233 60.1700792),24.9414233,60.1700792,POI
10829,Naked Taco,restaurant,Point (24.9415388 60.1701144),24.9415388,60.1701144,POI
10830,,atm,Point (24.9418717 60.1701939),24.9418717,60.1701939,POI
10831,Rapunzel of Sweden,hairdresser,Point (24.9420597 60.1696887),24.9420597,60.1696887,POI
10832,Kukkamyynti Piilola Oy,florist,Point (24.941631 60.1701298),24.941631,60.1701298,POI
10833,Apteekki CityCenter,pharmacy,Point (24.9423516 60.1696957),24.9423516,60.1696957,POI
10834,,toilet,Point (24.9419581 60.1701085),24.9419581,60.1701085,POI
10835,Turo,clothes,Point (24.9425829 60.1693898),24.9425829,60.1693898,POI
10836,,toilet,Point (24.9400814 60.1703678),24.9400814,60.1703678,POI
10837,,clothes,Point (24.9415432 60.1705616),24.9415432,60.1705616,POI
10838,Intian Bazaari,clothes,Point (24.941853 60.170515),24.941853,60.170515,POI
10839,Shop Tetuan,clothes,Point (24.9419777 60.1706433),24.9419777,60.1706433,POI
10840,Chilli Fast Food,fast_food,Point (24.9418605 60.1703901),24.9418605,60.1703901,POI
10841,Lan Venus Kynsistudio,beauty_shop,Point (24.941861 60.1702727),24.941861,60.1702727,POI
10842,Newbie,clothes,Point (24.9414913 60.1699717),24.9414913,60.1699717,POI
10843,Isku,furniture_shop,Point (24.9424072 60.1686161),24.9424072,60.1686161,POI
10844,Otto,atm,Point (24.9423292 60.1681473),24.9423292,60.1681473,POI
10845,Villa Solhem,memorial,Point (24.8835469 60.1902949),24.8835469,60.1902949,POI
10846,Gustyle,hairdresser,Point (24.9139856 60.1888862),24.9139856,60.1888862,POI
10847,Caf¨¦ Korvari,cafe,Point (24.9135643 60.1887166),24.9135643,60.1887166,POI
10848,P?iv?koti Ebeneser,kindergarten,Point (24.9585237 60.187783),24.9585237,60.187783,POI
10849,Roma Pizza Kebab,fast_food,Point (24.9592566 60.1873758),24.9592566,60.1873758,POI
10850,Teurastamon portti,restaurant,Point (24.9717671 60.1897599),24.9717671,60.1897599,POI
10851,Teurastamon portti,butcher,Point (24.9717671 60.1897599),24.9717671,60.1897599,POI
10852,,post_box,Point (24.9770523 60.1875351),24.9770523,60.1875351,POI
10853,Zhonghua Restaurant,restaurant,Point (24.9446216 60.1696983),24.9446216,60.1696983,POI
10854,Jaff Kluuvi,hairdresser,Point (24.9444792 60.1696969),24.9444792,60.1696969,POI
10855,Day to Day,restaurant,Point (24.9441864 60.1697835),24.9441864,60.1697835,POI
10856,J-Nen,clothes,Point (24.9441469 60.1696897),24.9441469,60.1696897,POI
10857,Kotipizza,fast_food,Point (24.9799223 60.2114554),24.9799223,60.2114554,POI
10858,,waste_basket,Point (24.8940343 60.2178503),24.8940343,60.2178503,POI
10859,,waste_basket,Point (24.8951254 60.2174803),24.8951254,60.2174803,POI
10860,Noname Bar & Nightclub,nightclub,Point (24.9390911 60.1675932),24.9390911,60.1675932,POI
10861,Cybershop,clothes,Point (24.9401029 60.1706073),24.9401029,60.1706073,POI
10862,,toilet,Point (24.9404669 60.1702037),24.9404669,60.1702037,POI
10863,JK Shop,convenience,Point (24.940508 60.1700593),24.940508,60.1700593,POI
10864,Pizza Cook,fast_food,Point (24.94038 60.1700533),24.94038,60.1700533,POI
10865,Kaivokukka,florist,Point (24.9401553 60.1704925),24.9401553,60.1704925,POI
10866,R-Kioski,kiosk,Point (24.940995 60.1705487),24.940995,60.1705487,POI
10867,Hotel Bastian,hotel,Point (24.9390169 60.1680486),24.9390169,60.1680486,POI
10868,,tourist_info,Point (24.9256357 60.1917964),24.9256357,60.1917964,POI
10869,BRASA Cabinet 36 person,restaurant,Point (24.9526977 60.1689796),24.9526977,60.1689796,POI
10870,Caf¨¦ H?ijer,cafe,Point (24.9440947 60.1698462),24.9440947,60.1698462,POI
10871,,toilet,Point (24.9174546 60.1833122),24.9174546,60.1833122,POI
10872,,bench,Point (24.974904 60.1800158),24.974904,60.1800158,POI
10873,,bench,Point (24.9749052 60.1799964),24.9749052,60.1799964,POI
10874,,bench,Point (24.974939 60.1799333),24.974939,60.1799333,POI
10875,,bench,Point (24.9749947 60.1799338),24.9749947,60.1799338,POI
10876,,bench,Point (24.9750591 60.1799341),24.9750591,60.1799341,POI
10877,,bench,Point (24.9751066 60.1799352),24.9751066,60.1799352,POI
10878,,bench,Point (24.9751374 60.1799354),24.9751374,60.1799354,POI
10879,,bench,Point (24.9751763 60.1799502),24.9751763,60.1799502,POI
10880,,bench,Point (24.9752111 60.179941),24.9752111,60.179941,POI
10881,Cafe Amore,cafe,Point (24.9335223 60.1570869),24.9335223,60.1570869,POI
10882,,post_box,Point (24.8857722 60.2096126),24.8857722,60.2096126,POI
10883,,waste_basket,Point (24.9482553 60.2011092),24.9482553,60.2011092,POI
10884,,waste_basket,Point (24.9500875 60.200537),24.9500875,60.200537,POI
10885,Indus,restaurant,Point (24.9508438 60.1671606),24.9508438,60.1671606,POI
10886,Ravintola Factory Tali,restaurant,Point (24.8690626 60.2164373),24.8690626,60.2164373,POI
10887,Kotipizza,fast_food,Point (24.9719627 60.1790184),24.9719627,60.1790184,POI
10888,Dolce Italia,restaurant,Point (24.8971133 60.2156356),24.8971133,60.2156356,POI
10889,Treffi Pub & Bistro,restaurant,Point (24.9837022 60.1880873),24.9837022,60.1880873,POI
10890,Subway,fast_food,Point (24.9404885 60.1712631),24.9404885,60.1712631,POI
10891,Bar Mate,bar,Point (24.9452806 60.1642604),24.9452806,60.1642604,POI
10892,,bench,Point (24.9487682 60.1605041),24.9487682,60.1605041,POI
10893,,bench,Point (24.949603 60.1608332),24.949603,60.1608332,POI
10894,Con Amore,artwork,Point (24.9487293 60.1608829),24.9487293,60.1608829,POI
10895,Ammoiset Ajat,artwork,Point (24.9488793 60.1608127),24.9488793,60.1608127,POI
10896,Sotka,artwork,Point (24.9487499 60.1607527),24.9487499,60.1607527,POI
10897,Rajalla,artwork,Point (24.9489322 60.1606767),24.9489322,60.1606767,POI
10898,Globalisaatio,artwork,Point (24.9486823 60.1604748),24.9486823,60.1604748,POI
10899,Marilyn,artwork,Point (24.9490556 60.1604953),24.9490556,60.1604953,POI
10900,"16-barrikadi, saepimentum tumultuarium",artwork,Point (24.9492673 60.1606474),24.9492673,60.1606474,POI
10901,La Strada,artwork,Point (24.9492493 60.1607352),24.9492493,60.1607352,POI
10902,Merkillinen sade viime y?n?,artwork,Point (24.9495553 60.160741),24.9495553,60.160741,POI
10903,Kunnianosoitus,artwork,Point (24.9494848 60.1606503),24.9494848,60.1606503,POI
10904,Sepelkyyhkyn vesipaikka,artwork,Point (24.9497082 60.1608668),24.9497082,60.1608668,POI
10905,L?hell? ja Kaukaa,artwork,Point (24.9494965 60.1609165),24.9494965,60.1609165,POI
10906,Kohisten,artwork,Point (24.9489968 60.1608507),24.9489968,60.1608507,POI
10907,Palanen / Fragment,artwork,Point (24.9488117 60.1609736),24.9488117,60.1609736,POI
10908,Kirurgisen veistospuisto,tourist_info,Point (24.948647 60.1609326),24.948647,60.1609326,POI
10909,Caf¨¦ Normal,cafe,Point (24.9443723 60.1687384),24.9443723,60.1687384,POI
10910,Normal,chemist,Point (24.9445216 60.1687437),24.9445216,60.1687437,POI
10911,,bench,Point (24.9204676 60.1944621),24.9204676,60.1944621,POI
10912,,optician,Point (24.875181 60.198019),24.875181,60.198019,POI
10913,Mitoro,hairdresser,Point (24.8754674 60.1982263),24.8754674,60.1982263,POI
10914,Mondo Bellezza Benessere,hairdresser,Point (24.8750058 60.1978526),24.8750058,60.1978526,POI
10915,Art-Rita,arts_centre,Point (24.9561825 60.1731837),24.9561825,60.1731837,POI
10916,Kruunu,beauty_shop,Point (24.9561973 60.1730275),24.9561973,60.1730275,POI
10917,Helmi,hairdresser,Point (24.9579283 60.1741079),24.9579283,60.1741079,POI
10918,Rentola,hairdresser,Point (24.9561357 60.1736545),24.9561357,60.1736545,POI
10919,,pitch,Point (24.9674212 60.1880438),24.9674212,60.1880438,POI
10920,,waste_basket,Point (24.9352979 60.1712727),24.9352979,60.1712727,POI
10921,Pikkuparlamentin puiston sakura-kirsikkapuut,tourist_info,Point (24.9351729 60.1713125),24.9351729,60.1713125,POI
10922,DNA,mobile_phone_shop,Point (24.9317275 60.1988751),24.9317275,60.1988751,POI
10923,Mango,clothes,Point (24.9314627 60.1987877),24.9314627,60.1987877,POI
10924,JD,clothes,Point (24.9315213 60.1983969),24.9315213,60.1983969,POI
10925,Synsam,optician,Point (24.9319086 60.1988072),24.9319086,60.1988072,POI
10926,Beardpark,hairdresser,Point (24.9309418 60.1982473),24.9309418,60.1982473,POI
10927,Telia,mobile_phone_shop,Point (24.9312082 60.1983089),24.9312082,60.1983089,POI
10928,Aleksi 13,clothes,Point (24.9319295 60.198555),24.9319295,60.198555,POI
10929,Fonum,mobile_phone_shop,Point (24.9320649 60.1987673),24.9320649,60.1987673,POI
10930,H&M,clothes,Point (24.931741 60.1987629),24.931741,60.1987629,POI
10931,Elisa,mobile_phone_shop,Point (24.9321753 60.1987393),24.9321753,60.1987393,POI
10932,Marimekko,clothes,Point (24.9313832 60.1986481),24.9313832,60.1986481,POI
10933,Cropp,clothes,Point (24.9319538 60.1985229),24.9319538,60.1985229,POI
10934,Mobile Outfitters,mobile_phone_shop,Point (24.9303964 60.1982424),24.9303964,60.1982424,POI
10935,Roasberg,cafe,Point (24.930186 60.1980868),24.930186,60.1980868,POI
10936,Poppis,attraction,Point (24.9393128 60.1877707),24.9393128,60.1877707,POI
10937,Propelli,attraction,Point (24.9408863 60.1874543),24.9408863,60.1874543,POI
10938,Cafe & Bar Kingi,restaurant,Point (24.9416719 60.1876505),24.9416719,60.1876505,POI
10939,Kioski Vekkula,kiosk,Point (24.9397362 60.1882697),24.9397362,60.1882697,POI
10940,Ravintola Spasso Pizzeria,restaurant,Point (24.9395778 60.1887187),24.9395778,60.1887187,POI
10941,Cafe Vohvelitehdas,cafe,Point (24.9404681 60.1886196),24.9404681,60.1886196,POI
10942,Ravintola Hodarispot,restaurant,Point (24.9404803 60.1885631),24.9404803,60.1885631,POI
10943,Ravintola Pizzapaja,restaurant,Point (24.9405006 60.1885206),24.9405006,60.1885206,POI
10944,Ravintola Grilli,restaurant,Point (24.940582 60.18846),24.940582,60.18846,POI
10945,Terassiravintola Keidas,restaurant,Point (24.9405942 60.1885529),24.9405942,60.1885529,POI
10946,,waste_basket,Point (24.9849278 60.2142849),24.9849278,60.2142849,POI
10947,,waste_basket,Point (24.9856706 60.2146709),24.9856706,60.2146709,POI
10948,,waste_basket,Point (24.9853205 60.2147579),24.9853205,60.2147579,POI
10949,,waste_basket,Point (24.9848506 60.2140565),24.9848506,60.2140565,POI
10950,Ravintola Eka,restaurant,Point (24.9211329 60.1754906),24.9211329,60.1754906,POI
10951,Sofia Hairstyle,hairdresser,Point (24.9189958 60.1734527),24.9189958,60.1734527,POI
10952,,toilet,Point (24.9208917 60.1562426),24.9208917,60.1562426,POI
10953,Dagmar,restaurant,Point (24.9308257 60.1737639),24.9308257,60.1737639,POI
10954,Mission of Palestine in Finland,embassy,Point (24.9286189 60.1658753),24.9286189,60.1658753,POI
10955,Cube,hairdresser,Point (24.9302783 60.1666391),24.9302783,60.1666391,POI
10956,Kavall,convenience,Point (24.9284985 60.165839),24.9284985,60.165839,POI
10957,Q Hair,hairdresser,Point (24.9304347 60.1666326),24.9304347,60.1666326,POI
10958,Beauty by Eeva,hairdresser,Point (24.9282918 60.1657673),24.9282918,60.1657673,POI
10959,Label Second Hand,clothes,Point (24.9283611 60.1658005),24.9283611,60.1658005,POI
10960,Makia,clothes,Point (24.9370987 60.170275),24.9370987,60.170275,POI
10961,99 TopMeal,restaurant,Point (24.944957 60.1693975),24.944957,60.1693975,POI
10962,,recycling,Point (24.9888494 60.1747135),24.9888494,60.1747135,POI
10963,Ravintola Maukku,restaurant,Point (24.9575992 60.1830878),24.9575992,60.1830878,POI
10964,,atm,Point (24.9420113 60.1698045),24.9420113,60.1698045,POI
10965,,atm,Point (24.9419634 60.1698029),24.9419634,60.1698029,POI
10966,Pure Touch,beauty_shop,Point (24.9276336 60.1771699),24.9276336,60.1771699,POI
10967,,bench,Point (24.9231915 60.1768742),24.9231915,60.1768742,POI
10968,,bench,Point (24.9187815 60.1761137),24.9187815,60.1761137,POI
10969,,waste_basket,Point (24.9194807 60.1762446),24.9194807,60.1762446,POI
10970,,waste_basket,Point (24.9246246 60.177038),24.9246246,60.177038,POI
10971,,bench,Point (24.9245096 60.177031),24.9245096,60.177031,POI
10972,,bench,Point (24.9207099 60.176385),24.9207099,60.176385,POI
10973,,recycling_clothes,Point (24.9302481 60.1744506),24.9302481,60.1744506,POI
10974,,waste_basket,Point (24.9252098 60.1773479),24.9252098,60.1773479,POI
10975,,waste_basket,Point (24.9244121 60.1770215),24.9244121,60.1770215,POI
10976,Lindroos,jeweller,Point (24.9458143 60.1684267),24.9458143,60.1684267,POI
10977,Mummotunneli,nightclub,Point (24.9448904 60.1683654),24.9448904,60.1683654,POI
10978,Efva Attling,jeweller,Point (24.9453474 60.1682326),24.9453474,60.1682326,POI
10979,Kaartin Apteekki,pharmacy,Point (24.9488391 60.1657586),24.9488391,60.1657586,POI
10980,Hair Traffic Suite,hairdresser,Point (24.9448447 60.1693954),24.9448447,60.1693954,POI
10981,Hair Treat Helsinki,hairdresser,Point (24.945108 60.1694875),24.945108,60.1694875,POI
10982,Filippa K,clothes,Point (24.9458289 60.1682827),24.9458289,60.1682827,POI
10983,Gina,restaurant,Point (24.9456178 60.1664489),24.9456178,60.1664489,POI
10984,Minne,bar,Point (24.947311 60.1670529),24.947311,60.1670529,POI
10985,Black Bar Platform 17,bar,Point (24.9398836 60.1724732),24.9398836,60.1724732,POI
10986,,bench,Point (24.9849023 60.2144832),24.9849023,60.2144832,POI
10987,,bench,Point (24.9851039 60.2145897),24.9851039,60.2145897,POI
10988,,bench,Point (24.9853437 60.2147103),24.9853437,60.2147103,POI
10989,El?inklinikka Amos,veterinary,Point (24.8987674 60.2128307),24.8987674,60.2128307,POI
10990,Alakulttuuritila Alimus,community_centre,Point (24.9576456 60.1842749),24.9576456,60.1842749,POI
10991,,toilet,Point (24.937016 60.1545872),24.937016,60.1545872,POI
10992,Temporary toilet,toilet,Point (24.8823634 60.1464724),24.8823634,60.1464724,POI
10993,,drinking_water,Point (24.9855 60.1798557),24.9855,60.1798557,POI
10994,Old Durbar,restaurant,Point (24.935604 60.1679717),24.935604,60.1679717,POI
10995,Helsingin Py?r?huolto,bicycle_shop,Point (24.9395217 60.1728419),24.9395217,60.1728419,POI
10996,S?rkan Rinkula,fast_food,Point (24.9663162 60.1871125),24.9663162,60.1871125,POI
10997,Kiinalainen Kauppa,convenience,Point (24.9611861 60.1872367),24.9611861,60.1872367,POI
10998,Litorinanmeren kalastajat,artwork,Point (24.9119765 60.1520546),24.9119765,60.1520546,POI
10999,Litorinanmeren kalastajat,artwork,Point (24.9118485 60.1520832),24.9118485,60.1520832,POI
11000,,atm,Point (24.9470704 60.1683178),24.9470704,60.1683178,POI
11001,,toilet,Point (24.9468872 60.1682574),24.9468872,60.1682574,POI
11002,,waste_basket,Point (24.9621157 60.2010968),24.9621157,60.2010968,POI
11003,,bench,Point (24.9621063 60.2010994),24.9621063,60.2010994,POI
11004,,waste_basket,Point (24.9600943 60.2013561),24.9600943,60.2013561,POI
11005,,bench,Point (24.9600711 60.2013586),24.9600711,60.2013586,POI
11006,,waste_basket,Point (24.9584648 60.2014549),24.9584648,60.2014549,POI
11007,,waste_basket,Point (24.9568014 60.2014455),24.9568014,60.2014455,POI
11008,,bench,Point (24.956764 60.2014446),24.956764,60.2014446,POI
11009,,waste_basket,Point (24.9555476 60.2013535),24.9555476,60.2013535,POI
11010,,waste_basket,Point (24.9533214 60.2010287),24.9533214,60.2010287,POI
11011,,bench,Point (24.9533106 60.2010265),24.9533106,60.2010265,POI
11012,,bench,Point (24.9524718 60.2011237),24.9524718,60.2011237,POI
11013,,bench,Point (24.908786 60.1844369),24.908786,60.1844369,POI
11014,,bench,Point (24.9123678 60.1813623),24.9123678,60.1813623,POI
11015,,waste_basket,Point (24.9091055 60.1841208),24.9091055,60.1841208,POI
11016,,bench,Point (24.9092033 60.1840262),24.9092033,60.1840262,POI
11017,,bench,Point (24.9112617 60.1821845),24.9112617,60.1821845,POI
11018,,bench,Point (24.9095531 60.183687),24.9095531,60.183687,POI
11019,,waste_basket,Point (24.9098963 60.1833516),24.9098963,60.1833516,POI
11020,,bench,Point (24.9099491 60.1833043),24.9099491,60.1833043,POI
11021,,bench,Point (24.912676 60.1810206),24.912676,60.1810206,POI
11022,,bench,Point (24.9126069 60.1801549),24.9126069,60.1801549,POI
11023,,bench,Point (24.9107446 60.1825533),24.9107446,60.1825533,POI
11024,,bench,Point (24.9126906 60.1806014),24.9126906,60.1806014,POI
11025,,bench,Point (24.9117215 60.1818403),24.9117215,60.1818403,POI
11026,,bench,Point (24.9121691 60.1815091),24.9121691,60.1815091,POI
11027,,waste_basket,Point (24.912262 60.1814526),24.912262,60.1814526,POI
11028,,bench,Point (24.9124367 60.1813097),24.9124367,60.1813097,POI
11029,,waste_basket,Point (24.9125445 60.1798254),24.9125445,60.1798254,POI
11030,,bench,Point (24.884016 60.1845427),24.884016,60.1845427,POI
11031,,bench,Point (24.885106 60.1805563),24.885106,60.1805563,POI
11032,,bench,Point (24.8857574 60.1811227),24.8857574,60.1811227,POI
11033,,bench,Point (24.8856666 60.1810813),24.8856666,60.1810813,POI
11034,,bench,Point (24.8836395 60.1823533),24.8836395,60.1823533,POI
11035,,bench,Point (24.885962 60.1811806),24.885962,60.1811806,POI
11036,,waste_basket,Point (24.8850574 60.1805422),24.8850574,60.1805422,POI
11037,,bench,Point (24.8857986 60.1811545),24.8857986,60.1811545,POI
11038,,bench,Point (24.8857656 60.1810996),24.8857656,60.1810996,POI
11039,,waste_basket,Point (24.8839202 60.184356),24.8839202,60.184356,POI
11040,,bench,Point (24.8856609 60.1811119),24.8856609,60.1811119,POI
11041,,bench,Point (24.9581427 60.1750264),24.9581427,60.1750264,POI
11042,,bench,Point (24.9549027 60.1753561),24.9549027,60.1753561,POI
11043,,bench,Point (24.954922 60.1753358),24.954922,60.1753358,POI
11044,,bench,Point (24.9549321 60.1753559),24.9549321,60.1753559,POI
11045,UFF,clothes,Point (24.9413626 60.1693275),24.9413626,60.1693275,POI
11046,The Alley,restaurant,Point (24.9572516 60.1840653),24.9572516,60.1840653,POI
11047,,bench,Point (24.9325385 60.174445),24.9325385,60.174445,POI
11048,,waste_basket,Point (24.945343 60.171826),24.945343,60.171826,POI
11049,,waste_basket,Point (24.9323203 60.1746506),24.9323203,60.1746506,POI
11050,,waste_basket,Point (24.9497808 60.1734468),24.9497808,60.1734468,POI
11051,,waste_basket,Point (24.9341486 60.1741709),24.9341486,60.1741709,POI
11052,,waste_basket,Point (24.9355023 60.1741453),24.9355023,60.1741453,POI
11053,,waste_basket,Point (24.9345963 60.1745862),24.9345963,60.1745862,POI
11054,,waste_basket,Point (24.9548821 60.1752103),24.9548821,60.1752103,POI
11055,,waste_basket,Point (24.9375277 60.1736174),24.9375277,60.1736174,POI
11056,,bench,Point (24.9444595 60.1711394),24.9444595,60.1711394,POI
11057,,bench,Point (24.933962 60.1745819),24.933962,60.1745819,POI
11058,,bench,Point (24.944438 60.1713049),24.944438,60.1713049,POI
11059,,bench,Point (24.9440087 60.1715934),24.9440087,60.1715934,POI
11060,,bench,Point (24.9323523 60.1746237),24.9323523,60.1746237,POI
11061,,waste_basket,Point (24.9325596 60.1744264),24.9325596,60.1744264,POI
11062,,bench,Point (24.9343921 60.1746661),24.9343921,60.1746661,POI
11063,,bench,Point (24.9438618 60.1715858),24.9438618,60.1715858,POI
11064,,waste_basket,Point (24.9498678 60.173354),24.9498678,60.173354,POI
11065,,waste_basket,Point (24.9355727 60.1741543),24.9355727,60.1741543,POI
11066,,waste_basket,Point (24.9521536 60.1740338),24.9521536,60.1740338,POI
11067,,bench,Point (24.9338928 60.1746294),24.9338928,60.1746294,POI
11068,,bench,Point (24.934242 60.1747861),24.934242,60.1747861,POI
11069,,waste_basket,Point (24.936499 60.1738951),24.936499,60.1738951,POI
11070,,bench,Point (24.9323985 60.1745816),24.9323985,60.1745816,POI
11071,,waste_basket,Point (24.9444977 60.1712015),24.9444977,60.1712015,POI
11072,,waste_basket,Point (24.9371215 60.1739815),24.9371215,60.1739815,POI
11073,,bench,Point (24.9324873 60.1744939),24.9324873,60.1744939,POI
11074,,bench,Point (24.9444085 60.1714648),24.9444085,60.1714648,POI
11075,,waste_basket,Point (24.9521476 60.1741392),24.9521476,60.1741392,POI
11076,,camera_surveillance,Point (24.9346217 60.1746231),24.9346217,60.1746231,POI
11077,,bench,Point (24.9438181 60.1715874),24.9438181,60.1715874,POI
11078,,waste_basket,Point (24.9356039 60.1740955),24.9356039,60.1740955,POI
11079,,bicycle_rental,Point (24.9446778 60.1712706),24.9446778,60.1712706,POI
11080,,bench,Point (24.9498141 60.1733548),24.9498141,60.1733548,POI
11081,,waste_basket,Point (24.9394964 60.1978664),24.9394964,60.1978664,POI
11082,,bench,Point (24.9809874 60.2176968),24.9809874,60.2176968,POI
11083,,bench,Point (24.9838378 60.2167441),24.9838378,60.2167441,POI
11084,,waste_basket,Point (24.9861323 60.2160928),24.9861323,60.2160928,POI
11085,,bench,Point (24.9872425 60.2162662),24.9872425,60.2162662,POI
11086,,bench,Point (24.9882341 60.2169668),24.9882341,60.2169668,POI
11087,,bench,Point (24.9803447 60.2180384),24.9803447,60.2180384,POI
11088,"STEP-koulutus, Helsingin toimipaikka",school,Point (24.9085255 60.1644993),24.9085255,60.1644993,POI
11089,B?t Bar & Terrace,restaurant,Point (24.9261909 60.1606187),24.9261909,60.1606187,POI
11090,,toilet,Point (24.9439435 60.1701505),24.9439435,60.1701505,POI
11091,Sotto Pizza & Bar,restaurant,Point (24.9460353 60.209247),24.9460353,60.209247,POI
11092,Hammas Mehil?inen,dentist,Point (24.9237559 60.1773685),24.9237559,60.1773685,POI
11093,,tourist_info,Point (24.9814152 60.1729734),24.9814152,60.1729734,POI
11094,,tourist_info,Point (24.9814243 60.1729856),24.9814243,60.1729856,POI
11095,,tourist_info,Point (24.9814535 60.1729936),24.9814535,60.1729936,POI
11096,,tourist_info,Point (24.9814928 60.1729885),24.9814928,60.1729885,POI
11097,,tourist_info,Point (24.9828618 60.1726395),24.9828618,60.1726395,POI
11098,,tourist_info,Point (24.9828395 60.172646),24.9828395,60.172646,POI
11099,,tourist_info,Point (24.9828148 60.1726518),24.9828148,60.1726518,POI
11100,,waste_basket,Point (24.9039782 60.1577016),24.9039782,60.1577016,POI
11101,,bench,Point (24.9039918 60.1577055),24.9039918,60.1577055,POI
11102,,waste_basket,Point (24.9039521 60.1575803),24.9039521,60.1575803,POI
11103,,waste_basket,Point (24.9041121 60.1574425),24.9041121,60.1574425,POI
11104,,waste_basket,Point (24.9041249 60.1574324),24.9041249,60.1574324,POI
11105,,bench,Point (24.9041475 60.1574301),24.9041475,60.1574301,POI
11106,,waste_basket,Point (24.9041039 60.1573127),24.9041039,60.1573127,POI
11107,,waste_basket,Point (24.9041879 60.1572448),24.9041879,60.1572448,POI
11108,,waste_basket,Point (24.9046491 60.1575103),24.9046491,60.1575103,POI
11109,,waste_basket,Point (24.9044591 60.1576402),24.9044591,60.1576402,POI
11110,,bench,Point (24.9043865 60.1577013),24.9043865,60.1577013,POI
11111,,bench,Point (24.9043535 60.1577201),24.9043535,60.1577201,POI
11112,,waste_basket,Point (24.9041028 60.1578836),24.9041028,60.1578836,POI
11113,,bench,Point (24.9040769 60.1579358),24.9040769,60.1579358,POI
11114,,waste_basket,Point (24.9035843 60.1578642),24.9035843,60.1578642,POI
11115,,waste_basket,Point (24.9038167 60.1578938),24.9038167,60.1578938,POI
11116,,waste_basket,Point (24.9044572 60.1568835),24.9044572,60.1568835,POI
11117,,waste_basket,Point (24.9053457 60.1567573),24.9053457,60.1567573,POI
11118,Hiusmekka,hairdresser,Point (24.9639284 60.1921173),24.9639284,60.1921173,POI
11119,,tourist_info,Point (24.9720183 60.2135303),24.9720183,60.2135303,POI
11120,Kioski Kahvikuppi,kiosk,Point (24.9402047 60.1888471),24.9402047,60.1888471,POI
11121,Cafe Donitsi,cafe,Point (24.9400867 60.1890932),24.9400867,60.1890932,POI
11122,Cafe Carccila,cafe,Point (24.9391311 60.1889957),24.9391311,60.1889957,POI
11123,Cafe Hepo-Katti,kiosk,Point (24.9410639 60.187453),24.9410639,60.187453,POI
11124,Pellet,attraction,Point (24.9424076 60.1879159),24.9424076,60.1879159,POI
11125,Suklaapy?r?,attraction,Point (24.9426461 60.1880253),24.9426461,60.1880253,POI
11126,Purkit,attraction,Point (24.9427586 60.1880691),24.9427586,60.1880691,POI
11127,Koripallot,attraction,Point (24.9428494 60.1881038),24.9428494,60.1881038,POI
11128,Hyper,attraction,Point (24.9420027 60.187753),24.9420027,60.187753,POI
11129,Ravintola Hurlumhein terassi,restaurant,Point (24.9427206 60.1882179),24.9427206,60.1882179,POI
11130,Kioski Kulmagrilli,kiosk,Point (24.9416152 60.1880485),24.9416152,60.1880485,POI
11131,Kioski Herkku,kiosk,Point (24.9418098 60.1881142),24.9418098,60.1881142,POI
11132,Riemupy?r?,attraction,Point (24.9419073 60.1881448),24.9419073,60.1881448,POI
11133,Derby,attraction,Point (24.9420155 60.1881808),24.9420155,60.1881808,POI
11134,Pallotus,attraction,Point (24.9421129 60.1882132),24.9421129,60.1882132,POI
11135,Pumputin,attraction,Point (24.9422086 60.188243),24.9422086,60.188243,POI
11136,Rekkakioski,kiosk,Point (24.9392541 60.1876381),24.9392541,60.1876381,POI
11137,Jaffa-py?r?,attraction,Point (24.9402022 60.1870772),24.9402022,60.1870772,POI
11138,Kioski Sirkus,kiosk,Point (24.9397737 60.1872147),24.9397737,60.1872147,POI
11139,Onnenveto,attraction,Point (24.9399816 60.1892578),24.9399816,60.1892578,POI
11140,Basketti,attraction,Point (24.9394277 60.1891993),24.9394277,60.1891993,POI
11141,Tikat,attraction,Point (24.9394796 60.1892308),24.9394796,60.1892308,POI
11142,Taffel-py?r?,attraction,Point (24.9395341 60.1892628),24.9395341,60.1892628,POI
11143,,toilet,Point (24.9392772 60.1887735),24.9392772,60.1887735,POI
11144,,toilet,Point (24.9405643 60.188386),24.9405643,60.188386,POI
11145,,toilet,Point (24.9431314 60.1883718),24.9431314,60.1883718,POI
11146,Punainen planeetta,bookshop,Point (24.9572136 60.1870961),24.9572136,60.1870961,POI
11147,,hairdresser,Point (24.9350066 60.1691242),24.9350066,60.1691242,POI
11148,Fly Fusion,restaurant,Point (24.9648325 60.1680174),24.9648325,60.1680174,POI
11149,Nide,bookshop,Point (24.9380894 60.1637052),24.9380894,60.1637052,POI
11150,Aioni,bookshop,Point (24.9480837 60.161913),24.9480837,60.161913,POI
11151,Tiedekulma shop,bookshop,Point (24.9488925 60.1697632),24.9488925,60.1697632,POI
11152,Etel?-Haagan apteekki,pharmacy,Point (24.9000944 60.2165852),24.9000944,60.2165852,POI
11153,,bench,Point (24.9181809 60.1712191),24.9181809,60.1712191,POI
11154,,bench,Point (24.9180234 60.1712068),24.9180234,60.1712068,POI
11155,,waste_basket,Point (24.9472709 60.1724295),24.9472709,60.1724295,POI
11156,,waste_basket,Point (24.9477292 60.1739147),24.9477292,60.1739147,POI
11157,,waste_basket,Point (24.9483219 60.1740112),24.9483219,60.1740112,POI
11158,,waste_basket,Point (24.9448692 60.173842),24.9448692,60.173842,POI
11159,,waste_basket,Point (24.9463886 60.1738794),24.9463886,60.1738794,POI
11160,,waste_basket,Point (24.9470562 60.173957),24.9470562,60.173957,POI
11161,,waste_basket,Point (24.9455746 60.1739173),24.9455746,60.1739173,POI
11162,,bench,Point (24.9607256 60.188117),24.9607256,60.188117,POI
11163,,bench,Point (24.960743 60.188115),24.960743,60.188115,POI
11164,,bench,Point (24.9607612 60.188112),24.9607612,60.188112,POI
11165,,bench,Point (24.9608222 60.1880689),24.9608222,60.1880689,POI
11166,,bench,Point (24.9608275 60.1880589),24.9608275,60.1880589,POI
11167,,bench,Point (24.9605707 60.1879253),24.9605707,60.1879253,POI
11168,,bench,Point (24.9605774 60.1879373),24.9605774,60.1879373,POI
11169,,bench,Point (24.9605841 60.1879489),24.9605841,60.1879489,POI
11170,,bench,Point (24.9605915 60.1879583),24.9605915,60.1879583,POI
11171,Torille!,artwork,Point (24.9607288 60.1879684),24.9607288,60.1879684,POI
11172,Menisa Restaurant FOOD & DRINK,restaurant,Point (24.9789572 60.1819842),24.9789572,60.1819842,POI
11173,Cafe Hiekka,cafe,Point (24.952068 60.1706308),24.952068,60.1706308,POI
11174,Osteopaatti Olli Kuusisto,clinic,Point (24.9001213 60.2121667),24.9001213,60.2121667,POI
11175,Salonki Diana,beauty_shop,Point (24.8887981 60.2092381),24.8887981,60.2092381,POI
11176,Studio Punainen Puuma,hairdresser,Point (24.8923994 60.20773),24.8923994,60.20773,POI
11177,OMA Kahvila-Ravintola,cafe,Point (24.8929988 60.2079585),24.8929988,60.2079585,POI
11178,Parturi Kati,hairdresser,Point (24.8876148 60.2118678),24.8876148,60.2118678,POI
11179,,bench,Point (24.9607301 60.1739764),24.9607301,60.1739764,POI
11180,,bench,Point (24.9603293 60.1739841),24.9603293,60.1739841,POI
11181,,viewpoint,Point (24.9304565 60.1522771),24.9304565,60.1522771,POI
11182,,bench,Point (24.9547014 60.1737359),24.9547014,60.1737359,POI
11183,,bench,Point (24.9546991 60.1737776),24.9546991,60.1737776,POI
11184,,bench,Point (24.932932 60.1536932),24.932932,60.1536932,POI
11185,,bench,Point (24.933017 60.1537164),24.933017,60.1537164,POI
11186,,bench,Point (24.9331445 60.1537501),24.9331445,60.1537501,POI
11187,,bench,Point (24.9330747 60.1537394),24.9330747,60.1537394,POI
11188,,bench,Point (24.931581 60.1533093),24.931581,60.1533093,POI
11189,,bench,Point (24.9310475 60.1526286),24.9310475,60.1526286,POI
11190,,bench,Point (24.9309688 60.1525555),24.9309688,60.1525555,POI
11191,,waste_basket,Point (24.9378429 60.1759008),24.9378429,60.1759008,POI
11192,,waste_basket,Point (24.937851 60.175417),24.937851,60.175417,POI
11193,,bench,Point (24.9378421 60.1754624),24.9378421,60.1754624,POI
11194,,bench,Point (24.9378484 60.1754397),24.9378484,60.1754397,POI
11195,,bench,Point (24.9378993 60.1753367),24.9378993,60.1753367,POI
11196,,bench,Point (24.9378893 60.1753117),24.9378893,60.1753117,POI
11197,,bench,Point (24.9378489 60.1758196),24.9378489,60.1758196,POI
11198,,bench,Point (24.9378421 60.1758428),24.9378421,60.1758428,POI
11199,,bench,Point (24.9378442 60.1758631),24.9378442,60.1758631,POI
11200,,bench,Point (24.9378416 60.1758827),24.9378416,60.1758827,POI
11201,,bench,Point (24.9378327 60.1759571),24.9378327,60.1759571,POI
11202,,bench,Point (24.9378335 60.1759772),24.9378335,60.1759772,POI
11203,Punkmuseo,museum,Point (24.9315947 60.1696784),24.9315947,60.1696784,POI
11204,,bench,Point (24.9390648 60.1662482),24.9390648,60.1662482,POI
11205,Olarin Panimo,pub,Point (24.9480386 60.1931187),24.9480386,60.1931187,POI
11206,,bench,Point (24.9399808 60.1619193),24.9399808,60.1619193,POI
11207,,bench,Point (24.9398856 60.1618884),24.9398856,60.1618884,POI
11208,,bench,Point (24.9198029 60.1592603),24.9198029,60.1592603,POI
11209,,bench,Point (24.9556709 60.1618883),24.9556709,60.1618883,POI
11210,,waste_basket,Point (24.915769 60.1556931),24.915769,60.1556931,POI
11211,,waste_basket,Point (24.9155766 60.1558095),24.9155766,60.1558095,POI
11212,Pizza Hut,restaurant,Point (24.912904 60.1562409),24.912904,60.1562409,POI
11213,Ginn,restaurant,Point (24.9130261 60.1561853),24.9130261,60.1561853,POI
11214,,tourist_info,Point (24.964852 60.2005351),24.964852,60.2005351,POI
11215,,artwork,Point (24.9645611 60.2004183),24.9645611,60.2004183,POI
11216,,artwork,Point (24.9647161 60.2004073),24.9647161,60.2004073,POI
11217,,artwork,Point (24.9649252 60.2003368),24.9649252,60.2003368,POI
11218,,artwork,Point (24.9652273 60.2002927),24.9652273,60.2002927,POI
11219,,artwork,Point (24.9642104 60.2004829),24.9642104,60.2004829,POI
11220,,artwork,Point (24.9640039 60.2005301),24.9640039,60.2005301,POI
11221,,artwork,Point (24.9637922 60.2005757),24.9637922,60.2005757,POI
11222,,artwork,Point (24.9635077 60.2006323),24.9635077,60.2006323,POI
11223,,waste_basket,Point (24.9491657 60.2005877),24.9491657,60.2005877,POI
11224,,artwork,Point (24.904144 60.1620696),24.904144,60.1620696,POI
11225,,bench,Point (24.9809668 60.1892223),24.9809668,60.1892223,POI
11226,,waste_basket,Point (24.9807613 60.1883564),24.9807613,60.1883564,POI
11227,,bench,Point (24.9807834 60.1883717),24.9807834,60.1883717,POI
11228,,bench,Point (24.9807386 60.1883464),24.9807386,60.1883464,POI
11229,,bench,Point (24.9827188 60.1885975),24.9827188,60.1885975,POI
11230,,bench,Point (24.9829045 60.1885939),24.9829045,60.1885939,POI
11231,,bench,Point (24.9828365 60.1885948),24.9828365,60.1885948,POI
11232,,bench,Point (24.9841684 60.1890114),24.9841684,60.1890114,POI
11233,,bench,Point (24.9837469 60.1890452),24.9837469,60.1890452,POI
11234,,bench,Point (24.9837928 60.1891773),24.9837928,60.1891773,POI
11235,,bench,Point (24.9840218 60.1890942),24.9840218,60.1890942,POI
11236,Majavan tila,community_centre,Point (24.897982 60.2121378),24.897982,60.2121378,POI
11237,Hakaniementorin apteekki,pharmacy,Point (24.949466 60.1792723),24.949466,60.1792723,POI
11238,,waste_basket,Point (24.9441279 60.1999498),24.9441279,60.1999498,POI
11239,Sateenkaari,artwork,Point (24.9430314 60.1889685),24.9430314,60.1889685,POI
11240,Oluthuone Haka,pub,Point (24.9492686 60.1814269),24.9492686,60.1814269,POI
11241,,vending_any,Point (24.873357 60.2036528),24.873357,60.2036528,POI
11242,,vending_any,Point (24.8733388 60.2036941),24.8733388,60.2036941,POI
11243,,vending_any,Point (24.8829586 60.1967729),24.8829586,60.1967729,POI
11244,,vending_any,Point (24.8943197 60.2180586),24.8943197,60.2180586,POI
11245,,artwork,Point (24.958464 60.1674433),24.958464,60.1674433,POI
11246,,tourist_info,Point (24.9865255 60.2134307),24.9865255,60.2134307,POI
11247,,viewpoint,Point (24.942362 60.1734634),24.942362,60.1734634,POI
11248,,tourist_info,Point (24.9212945 60.1952287),24.9212945,60.1952287,POI
11249,Amos Caf¨¦,cafe,Point (24.9376272 60.1683976),24.9376272,60.1683976,POI
11250,Bentosi,restaurant,Point (24.926116 60.1713598),24.926116,60.1713598,POI
11251,Notes by K?mp,restaurant,Point (24.9473251 60.1684194),24.9473251,60.1684194,POI
11252,,waste_basket,Point (24.9841522 60.1490706),24.9841522,60.1490706,POI
11253,,bench,Point (24.9840749 60.1490683),24.9840749,60.1490683,POI
11254,,waste_basket,Point (24.9839826 60.149075),24.9839826,60.149075,POI
11255,,bench,Point (24.9258417 60.1779151),24.9258417,60.1779151,POI
11256,Kitcut,hairdresser,Point (24.928937 60.1781825),24.928937,60.1781825,POI
11257,,bench,Point (24.9365587 60.2002547),24.9365587,60.2002547,POI
11258,,waste_basket,Point (24.9364987 60.2002049),24.9364987,60.2002049,POI
11259,,bench,Point (24.9509092 60.1553233),24.9509092,60.1553233,POI
11260,,waste_basket,Point (24.9513996 60.155161),24.9513996,60.155161,POI
11261,,waste_basket,Point (24.9503424 60.1553163),24.9503424,60.1553163,POI
11262,,bench,Point (24.950278 60.1552961),24.950278,60.1552961,POI
11263,,waste_basket,Point (24.9516888 60.1550703),24.9516888,60.1550703,POI
11264,,waste_basket,Point (24.9514484 60.1551984),24.9514484,60.1551984,POI
11265,,bench,Point (24.950665 60.155374),24.950665,60.155374,POI
11266,,waste_basket,Point (24.9509731 60.1553034),24.9509731,60.1553034,POI
11267,,bench,Point (24.9504311 60.1553373),24.9504311,60.1553373,POI
11268,,waste_basket,Point (24.93552 60.1548287),24.93552,60.1548287,POI
11269,,waste_basket,Point (24.938776 60.1536748),24.938776,60.1536748,POI
11270,,fountain,Point (24.9435947 60.1649805),24.9435947,60.1649805,POI
11271,,fountain,Point (24.9435935 60.164991),24.9435935,60.164991,POI
11272,,fountain,Point (24.9435923 60.1650015),24.9435923,60.1650015,POI
11273,,fountain,Point (24.9435912 60.165012),24.9435912,60.165012,POI
11274,,bench,Point (24.9117987 60.185401),24.9117987,60.185401,POI
11275,,bench,Point (24.9117851 60.1854527),24.9117851,60.1854527,POI
11276,,bench,Point (24.9116839 60.185445),24.9116839,60.185445,POI
11277,,bench,Point (24.9258276 60.176269),24.9258276,60.176269,POI
11278,,bench,Point (24.9258404 60.1762411),24.9258404,60.1762411,POI
11279,,bench,Point (24.9257939 60.1763361),24.9257939,60.1763361,POI
11280,,bench,Point (24.9255564 60.1763289),24.9255564,60.1763289,POI
11281,,bench,Point (24.9254845 60.1763207),24.9254845,60.1763207,POI
11282,,bench,Point (24.9254099 60.1763119),24.9254099,60.1763119,POI
11283,,waste_basket,Point (24.9575965 60.2031069),24.9575965,60.2031069,POI
11284,,toilet,Point (24.9162521 60.1666556),24.9162521,60.1666556,POI
11285,,toilet,Point (24.916302 60.1666388),24.916302,60.1666388,POI
11286,,bench,Point (24.9195153 60.2073352),24.9195153,60.2073352,POI
11287,,bench,Point (24.9201227 60.2071239),24.9201227,60.2071239,POI
11288,,bench,Point (24.9202022 60.207119),24.9202022,60.207119,POI
11289,,bench,Point (24.9202779 60.2071691),24.9202779,60.2071691,POI
11290,,bench,Point (24.9203442 60.2070884),24.9203442,60.2070884,POI
11291,Finca Las Ventanas,cafe,Point (24.9648463 60.1663425),24.9648463,60.1663425,POI
11292,,camera_surveillance,Point (24.9252046 60.2053845),24.9252046,60.2053845,POI
11293,,camera_surveillance,Point (24.922089 60.2067355),24.922089,60.2067355,POI
11294,ARKET Caf¨¦,cafe,Point (24.9458077 60.1685268),24.9458077,60.1685268,POI
11295,Le Grec,restaurant,Point (24.9470028 60.1660078),24.9470028,60.1660078,POI
11296,,camera_surveillance,Point (24.9238712 60.2058678),24.9238712,60.2058678,POI
11297,,camera_surveillance,Point (24.9243472 60.2056941),24.9243472,60.2056941,POI
11298,,camera_surveillance,Point (24.9245743 60.2052955),24.9245743,60.2052955,POI
11299,,camera_surveillance,Point (24.9244612 60.2051557),24.9244612,60.2051557,POI
11300,,camera_surveillance,Point (24.9246396 60.2047114),24.9246396,60.2047114,POI
11301,,camera_surveillance,Point (24.9251484 60.2046119),24.9251484,60.2046119,POI
11302,,camera_surveillance,Point (24.9251439 60.204575),24.9251439,60.204575,POI
11303,,tourist_info,Point (24.9257145 60.2036903),24.9257145,60.2036903,POI
11304,,camera_surveillance,Point (24.9237746 60.2028079),24.9237746,60.2028079,POI
11305,,camera_surveillance,Point (24.9225738 60.2026898),24.9225738,60.2026898,POI
11306,,waste_basket,Point (24.9223689 60.2026299),24.9223689,60.2026299,POI
11307,,camera_surveillance,Point (24.9189482 60.2072638),24.9189482,60.2072638,POI
11308,,camera_surveillance,Point (24.917866 60.2074517),24.917866,60.2074517,POI
11309,,camera_surveillance,Point (24.9178441 60.2074446),24.9178441,60.2074446,POI
11310,,camera_surveillance,Point (24.9173273 60.2075908),24.9173273,60.2075908,POI
11311,,camera_surveillance,Point (24.9167796 60.2077313),24.9167796,60.2077313,POI
11312,,camera_surveillance,Point (24.916753 60.2077279),24.916753,60.2077279,POI
11313,,camera_surveillance,Point (24.9191065 60.2073025),24.9191065,60.2073025,POI
11314,,camera_surveillance,Point (24.9164396 60.208062),24.9164396,60.208062,POI
11315,,camera_surveillance,Point (24.9164179 60.2080551),24.9164179,60.2080551,POI
11316,,camera_surveillance,Point (24.9165012 60.2078259),24.9165012,60.2078259,POI
11317,,tourist_info,Point (24.9165134 60.2077872),24.9165134,60.2077872,POI
11318,,camera_surveillance,Point (24.9173022 60.207585),24.9173022,60.207585,POI
11319,,tourist_info,Point (24.9431702 60.1732903),24.9431702,60.1732903,POI
11320,Lohtu,restaurant,Point (24.9514753 60.1802073),24.9514753,60.1802073,POI
11321,My?h?,bar,Point (24.94115 60.1690178),24.94115,60.1690178,POI
11322,,waste_basket,Point (24.9294582 60.1665458),24.9294582,60.1665458,POI
11323,,waste_basket,Point (24.9842427 60.1418638),24.9842427,60.1418638,POI
11324,,bench,Point (24.9472242 60.1752021),24.9472242,60.1752021,POI
11325,,bench,Point (24.9472214 60.1752764),24.9472214,60.1752764,POI
11326,Ravintola Akseli,restaurant,Point (24.9205807 60.2066695),24.9205807,60.2066695,POI
11327,,bench,Point (24.9135841 60.1725331),24.9135841,60.1725331,POI
11328,,tourist_info,Point (24.9138708 60.172279),24.9138708,60.172279,POI
11329,,tourist_info,Point (24.91299 60.1725555),24.91299,60.1725555,POI
11330,,tourist_info,Point (24.9109656 60.1729466),24.9109656,60.1729466,POI
11331,,bench,Point (24.9102381 60.1731133),24.9102381,60.1731133,POI
11332,,waste_basket,Point (24.9087025 60.1736377),24.9087025,60.1736377,POI
11333,,bench,Point (24.9135023 60.1725498),24.9135023,60.1725498,POI
11334,,waste_basket,Point (24.9093966 60.1733067),24.9093966,60.1733067,POI
11335,,bench,Point (24.911604 60.1726957),24.911604,60.1726957,POI
11336,,waste_basket,Point (24.9118947 60.1725639),24.9118947,60.1725639,POI
11337,,bench,Point (24.9129729 60.1722894),24.9129729,60.1722894,POI
11338,,bench,Point (24.9133448 60.1721794),24.9133448,60.1721794,POI
11339,,waste_basket,Point (24.9143857 60.1718213),24.9143857,60.1718213,POI
11340,,tourist_info,Point (24.9035677 60.2026425),24.9035677,60.2026425,POI
11341,,bench,Point (24.9090577 60.2069266),24.9090577,60.2069266,POI
11342,,waste_basket,Point (24.9096852 60.2070761),24.9096852,60.2070761,POI
11343,,bench,Point (24.909644 60.2070569),24.909644,60.2070569,POI
11344,,bench,Point (24.9078546 60.2042835),24.9078546,60.2042835,POI
11345,Kino Konepaja,cinema,Point (24.9453271 60.1938147),24.9453271,60.1938147,POI
11346,,post_box,Point (24.9051613 60.2024812),24.9051613,60.2024812,POI
11347,,toilet,Point (24.9479317 60.1926305),24.9479317,60.1926305,POI
11348,,bench,Point (24.9467574 60.1922586),24.9467574,60.1922586,POI
11349,,bench,Point (24.9468083 60.1922374),24.9468083,60.1922374,POI
11350,,bench,Point (24.9471863 60.1920787),24.9471863,60.1920787,POI
11351,,bench,Point (24.9472376 60.1920582),24.9472376,60.1920582,POI
11352,,bench,Point (24.9477407 60.1918446),24.9477407,60.1918446,POI
11353,,bench,Point (24.9477927 60.1918277),24.9477927,60.1918277,POI
11354,,bench,Point (24.9480517 60.1917158),24.9480517,60.1917158,POI
11355,,bench,Point (24.9481006 60.1916977),24.9481006,60.1916977,POI
11356,,bench,Point (24.9481448 60.1916773),24.9481448,60.1916773,POI
11357,,bench,Point (24.9485791 60.1918321),24.9485791,60.1918321,POI
11358,,bench,Point (24.9486974 60.1917851),24.9486974,60.1917851,POI
11359,,bench,Point (24.9489511 60.1916782),24.9489511,60.1916782,POI
11360,,bench,Point (24.9488277 60.1920608),24.9488277,60.1920608,POI
11361,,bench,Point (24.9488853 60.1920385),24.9488853,60.1920385,POI
11362,,bench,Point (24.9489445 60.1920143),24.9489445,60.1920143,POI
11363,,memorial,Point (24.914257 60.1743379),24.914257,60.1743379,POI
11364,,waste_basket,Point (24.973995 60.1954759),24.973995,60.1954759,POI
11365,,waste_basket,Point (24.9821416 60.1756677),24.9821416,60.1756677,POI
11366,,bench,Point (24.9831956 60.1753984),24.9831956,60.1753984,POI
11367,,bench,Point (24.9831704 60.1753761),24.9831704,60.1753761,POI
11368,,bench,Point (24.972126 60.1785639),24.972126,60.1785639,POI
11369,,bench,Point (24.9722065 60.1785902),24.9722065,60.1785902,POI
11370,,camera_surveillance,Point (24.9329448 60.1981648),24.9329448,60.1981648,POI
11371,,camera_surveillance,Point (24.9325922 60.1980829),24.9325922,60.1980829,POI
11372,,bench,Point (24.9721491 60.1786273),24.9721491,60.1786273,POI
11373,,bench,Point (24.9723515 60.1787362),24.9723515,60.1787362,POI
11374,Ajatuksen huuhtomaa,artwork,Point (24.9736454 60.1810357),24.9736454,60.1810357,POI
11375,Litistynyt Houkka,artwork,Point (24.9753969 60.1795945),24.9753969,60.1795945,POI
11376,,waste_basket,Point (24.9763847 60.1789975),24.9763847,60.1789975,POI
11377,,bench,Point (24.975041 60.1797228),24.975041,60.1797228,POI
11378,,bench,Point (24.9750689 60.1797298),24.9750689,60.1797298,POI
11379,,bench,Point (24.9751549 60.1797224),24.9751549,60.1797224,POI
11380,,bench,Point (24.9751401 60.1797439),24.9751401,60.1797439,POI
11381,,bench,Point (24.9751609 60.1797558),24.9751609,60.1797558,POI
11382,,bench,Point (24.9750452 60.1797443),24.9750452,60.1797443,POI
11383,,bench,Point (24.9750691 60.1797555),24.9750691,60.1797555,POI
11384,,bench,Point (24.9749731 60.1797557),24.9749731,60.1797557,POI
11385,,bench,Point (24.9752943 60.179757),24.9752943,60.179757,POI
11386,,bench,Point (24.975336 60.1797374),24.975336,60.1797374,POI
11387,,bench,Point (24.9753125 60.1797185),24.9753125,60.1797185,POI
11388,,bench,Point (24.9753151 60.1796739),24.9753151,60.1796739,POI
11389,,bench,Point (24.9752953 60.1796806),24.9752953,60.1796806,POI
11390,,bench,Point (24.9752963 60.1796432),24.9752963,60.1796432,POI
11391,,bench,Point (24.9752736 60.1796538),24.9752736,60.1796538,POI
11392,,bench,Point (24.9752716 60.1797043),24.9752716,60.1797043,POI
11393,,bench,Point (24.9755917 60.1796361),24.9755917,60.1796361,POI
11394,,bench,Point (24.9755959 60.1796563),24.9755959,60.1796563,POI
11395,,bench,Point (24.9756312 60.1796799),24.9756312,60.1796799,POI
11396,,bench,Point (24.9755959 60.1796949),24.9755959,60.1796949,POI
11397,,bench,Point (24.9755975 60.1797114),24.9755975,60.1797114,POI
11398,,bench,Point (24.9755854 60.1797956),24.9755854,60.1797956,POI
11399,,bench,Point (24.9756465 60.1797973),24.9756465,60.1797973,POI
11400,,bench,Point (24.9772906 60.180202),24.9772906,60.180202,POI
11401,,bench,Point (24.9771613 60.1801286),24.9771613,60.1801286,POI
11402,,bench,Point (24.9776986 60.1801168),24.9776986,60.1801168,POI
11403,,bench,Point (24.9783427 60.1815733),24.9783427,60.1815733,POI
11404,,bench,Point (24.9783825 60.1815563),24.9783825,60.1815563,POI
11405,,bench,Point (24.9784214 60.1815393),24.9784214,60.1815393,POI
11406,,bench,Point (24.9782094 60.1814801),24.9782094,60.1814801,POI
11407,,bench,Point (24.9782504 60.1814647),24.9782504,60.1814647,POI
11408,,bench,Point (24.9781777 60.1816914),24.9781777,60.1816914,POI
11409,,bench,Point (24.9782334 60.1816819),24.9782334,60.1816819,POI
11410,,bench,Point (24.9778472 60.1815996),24.9778472,60.1815996,POI
11411,,bench,Point (24.9778884 60.1815946),24.9778884,60.1815946,POI
11412,,bench,Point (24.9778798 60.1805209),24.9778798,60.1805209,POI
11413,,bench,Point (24.9779207 60.1805153),24.9779207,60.1805153,POI
11414,,bench,Point (24.9773318 60.1805764),24.9773318,60.1805764,POI
11415,,bench,Point (24.9773793 60.1805729),24.9773793,60.1805729,POI
11416,,bench,Point (24.9781007 60.1803623),24.9781007,60.1803623,POI
11417,,bench,Point (24.9764884 60.181009),24.9764884,60.181009,POI
11418,,bench,Point (24.9765151 60.1810105),24.9765151,60.1810105,POI
11419,,bench,Point (24.9765399 60.1810118),24.9765399,60.1810118,POI
11420,,bench,Point (24.9765663 60.1810107),24.9765663,60.1810107,POI
11421,,artwork,Point (24.9755681 60.1804664),24.9755681,60.1804664,POI
11422,,artwork,Point (24.9756004 60.1804985),24.9756004,60.1804985,POI
11423,,artwork,Point (24.9756328 60.1805291),24.9756328,60.1805291,POI
11424,,artwork,Point (24.9755273 60.1804252),24.9755273,60.1804252,POI
11425,,artwork,Point (24.9754949 60.1803945),24.9754949,60.1803945,POI
11426,,artwork,Point (24.9753682 60.1804685),24.9753682,60.1804685,POI
11427,,artwork,Point (24.9753358 60.1804378),24.9753358,60.1804378,POI
11428,,bicycle_rental,Point (24.9758823 60.1812722),24.9758823,60.1812722,POI
11429,,bench,Point (24.9734753 60.1807429),24.9734753,60.1807429,POI
11430,,bench,Point (24.9732899 60.1805898),24.9732899,60.1805898,POI
11431,,bench,Point (24.8906157 60.2023904),24.8906157,60.2023904,POI
11432,,bench,Point (24.8906294 60.2024121),24.8906294,60.2024121,POI
11433,,waste_basket,Point (24.8906365 60.2024291),24.8906365,60.2024291,POI
11434,,bench,Point (24.8927073 60.2027459),24.8927073,60.2027459,POI
11435,,bench,Point (24.8926078 60.202711),24.8926078,60.202711,POI
11436,,bench,Point (24.8924246 60.2026437),24.8924246,60.2026437,POI
11437,,bench,Point (24.8923865 60.2026342),24.8923865,60.2026342,POI
11438,,bench,Point (24.8923569 60.2026221),24.8923569,60.2026221,POI
11439,,bench,Point (24.8923206 60.2026113),24.8923206,60.2026113,POI
11440,,bench,Point (24.8922923 60.2026008),24.8922923,60.2026008,POI
11441,,bench,Point (24.8920387 60.2025153),24.8920387,60.2025153,POI
11442,Kaivopuiston apteekki,pharmacy,Point (24.9464381 60.1597151),24.9464381,60.1597151,POI
11443,S¨¹dtirol Caf¨¦,cafe,Point (24.9595321 60.1843967),24.9595321,60.1843967,POI
11444,Beauty Byroo by Jana Sedaja,beauty_shop,Point (24.9597303 60.1845419),24.9597303,60.1845419,POI
11445,Layers,hairdresser,Point (24.9590899 60.1840564),24.9590899,60.1840564,POI
11446,Kauneushoitola Tarja Hartikainen,beauty_shop,Point (24.9563473 60.182471),24.9563473,60.182471,POI
11447,Lia Beauty,beauty_shop,Point (24.9513796 60.1822937),24.9513796,60.1822937,POI
11448,Salon SimoNetta,hairdresser,Point (24.9512024 60.182189),24.9512024,60.182189,POI
11449,PlusTerveys Kallion Hammasl??k?riasema,dentist,Point (24.9515393 60.1820153),24.9515393,60.1820153,POI
11450,Kings Barbers Club,hairdresser,Point (24.9514891 60.1820365),24.9514891,60.1820365,POI
11451,Archetype,clothes,Point (24.9515606 60.1820732),24.9515606,60.1820732,POI
11452,Sky Beauty Mestari,beauty_shop,Point (24.9340734 60.166877),24.9340734,60.166877,POI
11453,Nymanin perint?talon muistolaatta,memorial,Point (24.9331687 60.1665512),24.9331687,60.1665512,POI
11454,Maalausbaari Studio & Bar,arts_centre,Point (24.9343993 60.1669919),24.9343993,60.1669919,POI
11455,Neo Hiushuone,hairdresser,Point (24.9339601 60.1668508),24.9339601,60.1668508,POI
11456,Lasi & Koru Studio,arts_centre,Point (24.9352683 60.1672947),24.9352683,60.1672947,POI
11457,Victoria¡¯s Cafe & Bakery,bakery,Point (24.9357966 60.1687442),24.9357966,60.1687442,POI
11458,Belixo,clothes,Point (24.935251 60.1685575),24.935251,60.1685575,POI
11459,Hair Hut,hairdresser,Point (24.9356989 60.1687205),24.9356989,60.1687205,POI
11460,Kampin Parturi H&B Grooming,hairdresser,Point (24.9358978 60.1687777),24.9358978,60.1687777,POI
11461,Karhu,shoe_shop,Point (24.9371849 60.1701993),24.9371849,60.1701993,POI
11462,Aktia,bank,Point (24.9337186 60.170569),24.9337186,60.170569,POI
11463,Parturi-kampaamo Pinpimon,hairdresser,Point (24.9512266 60.1859291),24.9512266,60.1859291,POI
11464,redukt_studio,arts_centre,Point (24.951224 60.1861543),24.951224,60.1861543,POI
11465,Manneken Peace Bar & Art,bar,Point (24.9480518 60.1884653),24.9480518,60.1884653,POI
11466,Parturi-kampaamo Cliss,hairdresser,Point (24.9473958 60.1907614),24.9473958,60.1907614,POI
11467,Salon Camu,hairdresser,Point (24.9456262 60.1910629),24.9456262,60.1910629,POI
11468,Chelsea¡¯s Lashes & Beauty,beauty_shop,Point (24.9473383 60.1907346),24.9473383,60.1907346,POI
11469,Nac Salon,beauty_shop,Point (24.9465413 60.1905156),24.9465413,60.1905156,POI
11470,Kampaamo Konttori,hairdresser,Point (24.9467349 60.1904989),24.9467349,60.1904989,POI
11471,DiDi Sokerointi,beauty_shop,Point (24.944367 60.1913954),24.944367,60.1913954,POI
11472,Lumos Helsinki,beauty_shop,Point (24.9440031 60.1912905),24.9440031,60.1912905,POI
11473,Antikvariaatti Kuuskulma,bookshop,Point (24.9437681 60.1913995),24.9437681,60.1913995,POI
11474,Burger King,fast_food,Point (24.9335889 60.1986766),24.9335889,60.1986766,POI
11475,,shelter,Point (24.9232843 60.2168575),24.9232843,60.2168575,POI
11476,,camera_surveillance,Point (24.9177086 60.2079672),24.9177086,60.2079672,POI
11477,,camera_surveillance,Point (24.9170673 60.2080244),24.9170673,60.2080244,POI
11478,,waste_basket,Point (24.9502732 60.178959),24.9502732,60.178959,POI
11479,,waste_basket,Point (24.9502579 60.1791547),24.9502579,60.1791547,POI
11480,,waste_basket,Point (24.9502366 60.1792997),24.9502366,60.1792997,POI
11481,,waste_basket,Point (24.9502319 60.1793331),24.9502319,60.1793331,POI
11482,,bench,Point (24.9502612 60.1790361),24.9502612,60.1790361,POI
11483,,waste_basket,Point (24.9319108 60.1860504),24.9319108,60.1860504,POI
11484,,bench,Point (24.9315465 60.1859878),24.9315465,60.1859878,POI
11485,,bench,Point (24.9318434 60.1860226),24.9318434,60.1860226,POI
11486,,waste_basket,Point (24.9315133 60.185979),24.9315133,60.185979,POI
11487,,bench,Point (24.9313572 60.1859414),24.9313572,60.1859414,POI
11488,,waste_basket,Point (24.9313941 60.1859481),24.9313941,60.1859481,POI
11489,,bench,Point (24.9315629 60.1856508),24.9315629,60.1856508,POI
11490,,bench,Point (24.9314797 60.1859715),24.9314797,60.1859715,POI
11491,,waste_basket,Point (24.9315435 60.1856573),24.9315435,60.1856573,POI
11492,,bench,Point (24.9316971 60.185993),24.9316971,60.185993,POI
11493,Bunthan's food,restaurant,Point (24.9721473 60.1792177),24.9721473,60.1792177,POI
11494,,bench,Point (24.9080675 60.1580662),24.9080675,60.1580662,POI
11495,,bench,Point (24.9079808 60.1580301),24.9079808,60.1580301,POI
11496,,bench,Point (24.9078773 60.158002),24.9078773,60.158002,POI
11497,,bench,Point (24.9077676 60.1579813),24.9077676,60.1579813,POI
11498,,bench,Point (24.9076517 60.1579663),24.9076517,60.1579663,POI
11499,,bench,Point (24.9075278 60.1579676),24.9075278,60.1579676,POI
11500,,bench,Point (24.9072615 60.1580086),24.9072615,60.1580086,POI
11501,,bench,Point (24.907173 60.1580332),24.907173,60.1580332,POI
11502,,bench,Point (24.9070854 60.1580698),24.9070854,60.1580698,POI
11503,,bench,Point (24.9070137 60.1580433),24.9070137,60.1580433,POI
11504,,bench,Point (24.9071193 60.1579985),24.9071193,60.1579985,POI
11505,,bench,Point (24.907227 60.1579654),24.907227,60.1579654,POI
11506,Helsingin Py?r?paja,bicycle_shop,Point (24.8978559 60.2122175),24.8978559,60.2122175,POI
11507,,bench,Point (24.8819971 60.1913602),24.8819971,60.1913602,POI
11508,,bench,Point (24.881968 60.1913844),24.881968,60.1913844,POI
11509,,bench,Point (24.9545231 60.158227),24.9545231,60.158227,POI
11510,,bench,Point (24.9543583 60.1575813),24.9543583,60.1575813,POI
11511,,bench,Point (24.9542813 60.1581425),24.9542813,60.1581425,POI
11512,,bench,Point (24.9546364 60.1576865),24.9546364,60.1576865,POI
11513,,bench,Point (24.9555228 60.1548279),24.9555228,60.1548279,POI
11514,,bench,Point (24.955438 60.1547983),24.955438,60.1547983,POI
11515,Piccola la Bella Trattoria,restaurant,Point (24.9842345 60.1888449),24.9842345,60.1888449,POI
11516,Asemapuistot 150 vuotta,memorial,Point (24.8930435 60.2179305),24.8930435,60.2179305,POI
11517,Ravintola Hunger,restaurant,Point (24.9579261 60.1892247),24.9579261,60.1892247,POI
11518,Solo Sokos Hotel Pier 4,hotel,Point (24.9618253 60.1658414),24.9618253,60.1658414,POI
11519,Kupoli,bar,Point (24.939979 60.1693532),24.939979,60.1693532,POI
11520,,bench,Point (24.9520818 60.1776079),24.9520818,60.1776079,POI
11521,Laivakoira,restaurant,Point (24.936041 60.1577198),24.936041,60.1577198,POI
11522,Cafeteria B?le,cafe,Point (24.9170772 60.2042661),24.9170772,60.2042661,POI
11523,The Train Factory,community_centre,Point (24.9489747 60.1910283),24.9489747,60.1910283,POI
11524,,tourist_info,Point (24.9784959 60.1847261),24.9784959,60.1847261,POI
11525,,tourist_info,Point (24.9784851 60.1847411),24.9784851,60.1847411,POI
11526,,bench,Point (24.9768454 60.1845574),24.9768454,60.1845574,POI
11527,,waste_basket,Point (24.91878 60.1615424),24.91878,60.1615424,POI
11528,,waste_basket,Point (24.9176833 60.1615208),24.9176833,60.1615208,POI
11529,,waste_basket,Point (24.9181532 60.1609415),24.9181532,60.1609415,POI
11530,Uyghur Noodle House,restaurant,Point (24.949821 60.1817835),24.949821,60.1817835,POI
11531,Tervavene,attraction,Point (24.8856117 60.1851973),24.8856117,60.1851973,POI
11532,Paperikauppa Putinki Hakaniemi,stationery,Point (24.9499121 60.1806204),24.9499121,60.1806204,POI
11533,Mini ja Mamma,clothes,Point (24.8923032 60.1611009),24.8923032,60.1611009,POI
11534,,bench,Point (24.9548177 60.1866212),24.9548177,60.1866212,POI
11535,,bench,Point (24.9545771 60.1866113),24.9545771,60.1866113,POI
11536,T??l?n uimahalli,sports_centre,Point (24.9115754 60.1900817),24.9115754,60.1900817,POI
11537,,bench,Point (24.914387 60.1805797),24.914387,60.1805797,POI
11538,,bench,Point (24.9144048 60.180623),24.9144048,60.180623,POI
11539,Cafe Venetsia,cafe,Point (24.9824676 60.1899151),24.9824676,60.1899151,POI
11540,,bench,Point (24.9040385 60.189059),24.9040385,60.189059,POI
11541,,bench,Point (24.9039898 60.1890463),24.9039898,60.1890463,POI
11542,,bench,Point (24.9043827 60.1891504),24.9043827,60.1891504,POI
11543,,bench,Point (24.9044218 60.1891598),24.9044218,60.1891598,POI
11544,,bench,Point (24.9045743 60.1891992),24.9045743,60.1891992,POI
11545,,waste_basket,Point (24.9046006 60.1892027),24.9046006,60.1892027,POI
11546,,waste_basket,Point (24.9041339 60.1890829),24.9041339,60.1890829,POI
11547,Bouchon Car¨ºme,restaurant,Point (24.946074 60.1690547),24.946074,60.1690547,POI
11548,,fountain,Point (24.939375 60.1890303),24.939375,60.1890303,POI
11549,Glohair Kamppi,hairdresser,Point (24.9384954 60.1680812),24.9384954,60.1680812,POI
11550,,toilet,Point (24.9306528 60.1694513),24.9306528,60.1694513,POI
11551,P?iv?koti Fredriksberg,kindergarten,Point (24.9501567 60.1917437),24.9501567,60.1917437,POI
11552,Vallilan Uusi Apteekki,pharmacy,Point (24.9468044 60.1930848),24.9468044,60.1930848,POI
11553,Solmu Brewery,pub,Point (24.8862564 60.1509909),24.8862564,60.1509909,POI
11554,,waste_basket,Point (24.96297 60.1867818),24.96297,60.1867818,POI
11555,,waste_basket,Point (24.9630402 60.1871389),24.9630402,60.1871389,POI
11556,,waste_basket,Point (24.963314 60.1871712),24.963314,60.1871712,POI
11557,,waste_basket,Point (24.9633878 60.1869957),24.9633878,60.1869957,POI
11558,,waste_basket,Point (24.9634569 60.1870338),24.9634569,60.1870338,POI
11559,,waste_basket,Point (24.9636487 60.1868896),24.9636487,60.1868896,POI
11560,,waste_basket,Point (24.9635924 60.1867825),24.9635924,60.1867825,POI
11561,,waste_basket,Point (24.9638955 60.1867998),24.9638955,60.1867998,POI
11562,,waste_basket,Point (24.9641959 60.1867122),24.9641959,60.1867122,POI
11563,,waste_basket,Point (24.9641269 60.1865423),24.9641269,60.1865423,POI
11564,,waste_basket,Point (24.9639711 60.186439),24.9639711,60.186439,POI
11565,,waste_basket,Point (24.9647489 60.1864968),24.9647489,60.1864968,POI
11566,,waste_basket,Point (24.9650188 60.1866894),24.9650188,60.1866894,POI
11567,,waste_basket,Point (24.9656578 60.1864538),24.9656578,60.1864538,POI
11568,,waste_basket,Point (24.9639465 60.1858709),24.9639465,60.1858709,POI
11569,,waste_basket,Point (24.9636187 60.1858315),24.9636187,60.1858315,POI
11570,,waste_basket,Point (24.9641189 60.1862524),24.9641189,60.1862524,POI
11571,,waste_basket,Point (24.9641673 60.1861115),24.9641673,60.1861115,POI
11572,,waste_basket,Point (24.963049 60.1873315),24.963049,60.1873315,POI
11573,,waste_basket,Point (24.9630012 60.1873216),24.9630012,60.1873216,POI
11574,,waste_basket,Point (24.9629835 60.1873421),24.9629835,60.1873421,POI
11575,,waste_basket,Point (24.9644222 60.1869008),24.9644222,60.1869008,POI
11576,Barbers & Beer Company,hairdresser,Point (24.9480983 60.1842327),24.9480983,60.1842327,POI
11577,,embassy,Point (24.9388835 60.1628051),24.9388835,60.1628051,POI
11578,Pretty Boy Wingery,restaurant,Point (24.930803 60.167337),24.930803,60.167337,POI
11579,Vallilan Heili,hairdresser,Point (24.9557593 60.1947969),24.9557593,60.1947969,POI
11580,Miela,clothes,Point (24.9457638 60.1692826),24.9457638,60.1692826,POI
11581,Pirunsaari Ravintola,restaurant,Point (24.9716447 60.1787218),24.9716447,60.1787218,POI
11582,K1,museum,Point (24.9461809 60.1682521),24.9461809,60.1682521,POI
11583,The Butter Boys,restaurant,Point (24.9788258 60.1816145),24.9788258,60.1816145,POI
11584,??nen Lumo - Sonic Arts Event Space,community_centre,Point (24.9507868 60.1958085),24.9507868,60.1958085,POI
11585,,bench,Point (24.935098 60.1694674),24.935098,60.1694674,POI
11586,K?pyl?n krouvi,pub,Point (24.9466715 60.2092106),24.9466715,60.2092106,POI
11587,Terveystalo,clinic,Point (24.9340381 60.1987552),24.9340381,60.1987552,POI
11588,Kultajousi,jeweller,Point (24.930923 60.1987623),24.930923,60.1987623,POI
11589,Valtimon teatteri,theatre,Point (24.9551839 60.1889187),24.9551839,60.1889187,POI
11590,Seksico Tacos & Cocktails,fast_food,Point (24.9500239 60.1822581),24.9500239,60.1822581,POI
11591,Cafe Ava,cafe,Point (24.9483303 60.18442),24.9483303,60.18442,POI
11592,Chameleon Vintage,clothes,Point (24.9463345 60.1636178),24.9463345,60.1636178,POI
11593,Padre,restaurant,Point (24.9498111 60.1820564),24.9498111,60.1820564,POI
11594,KAJO Kauneushuone,beauty_shop,Point (24.9474211 60.1627541),24.9474211,60.1627541,POI
11595,Pho Viet Khang,restaurant,Point (24.9601413 60.1872068),24.9601413,60.1872068,POI
11596,Chaphu Thai Kitchen,restaurant,Point (24.907382 60.1548881),24.907382,60.1548881,POI
11597,Dylan Luft,restaurant,Point (24.9191625 60.2074636),24.9191625,60.2074636,POI
11598,Ravintola Santpauli,restaurant,Point (24.941687 60.1581632),24.941687,60.1581632,POI
11599,Kohtaus Vallila,community_centre,Point (24.9640502 60.1919201),24.9640502,60.1919201,POI
11600,Ihana Sushi,restaurant,Point (24.9548515 60.191389),24.9548515,60.191389,POI
11601,Ravintola Tandoori Cuisine,restaurant,Point (24.9475613 60.195508),24.9475613,60.195508,POI
11602,Ammattiopisto Luovi,school,Point (24.9474729 60.1955246),24.9474729,60.1955246,POI
11603,COS,clothes,Point (24.9463599 60.1690113),24.9463599,60.1690113,POI
11604,Alpa,clothes,Point (24.9495683 60.1688679),24.9495683,60.1688679,POI
11605,Muusa,hairdresser,Point (24.9386914 60.1606137),24.9386914,60.1606137,POI
11606,Lie Mi,restaurant,Point (24.9346401 60.1636522),24.9346401,60.1636522,POI
11607,,camera_surveillance,Point (24.88005 60.2066298),24.88005,60.2066298,POI
11608,Men Style,hairdresser,Point (24.889147 60.2101816),24.889147,60.2101816,POI
11609,,waste_basket,Point (24.8890896 60.2101464),24.8890896,60.2101464,POI
11610,,waste_basket,Point (24.8890208 60.2102232),24.8890208,60.2102232,POI
11611,Ottee,clothes,Point (24.9281267 60.1651292),24.9281267,60.1651292,POI
11612,,bench,Point (24.968521 60.1985895),24.968521,60.1985895,POI
11613,,waste_basket,Point (24.9685075 60.1985734),24.9685075,60.1985734,POI
11614,,waste_basket,Point (24.968794 60.1983744),24.968794,60.1983744,POI
11615,Rikiyaki,restaurant,Point (24.9499476 60.1814371),24.9499476,60.1814371,POI
11616,Klandestina,restaurant,Point (24.9499466 60.1814739),24.9499466,60.1814739,POI
11617,Citybox Helsinki,hotel,Point (24.9504279 60.181777),24.9504279,60.181777,POI
11618,32 Rock Bar,pub,Point (24.9560556 60.1946742),24.9560556,60.1946742,POI
11619,Uuno Kallio,restaurant,Point (24.9453496 60.1843553),24.9453496,60.1843553,POI
11620,Suomen Diakoniaopisto Sturenkadun kampus,school,Point (24.9541354 60.1927279),24.9541354,60.1927279,POI
11621,Retro Enoteca,restaurant,Point (24.9472405 60.1719813),24.9472405,60.1719813,POI
11622,FLQ,restaurant,Point (24.9467305 60.1714767),24.9467305,60.1714767,POI
11623,Dos Tecolotes,convenience,Point (24.9518128 60.1807452),24.9518128,60.1807452,POI
11624,Dylan La Ilma,restaurant,Point (24.9166674 60.2079809),24.9166674,60.2079809,POI
11625,Hansa Caf¨¦ Bar & Brasserie,restaurant,Point (24.9402071 60.1694771),24.9402071,60.1694771,POI
11626,t?po,bar,Point (24.9609858 60.1840922),24.9609858,60.1840922,POI
11627,P?iv?koti Lepp?suo,kindergarten,Point (24.9224 60.1701707),24.9224,60.1701707,POI
11628,,bench,Point (24.8811994 60.1879951),24.8811994,60.1879951,POI
11629,,bench,Point (24.8811515 60.1880114),24.8811515,60.1880114,POI
11630,,bench,Point (24.8811106 60.1879887),24.8811106,60.1879887,POI
11631,,bench,Point (24.8811573 60.1879736),24.8811573,60.1879736,POI
11632,,artwork,Point (24.8811025 60.1880172),24.8811025,60.1880172,POI
11633,,bench,Point (24.8809539 60.1880486),24.8809539,60.1880486,POI
11634,,bench,Point (24.8811132 60.1880833),24.8811132,60.1880833,POI
11635,Daghemmet Sockenstugan,kindergarten,Point (24.8721901 60.2131347),24.8721901,60.2131347,POI
11636,P?iv?koti Kutomo,kindergarten,Point (24.8732583 60.2133417),24.8732583,60.2133417,POI
11637,,viewpoint,Point (24.8809196 60.179614),24.8809196,60.179614,POI
11638,,viewpoint,Point (24.8879858 60.1763742),24.8879858,60.1763742,POI
11639,,bench,Point (24.9532233 60.1815003),24.9532233,60.1815003,POI
11640,Studio Calle,hairdresser,Point (24.953088 60.1812069),24.953088,60.1812069,POI
11641,,beauty_shop,Point (24.952592 60.1812198),24.952592,60.1812198,POI
11642,,hairdresser,Point (24.9525106 60.181255),24.9525106,60.181255,POI
11643,,hairdresser,Point (24.9524182 60.1812933),24.9524182,60.1812933,POI
11644,S?ndag,beauty_shop,Point (24.9518208 60.1815369),24.9518208,60.1815369,POI
11645,Inspire Nail Studio,beauty_shop,Point (24.9516649 60.181592),24.9516649,60.181592,POI
11646,Wave Kauneuskeskus,beauty_shop,Point (24.9515742 60.1816267),24.9515742,60.1816267,POI
11647,,bench,Point (24.9810844 60.215714),24.9810844,60.215714,POI
11648,Kahvila Nuotta,cafe,Point (24.9765093 60.1888294),24.9765093,60.1888294,POI
11649,K?mp Wellness,beauty_shop,Point (24.9472905 60.1681548),24.9472905,60.1681548,POI
11650,Women & Children,fountain,Point (24.9363247 60.1719944),24.9363247,60.1719944,POI
11651,Women & Children,artwork,Point (24.9363247 60.1719944),24.9363247,60.1719944,POI
11652,Vitaalit Klinikka,clinic,Point (24.8732554 60.1609766),24.8732554,60.1609766,POI
11653,,waste_basket,Point (24.9076158 60.2023992),24.9076158,60.2023992,POI
11654,,waste_basket,Point (24.9075742 60.202445),24.9075742,60.202445,POI
11655,Softtrend,furniture_shop,Point (24.9370823 60.1669041),24.9370823,60.1669041,POI
11656,Ravintola Merihaka,restaurant,Point (24.9610528 60.1797376),24.9610528,60.1797376,POI
11657,Ajatuksen lento,fountain,Point (24.9363675 60.2006873),24.9363675,60.2006873,POI
11658,Ajatuksen lento,artwork,Point (24.9363675 60.2006873),24.9363675,60.2006873,POI
11659,Subway,fast_food,Point (24.946986 60.1930303),24.946986,60.1930303,POI
11660,Subway,fast_food,Point (24.9611523 60.1871625),24.9611523,60.1871625,POI
11661,Heritage Cafe,cafe,Point (24.932191 60.167926),24.932191,60.167926,POI
11662,Filippiinien suurl?hetyst?,embassy,Point (24.9506363 60.168486),24.9506363,60.168486,POI
11663,Gastro Hub,restaurant,Point (24.9508339 60.1684372),24.9508339,60.1684372,POI
11664,Naildealer / Kynsibaari,beauty_shop,Point (24.9605658 60.185277),24.9605658,60.185277,POI
11665,Dubrovnik,bar,Point (24.9456488 60.1940257),24.9456488,60.1940257,POI
11666,bookm-ark.fi,bookshop,Point (24.8810437 60.1965317),24.8810437,60.1965317,POI
11667,"Giant Big, Me Ideal",artwork,Point (24.9450811 60.1660331),24.9450811,60.1660331,POI
11668,,bench,Point (24.8975642 60.1916173),24.8975642,60.1916173,POI
11669,,bench,Point (24.8982756 60.1912547),24.8982756,60.1912547,POI
11670,,shelter,Point (24.9243743 60.2171064),24.9243743,60.2171064,POI
11671,Starbucks,cafe,Point (24.9410313 60.1710948),24.9410313,60.1710948,POI
11672,Relay Kukka,florist,Point (24.9421887 60.1712055),24.9421887,60.1712055,POI
11673,,recycling_clothes,Point (24.8991806 60.2123494),24.8991806,60.2123494,POI
11674,,waste_basket,Point (24.9143647 60.1618284),24.9143647,60.1618284,POI
11675,,waste_basket,Point (24.9140985 60.1617804),24.9140985,60.1617804,POI
11676,Belmont,restaurant,Point (24.9545959 60.1789014),24.9545959,60.1789014,POI
11677,Pups 'n Pets,veterinary,Point (24.976096 60.1825551),24.976096,60.1825551,POI
11678,,bench,Point (24.9554903 60.1854969),24.9554903,60.1854969,POI
11679,,bench,Point (24.9555147 60.1855158),24.9555147,60.1855158,POI
11680,,bench,Point (24.955477 60.1856842),24.955477,60.1856842,POI
11681,,bench,Point (24.9553469 60.1856928),24.9553469,60.1856928,POI
11682,Mutta min? l?hden,artwork,Point (24.9557117 60.1859775),24.9557117,60.1859775,POI
11683,,bench,Point (24.9528389 60.1946227),24.9528389,60.1946227,POI
11684,,bench,Point (24.9528908 60.1946263),24.9528908,60.1946263,POI
11685,,waste_basket,Point (24.9527217 60.1945641),24.9527217,60.1945641,POI
11686,,bench,Point (24.9523699 60.1948439),24.9523699,60.1948439,POI
11687,,bench,Point (24.9523136 60.1948738),24.9523136,60.1948738,POI
11688,,waste_basket,Point (24.951917 60.1947576),24.951917,60.1947576,POI
11689,Konepajan lukio,school,Point (24.9476255 60.1949733),24.9476255,60.1949733,POI
11690,Hoochie Mama Jane,clothes,Point (24.9527327 60.1843363),24.9527327,60.1843363,POI
11691,Papaja,jeweller,Point (24.9523947 60.184335),24.9523947,60.184335,POI
11692,Raka's kotileipomo Vallila,bakery,Point (24.9470971 60.197674),24.9470971,60.197674,POI
11693,Joe & The Juice,cafe,Point (24.9334872 60.1693129),24.9334872,60.1693129,POI
11694,Fazer Caf¨¦ Vallila,cafe,Point (24.9557323 60.189587),24.9557323,60.189587,POI
11695,Robert¡¯s Coffee Espressobaari,cafe,Point (24.9417927 60.168651),24.9417927,60.168651,POI
11696,Ambient Bar,bar,Point (24.9747194 60.2076334),24.9747194,60.2076334,POI
11697,,bench,Point (24.9535177 60.1553642),24.9535177,60.1553642,POI
11698,,bench,Point (24.9535724 60.155388),24.9535724,60.155388,POI
11699,Mashiro,restaurant,Point (24.9192401 60.1730093),24.9192401,60.1730093,POI
11700,iizip & BBQ Korean Restaurant,restaurant,Point (24.9246447 60.1830388),24.9246447,60.1830388,POI
11701,QiTea,cafe,Point (24.9481288 60.1695646),24.9481288,60.1695646,POI
11702,JK Shop,convenience,Point (24.9531901 60.1799597),24.9531901,60.1799597,POI
11703,Hachi Tea,cafe,Point (24.9471792 60.1715677),24.9471792,60.1715677,POI
11704,The Avocado Cafeteria,cafe,Point (24.930763 60.1988251),24.930763,60.1988251,POI
11705,Boba Bao,cafe,Point (24.9358182 60.1687567),24.9358182,60.1687567,POI
11706,JK Shop,convenience,Point (24.9348167 60.1691235),24.9348167,60.1691235,POI
11707,Daebak,cafe,Point (24.9391276 60.1599236),24.9391276,60.1599236,POI
11708,Breaking Bread,restaurant,Point (24.9573342 60.1841035),24.9573342,60.1841035,POI
11709,Gateau,cafe,Point (24.9331814 60.1693339),24.9331814,60.1693339,POI
11710,Onigiri Musubi,restaurant,Point (24.9413428 60.160529),24.9413428,60.160529,POI
11711,Ch¨¦ri Chou,cafe,Point (24.9412302 60.1689592),24.9412302,60.1689592,POI
11712,Pienihiuspiste,hairdresser,Point (24.9359374 60.1580001),24.9359374,60.1580001,POI
11713,Saint Chihuahua,restaurant,Point (24.9353918 60.1579154),24.9353918,60.1579154,POI
11714,Villa Nepal,restaurant,Point (24.9335321 60.1692297),24.9335321,60.1692297,POI
11715,Crazy Bing,restaurant,Point (24.9794685 60.1878361),24.9794685,60.1878361,POI
11716,Munkkivuoren Puutarhakeidas,florist,Point (24.8739494 60.2036911),24.8739494,60.2036911,POI
11717,Humu'z & D?ners,restaurant,Point (24.9307272 60.1982524),24.9307272,60.1982524,POI
11718,Gateau,cafe,Point (24.9792476 60.1873832),24.9792476,60.1873832,POI
11719,Rice Story,restaurant,Point (24.9421379 60.1850611),24.9421379,60.1850611,POI
11720,Eat Pok¨¦,restaurant,Point (24.9335448 60.1692016),24.9335448,60.1692016,POI
11721,Burger Company,fast_food,Point (24.933416 60.169236),24.933416,60.169236,POI
11722,Singapore Hot Wok,fast_food,Point (24.933445 60.1692193),24.933445,60.1692193,POI
11723,,toilet,Point (24.9336069 60.1691278),24.9336069,60.1691278,POI
11724,Crazy Bing,restaurant,Point (24.929701 60.1987524),24.929701,60.1987524,POI
11725,Ahaan Tam Sang,restaurant,Point (24.9382105 60.1693534),24.9382105,60.1693534,POI
11726,Leipomo Juuri,bakery,Point (24.967784 60.2029522),24.967784,60.2029522,POI
11727,Kotomart,convenience,Point (24.8972685 60.2032978),24.8972685,60.2032978,POI
11728,KotiHammas Munkkiniemi,dentist,Point (24.8838722 60.1977303),24.8838722,60.1977303,POI
11729,,tourist_info,Point (24.9759561 60.188541),24.9759561,60.188541,POI
11730,,tourist_info,Point (24.9758638 60.1885642),24.9758638,60.1885642,POI
11731,,tourist_info,Point (24.975753 60.1886151),24.975753,60.1886151,POI
11732,,tourist_info,Point (24.9761734 60.1889163),24.9761734,60.1889163,POI
11733,Luigi Pizzeria,restaurant,Point (24.9499011 60.1806975),24.9499011,60.1806975,POI
11734,,waste_basket,Point (24.9431478 60.1993204),24.9431478,60.1993204,POI
11735,Il Becco Lippakioski,kiosk,Point (24.9621621 60.1680045),24.9621621,60.1680045,POI
11736,Solo Mondo,hairdresser,Point (24.8957149 60.2036427),24.8957149,60.2036427,POI
11737,Evar parturi,hairdresser,Point (24.8952813 60.2035324),24.8952813,60.2035324,POI
